image_name,cytoplasm_area,polar_body_area,polar_present,polar_ratio,zona_area,zona_ratio,total_area,circularity,label
0013e016-ovo_55_t16.png,44158,0,0,0.0,33839,0.7663164092576656,77997,0.876296704993907,0
0013e016-ovo_55_t16_aug_0.png,44157,0,0,0.0,33831,0.7661525918880359,77988,0.755866974114267,0
0013e016-ovo_55_t16_aug_1.png,44165,0,0,0.0,33827,0.7659232423865051,77992,0.8207057043901509,0
0013e016-ovo_55_t16_aug_2.png,44158,0,0,0.0,33840,0.7663390552108338,77998,0.8126458997339159,0
006083a8-eovo_252_t1.png,97701,0,0,0.0,113191,1.1585449483628625,210892,0.8720493841805195,0
006083a8-eovo_252_t1_aug_0.png,97706,0,0,0.0,113188,1.1584549567068552,210894,0.8224509507310246,0
006083a8-eovo_252_t1_aug_1.png,97699,0,0,0.0,113196,1.1586198425777132,210895,0.7877033632182798,0
006083a8-eovo_252_t1_aug_2.png,97701,0,0,0.0,113191,1.1585449483628625,210892,0.8720493841805195,0
0096d2c0-ovo_04_t231.png,46362,0,0,0.0,33903,0.7312669858936198,80265,0.8677823186576277,0
0096d2c0-ovo_04_t231_aug_0.png,46362,0,0,0.0,33903,0.7312669858936198,80265,0.8677823186576277,0
0096d2c0-ovo_04_t231_aug_1.png,46356,0,0,0.0,33918,0.7316852187419104,80274,0.7691757589963255,0
0096d2c0-ovo_04_t231_aug_2.png,46362,0,0,0.0,33903,0.7312669858936198,80265,0.8677823186576277,0
00d2826d-eovo_33_t1.png,0,0,0,0.0,214484,0.0,214484,0.8543746196985393,0
00d2826d-eovo_33_t1_aug_0.png,0,0,0,0.0,214484,0.0,214484,0.8543746196985393,0
00d2826d-eovo_33_t1_aug_1.png,0,0,0,0.0,214484,0.0,214484,0.8543746196985393,0
00d2826d-eovo_33_t1_aug_2.png,0,0,0,0.0,214488,0.0,214488,0.7689660714199814,0
00e841ce-ovo_47_t231.png,42940,0,0,0.0,43930,1.0230554261760596,86870,0.879139296302131,0
00e841ce-ovo_47_t231_aug_0.png,42940,0,0,0.0,43930,1.0230554261760596,86870,0.879139296302131,0
00e841ce-ovo_47_t231_aug_1.png,42940,0,0,0.0,43930,1.0230554261760596,86870,0.879139296302131,0
00e841ce-ovo_47_t231_aug_2.png,42940,0,0,0.0,43930,1.0230554261760596,86870,0.879139296302131,0
017e0b07-eovo_324_t1.png,94586,0,0,0.0,141065,1.4913940752331212,235651,0.8566988804244565,0
017e0b07-eovo_324_t1_aug_0.png,94586,0,0,0.0,141068,1.4914257924005667,235654,0.773952867371387,0
017e0b07-eovo_324_t1_aug_1.png,94586,0,0,0.0,141065,1.4913940752331212,235651,0.8566988804244565,0
017e0b07-eovo_324_t1_aug_2.png,94586,0,0,0.0,141065,1.4913940752331212,235651,0.8566988804244565,0
0187cfe9-eovo_39_t1.png,0,0,0,0.0,194872,0.0,194872,0.848613905008345,0
0187cfe9-eovo_39_t1_aug_0.png,0,0,0,0.0,194872,0.0,194872,0.848613905008345,0
0187cfe9-eovo_39_t1_aug_1.png,0,0,0,0.0,194873,0.0,194873,0.846615393649421,0
0187cfe9-eovo_39_t1_aug_2.png,0,0,0,0.0,194872,0.0,194872,0.848613905008345,0
0197f9d0-ovo_55_t261.png,45389,0,0,0.0,34100,0.751283350591553,79489,0.8836295565311998,0
0197f9d0-ovo_55_t261_aug_0.png,45383,0,0,0.0,34104,0.751470815062909,79487,0.8077243763060246,0
0197f9d0-ovo_55_t261_aug_1.png,45389,0,0,0.0,34100,0.751283350591553,79489,0.8836295565311998,0
0197f9d0-ovo_55_t261_aug_2.png,45389,0,0,0.0,34100,0.751283350591553,79489,0.8836295565311998,0
01989a13-ovo_50_t291.png,46664,0,0,0.0,64887,1.3905151722955598,111551,0.8772103577706101,0
01989a13-ovo_50_t291_aug_0.png,46664,0,0,0.0,64887,1.3905151722955598,111551,0.8772103577706101,0
01989a13-ovo_50_t291_aug_1.png,46666,0,0,0.0,64885,1.390412720181717,111551,0.8143694008670354,0
01989a13-ovo_50_t291_aug_2.png,46664,0,0,0.0,64887,1.3905151722955598,111551,0.8772103577706101,0
0257f921-ovo_22_t196.png,43791,0,0,0.0,43498,0.9933091274462788,87289,0.8774040280432794,0
0257f921-ovo_22_t196_aug_0.png,43791,0,0,0.0,43498,0.9933091274462788,87289,0.8774040280432794,0
0257f921-ovo_22_t196_aug_1.png,43791,0,0,0.0,43498,0.9933091274462788,87289,0.8774040280432794,0
0257f921-ovo_22_t196_aug_2.png,43790,0,0,0.0,43502,0.9934231559716832,87292,0.7500306909847995,0
0329a8b5-eovo_53_t1.png,85552,3292,1,0.0384795212268561,110226,1.288409388442117,199070,0.867621362252865,1
0329a8b5-eovo_53_t1_aug_0.png,85552,3292,1,0.0384795212268561,110226,1.288409388442117,199070,0.867621362252865,1
0329a8b5-eovo_53_t1_aug_1.png,85552,3292,1,0.0384795212268561,110226,1.288409388442117,199070,0.867621362252865,1
0329a8b5-eovo_53_t1_aug_2.png,85552,3292,1,0.0384795212268561,110226,1.288409388442117,199070,0.867621362252865,1
0404c227-eovo_414_t1.png,84840,0,0,0.0,105295,1.241100895803866,190135,0.8740124793479458,0
0404c227-eovo_414_t1_aug_0.png,84837,0,0,0.0,105306,1.241274443933661,190143,0.764893621162452,0
0404c227-eovo_414_t1_aug_1.png,84850,0,0,0.0,105289,1.2408839127872715,190139,0.7588424086167505,0
0404c227-eovo_414_t1_aug_2.png,84840,0,0,0.0,105295,1.241100895803866,190135,0.8740124793479458,0
040dfa1f-eovo_265_t1.png,113830,0,0,0.0,112096,0.9847667574453132,225926,0.8675221601647068,0
040dfa1f-eovo_265_t1_aug_0.png,113830,0,0,0.0,112096,0.9847667574453132,225926,0.8675221601647068,0
040dfa1f-eovo_265_t1_aug_1.png,113830,0,0,0.0,112096,0.9847667574453132,225926,0.8675221601647068,0
040dfa1f-eovo_265_t1_aug_2.png,113826,0,0,0.0,112102,0.9848540755187742,225928,0.833083827731855,0
047163ba-ovo_29_t81.png,41451,0,0,0.0,30875,0.7448553714023787,72326,0.8905516453599007,0
047163ba-ovo_29_t81_aug_0.png,41451,0,0,0.0,30875,0.7448553714023787,72326,0.8874336323802972,0
047163ba-ovo_29_t81_aug_1.png,41450,0,0,0.0,30880,0.7449939686369119,72330,0.8479138392721648,0
047163ba-ovo_29_t81_aug_2.png,41451,0,0,0.0,30875,0.7448553714023787,72326,0.8905516453599007,0
04d27599-ovo_39_t6.png,41496,0,0,0.0,39302,0.9471274339695392,80798,0.8808951219147019,0
04d27599-ovo_39_t6_aug_0.png,41496,0,0,0.0,39302,0.9471274339695392,80798,0.8808951219147019,0
04d27599-ovo_39_t6_aug_1.png,41502,0,0,0.0,39291,0.9467254590140234,80793,0.8029997450423425,0
04d27599-ovo_39_t6_aug_2.png,41496,0,0,0.0,39302,0.9471274339695392,80798,0.8808951219147019,0
0579a6be-eovo_301_t1.png,91356,0,0,0.0,111311,1.2184311922588555,202667,0.8535384776635931,0
0579a6be-eovo_301_t1_aug_0.png,91321,0,0,0.0,111315,1.2189419739161858,202636,0.7543311384421277,0
0579a6be-eovo_301_t1_aug_1.png,91356,0,0,0.0,111311,1.2184311922588555,202667,0.8535384776635931,0
0579a6be-eovo_301_t1_aug_2.png,91339,0,0,0.0,111308,1.2186251217990125,202647,0.7594122590226949,0
058bb2bc-ovo_25_t71.png,44712,0,0,0.0,44466,0.9944981213097156,89178,0.8850354551379266,0
058bb2bc-ovo_25_t71_aug_0.png,44709,0,0,0.0,44470,0.994654320159252,89179,0.8175858640947876,0
058bb2bc-ovo_25_t71_aug_1.png,44712,0,0,0.0,44466,0.9944981213097156,89178,0.8850354551379266,0
058bb2bc-ovo_25_t71_aug_2.png,44712,0,0,0.0,44466,0.9944981213097156,89178,0.8850354551379266,0
06240844-ovo_55_t186.png,44961,0,0,0.0,35287,0.7848357465358866,80248,0.8731513632242354,0
06240844-ovo_55_t186_aug_0.png,44961,0,0,0.0,35287,0.7848357465358866,80248,0.8731513632242354,0
06240844-ovo_55_t186_aug_1.png,44964,0,0,0.0,35284,0.7847166622186639,80248,0.7689251134297123,0
06240844-ovo_55_t186_aug_2.png,44955,0,0,0.0,35282,0.7848292737181626,80237,0.7915567922408298,0
0641f274-ovo_47_t116.png,39307,0,0,0.0,44790,1.1394916935914725,84097,0.8747227231055066,0
0641f274-ovo_47_t116_aug_0.png,39307,0,0,0.0,44790,1.1394916935914725,84097,0.8747227231055066,0
0641f274-ovo_47_t116_aug_1.png,39307,0,0,0.0,44790,1.1394916935914725,84097,0.8747227231055066,0
0641f274-ovo_47_t116_aug_2.png,39307,0,0,0.0,44790,1.1394916935914725,84097,0.8747227231055066,0
06841d9e-eovo_232_t1.png,0,0,0,0.0,190285,0.0,190285,0.8727246592773599,0
06841d9e-eovo_232_t1_aug_0.png,0,0,0,0.0,190285,0.0,190285,0.8727246592773599,0
06841d9e-eovo_232_t1_aug_1.png,0,0,0,0.0,190288,0.0,190288,0.8160286906322445,0
06841d9e-eovo_232_t1_aug_2.png,0,0,0,0.0,190285,0.0,190285,0.8727246592773599,0
06865ecf-ovo_21_t181.png,44779,0,0,0.0,37507,0.8376024475758727,82286,0.8705422390151978,0
06865ecf-ovo_21_t181_aug_0.png,44781,0,0,0.0,37491,0.8372077443558652,82272,0.7692146885547674,0
06865ecf-ovo_21_t181_aug_1.png,44779,0,0,0.0,37507,0.8376024475758727,82286,0.8705422390151978,0
06865ecf-ovo_21_t181_aug_2.png,44773,0,0,0.0,37505,0.8376700243450294,82278,0.7669232137640006,0
06af8819-ovo_16_t186.png,49221,0,0,0.0,31447,0.6388939680217793,80668,0.8664569917016766,0
06af8819-ovo_16_t186_aug_0.png,49219,0,0,0.0,31450,0.6389808813669517,80669,0.8041597596042958,0
06af8819-ovo_16_t186_aug_1.png,49221,0,0,0.0,31447,0.6388939680217793,80668,0.8664569917016766,0
06af8819-ovo_16_t186_aug_2.png,49221,0,0,0.0,31447,0.6388939680217793,80668,0.8664569917016766,0
06cf03b6-ovo_04_t106.png,47014,0,0,0.0,31216,0.6639724337431403,78230,0.867499866141674,0
06cf03b6-ovo_04_t106_aug_0.png,47019,0,0,0.0,31212,0.6638167549288585,78231,0.7575986581351988,0
06cf03b6-ovo_04_t106_aug_1.png,47011,0,0,0.0,31220,0.6640998915147519,78231,0.7613963929271944,0
06cf03b6-ovo_04_t106_aug_2.png,47014,0,0,0.0,31216,0.6639724337431403,78230,0.867499866141674,0
0719e91e-ovo_05_t46.png,47137,0,0,0.0,44173,0.9371194602965824,91310,0.8696393546935617,0
0719e91e-ovo_05_t46_aug_0.png,47140,0,0,0.0,44167,0.9369325413661436,91307,0.7802933553702937,0
0719e91e-ovo_05_t46_aug_1.png,47141,0,0,0.0,44174,0.937061156954668,91315,0.8372512891399364,0
0719e91e-ovo_05_t46_aug_2.png,47137,0,0,0.0,44173,0.9371194602965824,91310,0.8696393546935617,0
071a46b5-ovo_51_t216.png,45742,0,0,0.0,34659,0.7577062655764942,80401,0.8887262651585419,0
071a46b5-ovo_51_t216_aug_0.png,45742,0,0,0.0,34648,0.757465786367015,80390,0.7832233302900834,0
071a46b5-ovo_51_t216_aug_1.png,45736,0,0,0.0,34680,0.7582648242085009,80416,0.7739102515646645,0
071a46b5-ovo_51_t216_aug_2.png,45747,0,0,0.0,34651,0.7574485758628982,80398,0.8308294665509038,0
0783d82c-ovo_52_t136.png,46713,0,0,0.0,35139,0.7522317127994348,81852,0.865924234098871,0
0783d82c-ovo_52_t136_aug_0.png,46706,0,0,0.0,35140,0.7523658630582795,81846,0.7551418829542613,0
0783d82c-ovo_52_t136_aug_1.png,46713,0,0,0.0,35139,0.7522317127994348,81852,0.865924234098871,0
0783d82c-ovo_52_t136_aug_2.png,46717,0,0,0.0,35138,0.7521458997795235,81855,0.800599701862819,0
0790713d-ovo_55_t41.png,45421,0,0,0.0,36879,0.8119372096607296,82300,0.8775157730848029,0
0790713d-ovo_55_t41_aug_0.png,45421,0,0,0.0,36879,0.8119372096607296,82300,0.8775157730848029,0
0790713d-ovo_55_t41_aug_1.png,45421,0,0,0.0,36877,0.8118931771647476,82298,0.7576349632959009,0
0790713d-ovo_55_t41_aug_2.png,45421,0,0,0.0,36879,0.8119372096607296,82300,0.8775157730848029,0
07964567-ovo_50_t236.png,48162,0,0,0.0,63307,1.3144595324114448,111469,0.882410961134903,0
07964567-ovo_50_t236_aug_0.png,48159,0,0,0.0,63309,1.3145829439980066,111468,0.8104652881825316,0
07964567-ovo_50_t236_aug_1.png,48162,0,0,0.0,63307,1.3144595324114448,111469,0.882410961134903,0
07964567-ovo_50_t236_aug_2.png,48153,0,0,0.0,63321,1.3149959504080742,111474,0.8076057950708665,0
07ab2318-ovo_50_t131.png,47998,0,0,0.0,54061,1.126317763240135,102059,0.8828467381983084,0
07ab2318-ovo_50_t131_aug_0.png,47998,0,0,0.0,54061,1.126317763240135,102059,0.8828467381983084,0
07ab2318-ovo_50_t131_aug_1.png,47998,0,0,0.0,54061,1.126317763240135,102059,0.8828467381983084,0
07ab2318-ovo_50_t131_aug_2.png,47998,0,0,0.0,54061,1.126317763240135,102059,0.8828467381983084,0
07afc3c8-ovo_52_t286.png,45157,0,0,0.0,30877,0.6837699581460239,76034,0.8768018892805445,0
07afc3c8-ovo_52_t286_aug_0.png,45152,0,0,0.0,30882,0.6839564138908576,76034,0.7915523492714649,0
07afc3c8-ovo_52_t286_aug_1.png,45155,0,0,0.0,30883,0.6839331192558964,76038,0.7806103240558379,0
07afc3c8-ovo_52_t286_aug_2.png,45153,0,0,0.0,30879,0.6838748255929838,76032,0.8548930872839153,0
07b5da9b-ovo_47_t136.png,39529,0,0,0.0,48911,1.2373447342457435,88440,0.8763766926753873,0
07b5da9b-ovo_47_t136_aug_0.png,39524,0,0,0.0,48920,1.2377289748001217,88444,0.8141182388442348,0
07b5da9b-ovo_47_t136_aug_1.png,39534,0,0,0.0,48909,1.2371376536651997,88443,0.8004169979599591,0
07b5da9b-ovo_47_t136_aug_2.png,39536,0,0,0.0,48897,1.2367715499797654,88433,0.7607528262396208,0
08538d6c-ovo_33_t56.png,42136,0,0,0.0,34543,0.8197977976077463,76679,0.8666583984859635,0
08538d6c-ovo_33_t56_aug_0.png,42136,0,0,0.0,34543,0.8197977976077463,76679,0.8666583984859635,0
08538d6c-ovo_33_t56_aug_1.png,42136,0,0,0.0,34543,0.8197977976077463,76679,0.8666583984859635,0
08538d6c-ovo_33_t56_aug_2.png,42132,0,0,0.0,34545,0.8199230988322416,76677,0.7530891270217137,0
085acc92-eovo_31_t1.png,0,0,0,0.0,183714,0.0,183714,0.7886385959058776,0
085acc92-eovo_31_t1_aug_0.png,0,0,0,0.0,183713,0.0,183713,0.7723248838292174,0
085acc92-eovo_31_t1_aug_1.png,0,0,0,0.0,183713,0.0,183713,0.6931308131099287,0
085acc92-eovo_31_t1_aug_2.png,0,0,0,0.0,183714,0.0,183714,0.781698251619017,0
086ede93-ovo_01_t1.png,42227,0,0,0.0,35274,0.8353423165273404,77501,0.8863429956858442,0
086ede93-ovo_01_t1_aug_0.png,42227,0,0,0.0,35282,0.8355317687735335,77509,0.8330399002475232,0
086ede93-ovo_01_t1_aug_1.png,42228,0,0,0.0,35270,0.8352278109311357,77498,0.8740102600322182,0
086ede93-ovo_01_t1_aug_2.png,42227,0,0,0.0,35274,0.8353423165273404,77501,0.8863429956858442,0
09309e77-eovo_427_t1.png,88163,0,0,0.0,100061,1.1349545727799644,188224,0.8771413759408343,0
09309e77-eovo_427_t1_aug_0.png,88163,0,0,0.0,100061,1.1349545727799644,188224,0.8771413759408343,0
09309e77-eovo_427_t1_aug_1.png,88163,0,0,0.0,100061,1.1349545727799644,188224,0.8771413759408343,0
09309e77-eovo_427_t1_aug_2.png,88164,0,0,0.0,100055,1.1348736445714804,188219,0.8494982246612012,0
0940d426-ovo_06_t71.png,32275,0,0,0.0,63302,1.9613323005422156,95577,0.8768278232660907,0
0940d426-ovo_06_t71_aug_0.png,32270,0,0,0.0,62881,1.948590021691974,95151,0.785395581750576,0
0940d426-ovo_06_t71_aug_1.png,32275,0,0,0.0,63302,1.9613323005422156,95577,0.8768278232660907,0
0940d426-ovo_06_t71_aug_2.png,32275,0,0,0.0,63302,1.9613323005422156,95577,0.8768278232660907,0
097b661e-ovo_52_t96.png,44933,0,0,0.0,31169,0.6936772527986113,76102,0.8717854291875391,0
097b661e-ovo_52_t96_aug_0.png,44929,0,0,0.0,31175,0.6938725544748381,76104,0.8036524765970188,0
097b661e-ovo_52_t96_aug_1.png,44933,0,0,0.0,31169,0.6936772527986113,76102,0.8717854291875391,0
097b661e-ovo_52_t96_aug_2.png,44933,0,0,0.0,31169,0.6936772527986113,76102,0.8717854291875391,0
0abb6366-ovo_35_t161.png,48260,0,0,0.0,34528,0.7154579361790303,82788,0.8749647867300115,0
0abb6366-ovo_35_t161_aug_0.png,48260,0,0,0.0,34528,0.7154579361790303,82788,0.8749647867300115,0
0abb6366-ovo_35_t161_aug_1.png,48260,0,0,0.0,34528,0.7154579361790303,82788,0.8749647867300115,0
0abb6366-ovo_35_t161_aug_2.png,48261,0,0,0.0,34529,0.7154638320797331,82790,0.8397591004556053,0
0b633a27-ovo_50_t41.png,46102,0,0,0.0,45452,0.9859008285974578,91554,0.8767349737352556,0
0b633a27-ovo_50_t41_aug_0.png,46103,0,0,0.0,45451,0.9858577532915428,91554,0.7962230799378571,0
0b633a27-ovo_50_t41_aug_1.png,46106,0,0,0.0,45448,0.9857285385849998,91554,0.773510958394802,0
0b633a27-ovo_50_t41_aug_2.png,46102,0,0,0.0,45452,0.9859008285974578,91554,0.8767349737352556,0
0b72dfad-ovo_37_t186.png,46815,0,0,0.0,33051,0.7059916693367511,79866,0.8801856578542002,0
0b72dfad-ovo_37_t186_aug_0.png,46815,0,0,0.0,33051,0.7059916693367511,79866,0.8801856578542002,0
0b72dfad-ovo_37_t186_aug_1.png,46808,0,0,0.0,33060,0.7062895231584344,79868,0.8057742163594654,0
0b72dfad-ovo_37_t186_aug_2.png,46815,0,0,0.0,33051,0.7059916693367511,79866,0.8499398236940577,0
0b7dd9a1-ovo_04_t161.png,46504,0,0,0.0,31204,0.6709960433511096,77708,0.8718435038640221,0
0b7dd9a1-ovo_04_t161_aug_0.png,46504,0,0,0.0,31204,0.6709960433511096,77708,0.8718435038640221,0
0b7dd9a1-ovo_04_t161_aug_1.png,46508,0,0,0.0,31206,0.6709813365442504,77714,0.8046273891209045,0
0b7dd9a1-ovo_04_t161_aug_2.png,46504,0,0,0.0,31204,0.6709960433511096,77708,0.8718435038640221,0
0bcee63e-eovo_394_t1.png,0,0,0,0.0,214769,0.0,214769,0.8772469583633776,0
0bcee63e-eovo_394_t1_aug_0.png,0,0,0,0.0,214773,0.0,214773,0.7755494836138171,0
0bcee63e-eovo_394_t1_aug_1.png,0,0,0,0.0,214769,0.0,214769,0.8772469583633776,0
0bcee63e-eovo_394_t1_aug_2.png,0,0,0,0.0,214769,0.0,214769,0.8772469583633776,0
0bfe5f4c-ovo_52_t206.png,46740,0,0,0.0,31230,0.6681643132220796,77970,0.881738883916001,0
0bfe5f4c-ovo_52_t206_aug_0.png,46740,0,0,0.0,31230,0.6681643132220796,77970,0.881738883916001,0
0bfe5f4c-ovo_52_t206_aug_1.png,46740,0,0,0.0,31230,0.6681643132220796,77970,0.881738883916001,0
0bfe5f4c-ovo_52_t206_aug_2.png,46740,0,0,0.0,31230,0.6681643132220796,77970,0.881738883916001,0
0c16e1b1-ovo_06_t91.png,31843,0,0,0.0,61315,1.9255409352133908,93158,0.8885732143058784,0
0c16e1b1-ovo_06_t91_aug_0.png,31843,0,0,0.0,61315,1.9255409352133908,93158,0.8885732143058784,0
0c16e1b1-ovo_06_t91_aug_1.png,31842,0,0,0.0,61284,1.9246278500094216,93126,0.8712880480225434,0
0c16e1b1-ovo_06_t91_aug_2.png,31843,0,0,0.0,61315,1.9255409352133908,93158,0.8885732143058784,0
0cbc4b29-ovo_32_t66.png,43723,0,0,0.0,45760,1.0465887519154675,89483,0.8740594860004786,0
0cbc4b29-ovo_32_t66_aug_0.png,43724,0,0,0.0,45762,1.046610557131095,89486,0.7957594011583784,0
0cbc4b29-ovo_32_t66_aug_1.png,43723,0,0,0.0,45761,1.0466116231731584,89484,0.8247621844449362,0
0cbc4b29-ovo_32_t66_aug_2.png,43721,0,0,0.0,45766,1.046773861531072,89487,0.7740270576421627,0
0dee24bd-ovo_36_t251.png,40515,0,0,0.0,41257,1.0183142046155744,81772,0.882688556881182,0
0dee24bd-ovo_36_t251_aug_0.png,40515,0,0,0.0,41257,1.0183142046155744,81772,0.882688556881182,0
0dee24bd-ovo_36_t251_aug_1.png,40518,0,0,0.0,41251,1.0180907251098277,81769,0.8505703486500085,0
0dee24bd-ovo_36_t251_aug_2.png,40515,0,0,0.0,41257,1.0183142046155744,81772,0.882688556881182,0
0e03a866-ovo_53_t96.png,42243,0,0,0.0,36687,0.868475250337334,78930,0.8799443462857086,0
0e03a866-ovo_53_t96_aug_0.png,42243,0,0,0.0,36687,0.868475250337334,78930,0.876222223986856,0
0e03a866-ovo_53_t96_aug_1.png,42243,0,0,0.0,36685,0.8684279052150652,78928,0.7667761678966145,0
0e03a866-ovo_53_t96_aug_2.png,42244,0,0,0.0,36681,0.8683126597860051,78925,0.7569310585634353,0
0e5f8548-ovo_30_t226.png,43032,0,0,0.0,0,0.0,43032,0.8782707267257288,0
0e5f8548-ovo_30_t226_aug_0.png,43032,0,0,0.0,0,0.0,43032,0.8782707267257288,0
0e5f8548-ovo_30_t226_aug_1.png,43032,0,0,0.0,0,0.0,43032,0.8782707267257288,0
0e5f8548-ovo_30_t226_aug_2.png,43032,0,0,0.0,0,0.0,43032,0.8782707267257288,0
0eb2f06a-eovo_614_t1.png,96047,0,0,0.0,132643,1.38102179141462,228690,0.8704546542030094,0
0eb2f06a-eovo_614_t1_aug_0.png,96044,0,0,0.0,132647,1.381106576152597,228691,0.7849391921275093,0
0eb2f06a-eovo_614_t1_aug_1.png,96047,0,0,0.0,132643,1.38102179141462,228690,0.8704546542030094,0
0eb2f06a-eovo_614_t1_aug_2.png,96047,0,0,0.0,132643,1.38102179141462,228690,0.8704546542030094,0
0edb7b3d-eovo_270_t1.png,0,0,0,0.0,211661,0.0,211661,0.8655634307644025,0
0edb7b3d-eovo_270_t1_aug_0.png,0,0,0,0.0,211661,0.0,211661,0.8655634307644025,0
0edb7b3d-eovo_270_t1_aug_1.png,0,0,0,0.0,211664,0.0,211664,0.7634691203691656,0
0edb7b3d-eovo_270_t1_aug_2.png,0,0,0,0.0,211662,0.0,211662,0.8451301848738194,0
0f1c1094-ovo_55_t236.png,45864,0,0,0.0,36853,0.8035278213849643,82717,0.8795330801057206,0
0f1c1094-ovo_55_t236_aug_0.png,45867,0,0,0.0,36843,0.8032572437700307,82710,0.811389472999462,0
0f1c1094-ovo_55_t236_aug_1.png,45864,0,0,0.0,36853,0.8035278213849643,82717,0.8795330801057206,0
0f1c1094-ovo_55_t236_aug_2.png,45864,0,0,0.0,36853,0.8035278213849643,82717,0.8795330801057206,0
0f931fe0-ovo_06_t126.png,31364,0,0,0.0,62212,1.9835480168345876,93576,0.882672107838868,0
0f931fe0-ovo_06_t126_aug_0.png,31364,0,0,0.0,62212,1.9835480168345876,93576,0.882672107838868,0
0f931fe0-ovo_06_t126_aug_1.png,31364,0,0,0.0,62212,1.9835480168345876,93576,0.882672107838868,0
0f931fe0-ovo_06_t126_aug_2.png,31364,0,0,0.0,62212,1.9835480168345876,93576,0.882672107838868,0
103f9bc4-ovo_12_t86.png,47892,0,0,0.0,25592,0.5343689969097135,73484,0.8790238747630318,0
103f9bc4-ovo_12_t86_aug_0.png,47900,0,0,0.0,25594,0.534321503131524,73494,0.7573485735003435,0
103f9bc4-ovo_12_t86_aug_1.png,47894,0,0,0.0,25594,0.5343884411408527,73488,0.7972248494915295,0
103f9bc4-ovo_12_t86_aug_2.png,47892,0,0,0.0,25592,0.5343689969097135,73484,0.8790238747630318,0
1079fd1f-eovo_437_t1.png,101849,0,0,0.0,109332,1.0734715117477835,211181,0.871533860567411,0
1079fd1f-eovo_437_t1_aug_0.png,101853,0,0,0.0,109337,1.0734784444248082,211190,0.7740073015769562,0
1079fd1f-eovo_437_t1_aug_1.png,101850,0,0,0.0,109329,1.0734315169366715,211179,0.8709376162740254,0
1079fd1f-eovo_437_t1_aug_2.png,101849,0,0,0.0,109332,1.0734715117477835,211181,0.871533860567411,0
1125f2b0-ovo_32_t16.png,42771,0,0,0.0,40147,0.9386500198732788,82918,0.8730912810063003,0
1125f2b0-ovo_32_t16_aug_0.png,42771,0,0,0.0,40147,0.9386500198732788,82918,0.8730912810063003,0
1125f2b0-ovo_32_t16_aug_1.png,42771,0,0,0.0,40147,0.9386500198732788,82918,0.8730912810063003,0
1125f2b0-ovo_32_t16_aug_2.png,42771,0,0,0.0,40147,0.9386500198732788,82918,0.8730912810063003,0
126ff7c6-ovo_34_t11.png,23537,0,0,0.0,25912,1.1009049581509962,49449,0.8772475794713115,0
126ff7c6-ovo_34_t11_aug_0.png,23535,0,0,0.0,25910,1.100913533035904,49445,0.8206746760132089,0
126ff7c6-ovo_34_t11_aug_1.png,23538,0,0,0.0,25903,1.100475826323392,49441,0.8099680091935956,0
126ff7c6-ovo_34_t11_aug_2.png,23533,0,0,0.0,25914,1.1011770704967492,49447,0.8167033426005618,0
12c138ce-ovo_06_t231.png,28759,0,0,0.0,63637,2.2127681769185297,92396,0.8916999877466569,0
12c138ce-ovo_06_t231_aug_0.png,28759,0,0,0.0,63637,2.2127681769185297,92396,0.8916999877466569,0
12c138ce-ovo_06_t231_aug_1.png,28754,0,0,0.0,62939,2.188878069138207,91693,0.7990832151730121,0
12c138ce-ovo_06_t231_aug_2.png,28759,0,0,0.0,63637,2.2127681769185297,92396,0.8916999877466569,0
13409539-eovo_35_t1.png,0,0,0,0.0,192181,0.0,192181,0.8600084834597755,0
13409539-eovo_35_t1_aug_0.png,0,0,0,0.0,192181,0.0,192181,0.8600084834597755,0
13409539-eovo_35_t1_aug_1.png,0,0,0,0.0,192175,0.0,192175,0.7761525663436447,0
13409539-eovo_35_t1_aug_2.png,0,0,0,0.0,192181,0.0,192181,0.8600084834597755,0
134d36f8-ovo_53_t146.png,43374,0,0,0.0,33234,0.7662193941070687,76608,0.8886736241871424,0
134d36f8-ovo_53_t146_aug_0.png,43374,0,0,0.0,33234,0.7662193941070687,76608,0.8886736241871424,0
134d36f8-ovo_53_t146_aug_1.png,43374,0,0,0.0,33234,0.7662193941070687,76608,0.8886736241871424,0
134d36f8-ovo_53_t146_aug_2.png,43374,0,0,0.0,33234,0.7662193941070687,76608,0.8886736241871424,0
1360a262-ovo_05_t196.png,48298,0,0,0.0,45859,0.9495010145347632,94157,0.8861677124284215,0
1360a262-ovo_05_t196_aug_0.png,48305,0,0,0.0,45860,0.9493841217265292,94165,0.7929091618711875,0
1360a262-ovo_05_t196_aug_1.png,48304,0,0,0.0,45851,0.9492174561112952,94155,0.8146624214729329,0
1360a262-ovo_05_t196_aug_2.png,48292,0,0,0.0,45869,0.9498260581462769,94161,0.8146886317970963,0
138398a0-ovo_22_t16.png,40640,0,0,0.0,38806,0.9548720472440944,79446,0.8800580980301114,0
138398a0-ovo_22_t16_aug_0.png,40647,0,0,0.0,38803,0.9546337983122986,79450,0.7867760539828293,0
138398a0-ovo_22_t16_aug_1.png,40640,0,0,0.0,38806,0.9548720472440944,79446,0.8800580980301114,0
138398a0-ovo_22_t16_aug_2.png,40640,0,0,0.0,38806,0.9548720472440944,79446,0.8800580980301114,0
1398037b-ovo_47_t66.png,41904,0,0,0.0,38716,0.9239213440244368,80620,0.8736159324300132,0
1398037b-ovo_47_t66_aug_0.png,41904,0,0,0.0,38716,0.9239213440244368,80620,0.8736159324300132,0
1398037b-ovo_47_t66_aug_1.png,41904,0,0,0.0,38716,0.9239213440244368,80620,0.8736159324300132,0
1398037b-ovo_47_t66_aug_2.png,41904,0,0,0.0,38716,0.9239213440244368,80620,0.8736159324300132,0
13baed13-eovo_610_t1.png,94030,0,0,0.0,91520,0.9733063915771564,185550,0.870811601729143,0
13baed13-eovo_610_t1_aug_0.png,94030,0,0,0.0,91520,0.9733063915771564,185550,0.8671749999218422,0
13baed13-eovo_610_t1_aug_1.png,94019,0,0,0.0,91528,0.9735053553005244,185547,0.7854113925600248,0
13baed13-eovo_610_t1_aug_2.png,94030,0,0,0.0,91520,0.9733063915771564,185550,0.870811601729143,0
13e7526c-ovo_20_t136.png,47528,0,0,0.0,37678,0.7927537451607474,85206,0.8821709503185142,0
13e7526c-ovo_20_t136_aug_0.png,47527,0,0,0.0,37686,0.7929387506049194,85213,0.8324453355634517,0
13e7526c-ovo_20_t136_aug_1.png,47528,0,0,0.0,37678,0.7927537451607474,85206,0.8821709503185142,0
13e7526c-ovo_20_t136_aug_2.png,47528,0,0,0.0,37678,0.7927537451607474,85206,0.8821709503185142,0
14016f9e-ovo_24_t26.png,42951,0,0,0.0,38189,0.8891294731205327,81140,0.8639594818242023,0
14016f9e-ovo_24_t26_aug_0.png,42951,0,0,0.0,38193,0.8892226025005239,81144,0.7516686610917239,0
14016f9e-ovo_24_t26_aug_1.png,42951,0,0,0.0,38189,0.8891294731205327,81140,0.8639594818242023,0
14016f9e-ovo_24_t26_aug_2.png,42950,0,0,0.0,38192,0.8892200232828871,81142,0.8036340468628408,0
15a1d28d-ovo_40_t91.png,46172,0,0,0.0,37140,0.8043836091137486,83312,0.8750149299413553,0
15a1d28d-ovo_40_t91_aug_0.png,46172,0,0,0.0,37140,0.8043836091137486,83312,0.8750149299413553,0
15a1d28d-ovo_40_t91_aug_1.png,46172,0,0,0.0,37140,0.8043836091137486,83312,0.8750149299413553,0
15a1d28d-ovo_40_t91_aug_2.png,46176,0,0,0.0,37137,0.8042489604989606,83313,0.7909769864698265,0
15cb83c4-ovo_36_t31.png,42105,0,0,0.0,34708,0.82432015200095,76813,0.8831833553246367,0
15cb83c4-ovo_36_t31_aug_0.png,42102,0,0,0.0,34713,0.824497648567764,76815,0.8086001775871315,0
15cb83c4-ovo_36_t31_aug_1.png,42105,0,0,0.0,34708,0.82432015200095,76813,0.8831833553246367,0
15cb83c4-ovo_36_t31_aug_2.png,42109,0,0,0.0,34713,0.8243605879978152,76822,0.7789571917440768,0
15d60126-ovo_31_t91.png,44019,0,0,0.0,23302,0.5293623208160113,67321,0.8841506334563316,0
15d60126-ovo_31_t91_aug_0.png,44024,0,0,0.0,23296,0.529165909503907,67320,0.7786422583570995,0
15d60126-ovo_31_t91_aug_1.png,44019,0,0,0.0,23302,0.5293623208160113,67321,0.8841506334563316,0
15d60126-ovo_31_t91_aug_2.png,44025,0,0,0.0,23292,0.5290630323679727,67317,0.8171924034554569,0
160c5332-ovo_55_t146.png,45617,0,0,0.0,26848,0.5885525133174035,72465,0.869738261572259,0
160c5332-ovo_55_t146_aug_0.png,45610,0,0,0.0,26855,0.5887963165972374,72465,0.8360849612372124,0
160c5332-ovo_55_t146_aug_1.png,45617,0,0,0.0,26848,0.5885525133174035,72465,0.869738261572259,0
160c5332-ovo_55_t146_aug_2.png,45616,0,0,0.0,26857,0.5887627148368993,72473,0.7594560782900974,0
16752b7b-ovo_52_t156.png,46222,0,0,0.0,33623,0.7274241703085111,79845,0.8687409294232074,0
16752b7b-ovo_52_t156_aug_0.png,46222,0,0,0.0,33623,0.7274241703085111,79845,0.8687409294232074,0
16752b7b-ovo_52_t156_aug_1.png,46218,0,0,0.0,33634,0.7277251287377212,79852,0.7758531063020977,0
16752b7b-ovo_52_t156_aug_2.png,46223,0,0,0.0,33621,0.7273651645284815,79844,0.8261221008146928,0
16765c69-ovo_06_t36.png,33795,0,0,0.0,56026,1.657819204024264,89821,0.88421641723816,0
16765c69-ovo_06_t36_aug_0.png,33796,0,0,0.0,56034,1.658006864717718,89830,0.7759176306075577,0
16765c69-ovo_06_t36_aug_1.png,33795,0,0,0.0,56021,1.657671253143956,89816,0.7655433990445781,0
16765c69-ovo_06_t36_aug_2.png,33790,0,0,0.0,55923,1.6550162770050312,89713,0.8245630490854804,0
16a9fdff-ovo_32_t61.png,42153,0,0,0.0,45271,1.0739686380566034,87424,0.8816212433119703,0
16a9fdff-ovo_32_t61_aug_0.png,42153,0,0,0.0,45271,1.0739686380566034,87424,0.8816212433119703,0
16a9fdff-ovo_32_t61_aug_1.png,42154,0,0,0.0,45272,1.0739668833325426,87426,0.8253510808098105,0
16a9fdff-ovo_32_t61_aug_2.png,42153,0,0,0.0,45271,1.0739686380566034,87424,0.8816212433119703,0
16adcfdd-ovo_14_t201.png,46537,0,0,0.0,34707,0.7457936695532587,81244,0.8592798572491787,0
16adcfdd-ovo_14_t201_aug_0.png,46539,0,0,0.0,34708,0.7457831066417413,81247,0.778101247284808,0
16adcfdd-ovo_14_t201_aug_1.png,46537,0,0,0.0,34707,0.7457936695532587,81244,0.8592798572491787,0
16adcfdd-ovo_14_t201_aug_2.png,46537,0,0,0.0,34707,0.7457936695532587,81244,0.8592798572491787,0
16cfb842-ovo_05_t106.png,46827,0,0,0.0,46059,0.9835992055865206,92886,0.8843910131888142,0
16cfb842-ovo_05_t106_aug_0.png,46817,0,0,0.0,46069,0.984022897665378,92886,0.8081950305615245,0
16cfb842-ovo_05_t106_aug_1.png,46827,0,0,0.0,46059,0.9835992055865206,92886,0.8843910131888142,0
16cfb842-ovo_05_t106_aug_2.png,46827,0,0,0.0,46059,0.9835992055865206,92886,0.8843910131888142,0
174ad2b0-ovo_08_t271.png,45253,0,0,0.0,31635,0.6990696749386781,76888,0.8774970579626795,0
174ad2b0-ovo_08_t271_aug_0.png,45253,0,0,0.0,31635,0.6990696749386781,76888,0.8774970579626795,0
174ad2b0-ovo_08_t271_aug_1.png,45250,0,0,0.0,31627,0.698939226519337,76877,0.7818510185664974,0
174ad2b0-ovo_08_t271_aug_2.png,45253,0,0,0.0,31635,0.6990696749386781,76888,0.8774970579626795,0
178ca4fa-ovo_05_t11.png,46837,0,0,0.0,45916,0.980336059098576,92753,0.883487297876193,0
178ca4fa-ovo_05_t11_aug_0.png,46837,0,0,0.0,45916,0.980336059098576,92753,0.883487297876193,0
178ca4fa-ovo_05_t11_aug_1.png,46831,0,0,0.0,45921,0.9805684268967138,92752,0.7958347326601062,0
178ca4fa-ovo_05_t11_aug_2.png,46841,0,0,0.0,45909,0.9801029013044128,92750,0.8333920872276146,0
17d46d26-ovo_55_t286.png,46315,0,0,0.0,33219,0.7172406347835475,79534,0.8623404925987611,0
17d46d26-ovo_55_t286_aug_0.png,46315,0,0,0.0,33219,0.7172406347835475,79534,0.8623404925987611,0
17d46d26-ovo_55_t286_aug_1.png,46315,0,0,0.0,33217,0.7171974522292993,79532,0.8339872687706557,0
17d46d26-ovo_55_t286_aug_2.png,46315,0,0,0.0,33219,0.7172406347835475,79534,0.8623404925987611,0
17fa1f41-ovo_16_t236.png,49415,0,0,0.0,30534,0.6179095416371547,79949,0.8708657885823233,0
17fa1f41-ovo_16_t236_aug_0.png,49415,0,0,0.0,30534,0.6179095416371547,79949,0.8708657885823233,0
17fa1f41-ovo_16_t236_aug_1.png,49415,0,0,0.0,30534,0.6179095416371547,79949,0.8708657885823233,0
17fa1f41-ovo_16_t236_aug_2.png,49415,0,0,0.0,30534,0.6179095416371547,79949,0.8708657885823233,0
185cfeda-ovo_43_t211.png,43697,1582,1,0.0362038583884477,29079,0.6654690253335469,74358,0.8837713565850696,1
185cfeda-ovo_43_t211_aug_0.png,43697,1582,1,0.0362038583884477,29079,0.6654690253335469,74358,0.8837713565850696,1
185cfeda-ovo_43_t211_aug_1.png,43702,1583,1,0.0362225985080774,29082,0.6654615349411926,74367,0.7621382855320811,1
185cfeda-ovo_43_t211_aug_2.png,43693,1580,1,0.0361613988510745,29093,0.6658503650470327,74366,0.7795808795987399,1
189b8a83-ovo_36_t116.png,44257,0,0,0.0,34666,0.7832885193302754,78923,0.8745653719161438,0
189b8a83-ovo_36_t116_aug_0.png,44259,0,0,0.0,34660,0.7831175580108001,78919,0.8396033531182333,0
189b8a83-ovo_36_t116_aug_1.png,44266,0,0,0.0,34650,0.7827678127682646,78916,0.7565272951222594,0
189b8a83-ovo_36_t116_aug_2.png,44257,0,0,0.0,34666,0.7832885193302754,78923,0.8745653719161438,0
18aace45-ovo_05_t186.png,48477,0,0,0.0,44160,0.910947459620026,92637,0.879125596884542,0
18aace45-ovo_05_t186_aug_0.png,48477,0,0,0.0,44160,0.910947459620026,92637,0.879125596884542,0
18aace45-ovo_05_t186_aug_1.png,48474,0,0,0.0,44156,0.9109213186450468,92630,0.7623475174791018,0
18aace45-ovo_05_t186_aug_2.png,48481,0,0,0.0,44154,0.9107485406654152,92635,0.7689925007134918,0
18c539a9-eovo_50_t1.png,0,0,0,0.0,224598,0.0,224598,0.8473449266525082,0
18c539a9-eovo_50_t1_aug_0.png,0,0,0,0.0,224600,0.0,224600,0.8006990366538381,0
18c539a9-eovo_50_t1_aug_1.png,0,0,0,0.0,224598,0.0,224598,0.8473449266525082,0
18c539a9-eovo_50_t1_aug_2.png,0,0,0,0.0,224598,0.0,224598,0.8473449266525082,0
18e69753-ovo_25_t161.png,41873,0,0,0.0,47513,1.1346930002626991,89386,0.8720286100728504,0
18e69753-ovo_25_t161_aug_0.png,41873,0,0,0.0,47513,1.1346930002626991,89386,0.8720286100728504,0
18e69753-ovo_25_t161_aug_1.png,41874,0,0,0.0,47509,1.1345703778000669,89383,0.8439325399027408,0
18e69753-ovo_25_t161_aug_2.png,41872,0,0,0.0,47513,1.1347200993504012,89385,0.8411762266434629,0
192570d2-ovo_21_t271.png,45145,0,0,0.0,38787,0.8591649130579244,83932,0.869255228846128,0
192570d2-ovo_21_t271_aug_0.png,45145,0,0,0.0,38787,0.8591649130579244,83932,0.869255228846128,0
192570d2-ovo_21_t271_aug_1.png,45144,0,0,0.0,38781,0.8590510366826156,83925,0.7700701017807293,0
192570d2-ovo_21_t271_aug_2.png,45149,0,0,0.0,38779,0.8589116038007486,83928,0.7569982113138716,0
1952fef1-eovo_283_t1.png,0,0,0,0.0,204874,0.0,204874,0.8649661263606823,0
1952fef1-eovo_283_t1_aug_0.png,0,0,0,0.0,204874,0.0,204874,0.8649661263606823,0
1952fef1-eovo_283_t1_aug_1.png,0,0,0,0.0,204874,0.0,204874,0.8649661263606823,0
1952fef1-eovo_283_t1_aug_2.png,0,0,0,0.0,204874,0.0,204874,0.8649661263606823,0
19563955-ovo_55_t116.png,46072,0,0,0.0,30799,0.6684971349192568,76871,0.86726216242083,0
19563955-ovo_55_t116_aug_0.png,46070,0,0,0.0,30804,0.6686346863468635,76874,0.749350795670538,0
19563955-ovo_55_t116_aug_1.png,46075,0,0,0.0,30796,0.6683884970157352,76871,0.8507491007804946,0
19563955-ovo_55_t116_aug_2.png,46071,0,0,0.0,30796,0.6684465281847584,76867,0.8167539375012958,0
19777d34-ovo_47_t241.png,41628,0,0,0.0,44608,1.07158643220909,86236,0.8880965522261843,0
19777d34-ovo_47_t241_aug_0.png,41617,0,0,0.0,44620,1.0721580123507222,86237,0.8022599587266567,0
19777d34-ovo_47_t241_aug_1.png,41628,0,0,0.0,44608,1.07158643220909,86236,0.8880965522261843,0
19777d34-ovo_47_t241_aug_2.png,41629,0,0,0.0,44602,1.071416560570756,86231,0.8164857518193849,0
19acaae7-eovo_369_t1.png,0,0,0,0.0,192369,0.0,192369,0.8558683470550912,0
19acaae7-eovo_369_t1_aug_0.png,0,0,0,0.0,192362,0.0,192362,0.8169621995019123,0
19acaae7-eovo_369_t1_aug_1.png,0,0,0,0.0,192375,0.0,192375,0.7749857198172997,0
19acaae7-eovo_369_t1_aug_2.png,0,0,0,0.0,192365,0.0,192365,0.8022221478076134,0
19ffbbf8-ovo_06_t106.png,30955,0,0,0.0,64821,2.094039735099338,95776,0.884401409786299,0
19ffbbf8-ovo_06_t106_aug_0.png,30953,0,0,0.0,64390,2.080250702678254,95343,0.824066023257527,0
19ffbbf8-ovo_06_t106_aug_1.png,30955,0,0,0.0,64821,2.094039735099338,95776,0.884401409786299,0
19ffbbf8-ovo_06_t106_aug_2.png,30955,0,0,0.0,64821,2.094039735099338,95776,0.884401409786299,0
1a20dfb8-ovo_06_t191.png,29587,0,0,0.0,64327,2.1741643289282453,93914,0.8842975723807708,0
1a20dfb8-ovo_06_t191_aug_0.png,29584,0,0,0.0,64038,2.164616008653326,93622,0.842222255115699,0
1a20dfb8-ovo_06_t191_aug_1.png,29584,0,0,0.0,63484,2.145889670091941,93068,0.7987818714118042,0
1a20dfb8-ovo_06_t191_aug_2.png,29587,0,0,0.0,64327,2.1741643289282453,93914,0.8842975723807708,0
1a33a659-ovo_14_t151.png,46124,0,0,0.0,36458,0.790434480964357,82582,0.8742545075920738,0
1a33a659-ovo_14_t151_aug_0.png,46120,0,0,0.0,36451,0.7903512575888986,82571,0.8046260682584744,0
1a33a659-ovo_14_t151_aug_1.png,46122,0,0,0.0,36457,0.7904470751485192,82579,0.7900957220063245,0
1a33a659-ovo_14_t151_aug_2.png,46126,0,0,0.0,36463,0.7905086068594719,82589,0.7798526563321814,0
1b26376b-ovo_05_t21.png,46879,0,0,0.0,43625,0.9305872565541072,90504,0.8848061334711135,0
1b26376b-ovo_05_t21_aug_0.png,46879,0,0,0.0,43625,0.9305872565541072,90504,0.8848061334711135,0
1b26376b-ovo_05_t21_aug_1.png,46879,0,0,0.0,43625,0.9305872565541072,90504,0.8848061334711135,0
1b26376b-ovo_05_t21_aug_2.png,46879,0,0,0.0,43615,0.9303739414236653,90494,0.8156311246964469,0
1b5734a4-ovo_32_t201.png,46462,0,0,0.0,28509,0.6135982092893117,74971,0.8713917930754705,0
1b5734a4-ovo_32_t201_aug_0.png,46458,0,0,0.0,28517,0.6138232381936373,74975,0.8356200897951709,0
1b5734a4-ovo_32_t201_aug_1.png,46462,0,0,0.0,28509,0.6135982092893117,74971,0.8713917930754705,0
1b5734a4-ovo_32_t201_aug_2.png,46462,0,0,0.0,28506,0.6135336403943007,74968,0.8525975807627552,0
1b9baacc-ovo_40_t126.png,46548,0,0,0.0,35694,0.7668213457076566,82242,0.8790453296015818,0
1b9baacc-ovo_40_t126_aug_0.png,46546,0,0,0.0,35696,0.7668972629227001,82242,0.8608908808536894,0
1b9baacc-ovo_40_t126_aug_1.png,46551,0,0,0.0,35684,0.766557109406887,82235,0.7963268948111467,0
1b9baacc-ovo_40_t126_aug_2.png,46547,0,0,0.0,35699,0.7669452381463897,82246,0.8356223866427251,0
1baca3c1-ovo_06_t221.png,27972,0,0,0.0,65563,2.3438795938795938,93535,0.8788811804777545,0
1baca3c1-ovo_06_t221_aug_0.png,27969,0,0,0.0,65055,2.3259680360399013,93024,0.7934068290256665,0
1baca3c1-ovo_06_t221_aug_1.png,27972,0,0,0.0,65563,2.3438795938795938,93535,0.8788811804777545,0
1baca3c1-ovo_06_t221_aug_2.png,27970,0,0,0.0,65526,2.342724347515195,93496,0.8742101555141956,0
1bf6a5ff-ovo_06_t86.png,30883,0,0,0.0,62921,2.037399216397371,93804,0.8753214276730943,0
1bf6a5ff-ovo_06_t86_aug_0.png,30885,0,0,0.0,62410,2.0207220333495224,93295,0.7736895473532153,0
1bf6a5ff-ovo_06_t86_aug_1.png,30883,0,0,0.0,62921,2.037399216397371,93804,0.8753214276730943,0
1bf6a5ff-ovo_06_t86_aug_2.png,30886,0,0,0.0,62528,2.024477109369941,93414,0.7879794285050601,0
1c519b1c-ovo_05_t136.png,49136,0,0,0.0,41110,0.8366574405731032,90246,0.8848614972953022,0
1c519b1c-ovo_05_t136_aug_0.png,49146,0,0,0.0,41092,0.8361209457534693,90238,0.770191696524466,0
1c519b1c-ovo_05_t136_aug_1.png,49136,0,0,0.0,41110,0.8366574405731032,90246,0.8848614972953022,0
1c519b1c-ovo_05_t136_aug_2.png,49136,0,0,0.0,41110,0.8366574405731032,90246,0.8848614972953022,0
1c95185d-ovo_39_t46.png,41337,0,0,0.0,34970,0.8459733410745821,76307,0.8861671467511134,0
1c95185d-ovo_39_t46_aug_0.png,41330,0,0,0.0,34987,0.8465279458020808,76317,0.7907395147107226,0
1c95185d-ovo_39_t46_aug_1.png,41337,0,0,0.0,34970,0.8459733410745821,76307,0.8861671467511134,0
1c95185d-ovo_39_t46_aug_2.png,41337,0,0,0.0,34970,0.8459733410745821,76307,0.8861671467511134,0
1cf1ab93-ovo_40_t26.png,46254,0,0,0.0,38786,0.8385436935183984,85040,0.8751550665933402,0
1cf1ab93-ovo_40_t26_aug_0.png,46250,0,0,0.0,38789,0.8386810810810811,85039,0.8015072584090445,0
1cf1ab93-ovo_40_t26_aug_1.png,46254,0,0,0.0,38786,0.8385436935183984,85040,0.7799172759026468,0
1cf1ab93-ovo_40_t26_aug_2.png,46258,0,0,0.0,38772,0.8381685330105063,85030,0.7929051956735865,0
1cfe8e94-ovo_19_t206.png,47342,0,0,0.0,26559,0.5610029149592328,73901,0.8381181340206938,0
1cfe8e94-ovo_19_t206_aug_0.png,47342,0,0,0.0,26559,0.5610029149592328,73901,0.8381181340206938,0
1cfe8e94-ovo_19_t206_aug_1.png,47342,0,0,0.0,26559,0.5610029149592328,73901,0.8381181340206938,0
1cfe8e94-ovo_19_t206_aug_2.png,47342,0,0,0.0,26559,0.5610029149592328,73901,0.8381181340206938,0
1d18757e-eovo_442_t1.png,91056,0,0,0.0,118352,1.2997715691442628,209408,0.8704559186408668,0
1d18757e-eovo_442_t1_aug_0.png,91056,0,0,0.0,118352,1.2997715691442628,209408,0.8704559186408668,0
1d18757e-eovo_442_t1_aug_1.png,91056,0,0,0.0,118352,1.2997715691442628,209408,0.8704559186408668,0
1d18757e-eovo_442_t1_aug_2.png,91056,0,0,0.0,118352,1.2997715691442628,209408,0.8704559186408668,0
1d2061ad-ovo_06_t176.png,29852,0,0,0.0,60654,2.031823663406137,90506,0.8869065572908843,0
1d2061ad-ovo_06_t176_aug_0.png,29848,0,0,0.0,60533,2.0280420798713483,90381,0.8608309845462022,0
1d2061ad-ovo_06_t176_aug_1.png,29849,0,0,0.0,60166,2.015678917216657,90015,0.7854148782530203,0
1d2061ad-ovo_06_t176_aug_2.png,29852,0,0,0.0,60654,2.031823663406137,90506,0.8869065572908843,0
1d478154-ovo_31_t136.png,44330,0,0,0.0,30324,0.6840514324385292,74654,0.8904088983519457,0
1d478154-ovo_31_t136_aug_0.png,44330,0,0,0.0,30324,0.6840514324385292,74654,0.8904088983519457,0
1d478154-ovo_31_t136_aug_1.png,44332,0,0,0.0,30323,0.683998014977894,74655,0.7740639359278229,0
1d478154-ovo_31_t136_aug_2.png,44331,0,0,0.0,30315,0.683832983690871,74646,0.8386031127174789,0
1d75a009-ovo_40_t131.png,46527,0,0,0.0,37403,0.8038988114428182,83930,0.8713069549471749,0
1d75a009-ovo_40_t131_aug_0.png,46531,0,0,0.0,37404,0.8038511959768756,83935,0.7941120819526599,0
1d75a009-ovo_40_t131_aug_1.png,46527,0,0,0.0,37403,0.8038988114428182,83930,0.8713069549471749,0
1d75a009-ovo_40_t131_aug_2.png,46528,0,0,0.0,37403,0.8038815337001376,83931,0.8407951834522215,0
1df687c2-eovo_76_t1.png,0,0,0,0.0,202939,0.0,202939,0.8733845978211764,0
1df687c2-eovo_76_t1_aug_0.png,0,0,0,0.0,202939,0.0,202939,0.8733845978211764,0
1df687c2-eovo_76_t1_aug_1.png,0,0,0,0.0,202939,0.0,202939,0.8733845978211764,0
1df687c2-eovo_76_t1_aug_2.png,0,0,0,0.0,202930,0.0,202930,0.7725689977540666,0
1e1d00d7-ovo_06_t31.png,33223,0,0,0.0,58354,1.7564337958643108,91577,0.8730156000246982,0
1e1d00d7-ovo_06_t31_aug_0.png,33223,0,0,0.0,58354,1.7564337958643108,91577,0.8730156000246982,0
1e1d00d7-ovo_06_t31_aug_1.png,33223,0,0,0.0,58354,1.7564337958643108,91577,0.8730156000246982,0
1e1d00d7-ovo_06_t31_aug_2.png,33223,0,0,0.0,58354,1.7564337958643108,91577,0.8730156000246982,0
1e79d155-ovo_27_t76.png,41751,0,0,0.0,43372,1.038825417355273,85123,0.8750184559897264,0
1e79d155-ovo_27_t76_aug_0.png,41751,0,0,0.0,43372,1.038825417355273,85123,0.8750184559897264,0
1e79d155-ovo_27_t76_aug_1.png,41750,0,0,0.0,43365,1.038682634730539,85115,0.8079811246225944,0
1e79d155-ovo_27_t76_aug_2.png,41751,0,0,0.0,43372,1.038825417355273,85123,0.8750184559897264,0
1eb8e8e0-eovo_313_t1.png,0,0,0,0.0,214826,0.0,214826,0.8632465863224856,0
1eb8e8e0-eovo_313_t1_aug_0.png,0,0,0,0.0,214830,0.0,214830,0.7707033731272132,0
1eb8e8e0-eovo_313_t1_aug_1.png,0,0,0,0.0,214821,0.0,214821,0.7570292690595086,0
1eb8e8e0-eovo_313_t1_aug_2.png,0,0,0,0.0,214826,0.0,214826,0.8632465863224856,0
1ed74d2f-eovo_273_t1.png,0,0,0,0.0,193904,0.0,193904,0.8474537062942729,0
1ed74d2f-eovo_273_t1_aug_0.png,0,0,0,0.0,193904,0.0,193904,0.8474537062942729,0
1ed74d2f-eovo_273_t1_aug_1.png,0,0,0,0.0,193904,0.0,193904,0.8474537062942729,0
1ed74d2f-eovo_273_t1_aug_2.png,0,0,0,0.0,193904,0.0,193904,0.8474537062942729,0
1f0a09b9-ovo_12_t41.png,45097,0,0,0.0,28742,0.6373372951637581,73839,0.8761785436431321,0
1f0a09b9-ovo_12_t41_aug_0.png,45100,0,0,0.0,28742,0.6372949002217295,73842,0.7994740566697129,0
1f0a09b9-ovo_12_t41_aug_1.png,45091,0,0,0.0,28755,0.6377104078419197,73846,0.7875100042834073,0
1f0a09b9-ovo_12_t41_aug_2.png,45097,0,0,0.0,28742,0.6373372951637581,73839,0.8398029551347417,0
1f3f0c49-eovo_380_t1.png,0,0,0,0.0,217455,0.0,217455,0.8772177299563066,0
1f3f0c49-eovo_380_t1_aug_0.png,0,0,0,0.0,217455,0.0,217455,0.8772177299563066,0
1f3f0c49-eovo_380_t1_aug_1.png,0,0,0,0.0,217454,0.0,217454,0.7792599907653147,0
1f3f0c49-eovo_380_t1_aug_2.png,0,0,0,0.0,217455,0.0,217455,0.8772177299563066,0
1f8f405f-ovo_47_t131.png,38646,0,0,0.0,46213,1.195802929151788,84859,0.8815380077623785,0
1f8f405f-ovo_47_t131_aug_0.png,38646,0,0,0.0,46213,1.195802929151788,84859,0.8815380077623785,0
1f8f405f-ovo_47_t131_aug_1.png,38646,0,0,0.0,46213,1.195802929151788,84859,0.8796472792544835,0
1f8f405f-ovo_47_t131_aug_2.png,38646,0,0,0.0,46213,1.195802929151788,84859,0.8815380077623785,0
1fd1652d-ovo_40_t116.png,45374,0,0,0.0,38605,0.8508176488738044,83979,0.8641450944495507,0
1fd1652d-ovo_40_t116_aug_0.png,45374,0,0,0.0,38605,0.8508176488738044,83979,0.8641450944495507,0
1fd1652d-ovo_40_t116_aug_1.png,45372,0,0,0.0,38606,0.8508771929824561,83978,0.8042337591602183,0
1fd1652d-ovo_40_t116_aug_2.png,45374,0,0,0.0,38605,0.8508176488738044,83979,0.8641450944495507,0
1fdc6f13-eovo_615_t1.png,97250,0,0,0.0,94136,0.9679794344473008,191386,0.870176184951359,0
1fdc6f13-eovo_615_t1_aug_0.png,97251,0,0,0.0,94139,0.9680003290454596,191390,0.7770000339172299,0
1fdc6f13-eovo_615_t1_aug_1.png,97246,0,0,0.0,94139,0.9680500997470332,191385,0.7536975215638416,0
1fdc6f13-eovo_615_t1_aug_2.png,97250,0,0,0.0,94136,0.9679794344473008,191386,0.870176184951359,0
2006eda7-ovo_52_t241.png,43582,0,0,0.0,35312,0.8102427607727961,78894,0.8829451477380071,0
2006eda7-ovo_52_t241_aug_0.png,43582,0,0,0.0,35305,0.8100821440044055,78887,0.7864451338275578,0
2006eda7-ovo_52_t241_aug_1.png,43582,0,0,0.0,35312,0.8102427607727961,78894,0.8829451477380071,0
2006eda7-ovo_52_t241_aug_2.png,43582,0,0,0.0,35312,0.8102427607727961,78894,0.8829451477380071,0
207f219a-ovo_29_t121.png,42000,0,0,0.0,28484,0.6781904761904762,70484,0.8738890139495737,0
207f219a-ovo_29_t121_aug_0.png,41999,0,0,0.0,28483,0.6781828138765209,70482,0.780623676804577,0
207f219a-ovo_29_t121_aug_1.png,42002,0,0,0.0,28481,0.6780867577734394,70483,0.7911427891219829,0
207f219a-ovo_29_t121_aug_2.png,42004,0,0,0.0,28476,0.6779354347205028,70480,0.77332190123546,0
2106592b-ovo_15_t66.png,39712,0,0,0.0,28557,0.7191025382755842,68269,0.8729871441366843,0
2106592b-ovo_15_t66_aug_0.png,39712,0,0,0.0,28557,0.7191025382755842,68269,0.8729871441366843,0
2106592b-ovo_15_t66_aug_1.png,39712,0,0,0.0,28557,0.7191025382755842,68269,0.8729871441366843,0
2106592b-ovo_15_t66_aug_2.png,39712,0,0,0.0,28557,0.7191025382755842,68269,0.8729871441366843,0
21164ed9-ovo_23_t141.png,48303,0,0,0.0,57264,1.185516427551084,105567,0.8765997011022526,0
21164ed9-ovo_23_t141_aug_0.png,48303,0,0,0.0,57264,1.185516427551084,105567,0.8765997011022526,0
21164ed9-ovo_23_t141_aug_1.png,48302,0,0,0.0,57263,1.185520268311871,105565,0.8268165025662124,0
21164ed9-ovo_23_t141_aug_2.png,48301,0,0,0.0,57267,1.18562762675721,105568,0.8549025708117651,0
218edc8c-ovo_37_t6.png,44967,0,0,0.0,33155,0.7373184779949741,78122,0.8726429249333619,0
218edc8c-ovo_37_t6_aug_0.png,44967,0,0,0.0,33155,0.7373184779949741,78122,0.8726429249333619,0
218edc8c-ovo_37_t6_aug_1.png,44967,0,0,0.0,33155,0.7373184779949741,78122,0.8726429249333619,0
218edc8c-ovo_37_t6_aug_2.png,44967,0,0,0.0,33153,0.7372740009340183,78120,0.8149922773336538,0
21d18720-ovo_30_t181.png,41076,0,0,0.0,0,0.0,41076,0.8787717921844977,0
21d18720-ovo_30_t181_aug_0.png,41076,0,0,0.0,0,0.0,41076,0.8787717921844977,0
21d18720-ovo_30_t181_aug_1.png,41076,0,0,0.0,0,0.0,41076,0.8787717921844977,0
21d18720-ovo_30_t181_aug_2.png,41084,0,0,0.0,0,0.0,41084,0.790832252964408,0
21ef9d52-ovo_50_t286.png,46585,0,0,0.0,65348,1.4027691316947517,111933,0.8836175863361445,0
21ef9d52-ovo_50_t286_aug_0.png,46585,0,0,0.0,65351,1.402833530106257,111936,0.833921948119521,0
21ef9d52-ovo_50_t286_aug_1.png,46584,0,0,0.0,65348,1.402799244375751,111932,0.8727518567096989,0
21ef9d52-ovo_50_t286_aug_2.png,46585,0,0,0.0,65352,1.402854996243426,111937,0.852013343202857,0
2202accb-ovo_16_t146.png,48466,0,0,0.0,31588,0.6517558700944992,80054,0.8607636390066312,0
2202accb-ovo_16_t146_aug_0.png,48472,0,0,0.0,31578,0.6514688892556527,80050,0.7605506515606002,0
2202accb-ovo_16_t146_aug_1.png,48464,0,0,0.0,31576,0.6515351601188512,80040,0.7409322565620516,0
2202accb-ovo_16_t146_aug_2.png,48466,0,0,0.0,31588,0.6517558700944992,80054,0.8607636390066312,0
222e2c6f-ovo_21_t86.png,46279,0,0,0.0,40063,0.8656842196244517,86342,0.8680921070489711,0
222e2c6f-ovo_21_t86_aug_0.png,46282,0,0,0.0,40062,0.8656064992869799,86344,0.8286532011119782,0
222e2c6f-ovo_21_t86_aug_1.png,46282,0,0,0.0,40055,0.8654552525819973,86337,0.8128502833980765,0
222e2c6f-ovo_21_t86_aug_2.png,46279,0,0,0.0,40063,0.8656842196244517,86342,0.8680921070489711,0
22ecbeb2-eovo_260_t1.png,0,0,0,0.0,235929,0.0,235929,0.8634994044959845,0
22ecbeb2-eovo_260_t1_aug_0.png,0,0,0,0.0,235922,0.0,235922,0.8201890921073275,0
22ecbeb2-eovo_260_t1_aug_1.png,0,0,0,0.0,235932,0.0,235932,0.7952866925254751,0
22ecbeb2-eovo_260_t1_aug_2.png,0,0,0,0.0,235926,0.0,235926,0.7471876686725255,0
231a1e07-ovo_09_t221.png,42505,1735,1,0.0408187272085637,34725,0.81696271026938,78965,0.8744570681392195,1
231a1e07-ovo_09_t221_aug_0.png,42506,1734,1,0.0407942408130616,34722,0.816872912059474,78962,0.8229174364828442,1
231a1e07-ovo_09_t221_aug_1.png,42505,1735,1,0.0408187272085637,34725,0.81696271026938,78965,0.8744570681392195,1
231a1e07-ovo_09_t221_aug_2.png,42505,1735,1,0.0408187272085637,34725,0.81696271026938,78965,0.8744570681392195,1
2327fe0e-ovo_04_t1.png,46572,0,0,0.0,33752,0.7247273039594606,80324,0.8701515936988855,0
2327fe0e-ovo_04_t1_aug_0.png,46572,0,0,0.0,33752,0.7247273039594606,80324,0.8701515936988855,0
2327fe0e-ovo_04_t1_aug_1.png,46572,0,0,0.0,33752,0.7247273039594606,80324,0.8701515936988855,0
2327fe0e-ovo_04_t1_aug_2.png,46572,0,0,0.0,33752,0.7247273039594606,80324,0.8701515936988855,0
239f9975-ovo_37_t51.png,45548,0,0,0.0,32173,0.7063537367173092,77721,0.885875074236836,0
239f9975-ovo_37_t51_aug_0.png,45553,0,0,0.0,32175,0.706320110640353,77728,0.8156202179725256,0
239f9975-ovo_37_t51_aug_1.png,45547,0,0,0.0,32173,0.70636924495576,77720,0.7955942179489751,0
239f9975-ovo_37_t51_aug_2.png,45548,0,0,0.0,32173,0.7063537367173092,77721,0.885875074236836,0
23a4c70a-ovo_40_t71.png,46240,0,0,0.0,37569,0.8124783737024222,83809,0.8758834425251041,0
23a4c70a-ovo_40_t71_aug_0.png,46240,0,0,0.0,37569,0.8124783737024222,83809,0.8758834425251041,0
23a4c70a-ovo_40_t71_aug_1.png,46237,0,0,0.0,37572,0.8125959729221186,83809,0.8736168754148094,0
23a4c70a-ovo_40_t71_aug_2.png,46242,0,0,0.0,37561,0.8122702305263613,83803,0.7796352031603421,0
23f86a6e-eovo_86_t1.png,0,0,0,0.0,228710,0.0,228710,0.870504453411959,0
23f86a6e-eovo_86_t1_aug_0.png,0,0,0,0.0,228716,0.0,228716,0.8203301135626251,0
23f86a6e-eovo_86_t1_aug_1.png,0,0,0,0.0,228710,0.0,228710,0.870504453411959,0
23f86a6e-eovo_86_t1_aug_2.png,0,0,0,0.0,228722,0.0,228722,0.7520107813787128,0
246faafd-ovo_38_t6.png,47493,0,0,0.0,35490,0.7472680184448235,82983,0.8569844371688748,0
246faafd-ovo_38_t6_aug_0.png,47496,0,0,0.0,35488,0.7471787097860872,82984,0.8102017833383434,0
246faafd-ovo_38_t6_aug_1.png,47496,0,0,0.0,35481,0.7470313289540171,82977,0.7613197245756352,0
246faafd-ovo_38_t6_aug_2.png,47493,0,0,0.0,35490,0.7472680184448235,82983,0.8569844371688748,0
24764b21-eovo_463_t1.png,87976,0,0,0.0,128768,1.4636719105210512,216744,0.8663888349308788,0
24764b21-eovo_463_t1_aug_0.png,87976,0,0,0.0,128768,1.4636719105210512,216744,0.8663888349308788,0
24764b21-eovo_463_t1_aug_1.png,87976,0,0,0.0,128762,1.4636037101027553,216738,0.8072037144466747,0
24764b21-eovo_463_t1_aug_2.png,87976,0,0,0.0,128768,1.4636719105210512,216744,0.8663888349308788,0
24939997-ovo_52_t21.png,41671,0,0,0.0,34357,0.8244822538456,76028,0.8799057587215372,0
24939997-ovo_52_t21_aug_0.png,41669,0,0,0.0,34359,0.824569824089851,76028,0.8411874563929139,0
24939997-ovo_52_t21_aug_1.png,41672,0,0,0.0,34348,0.8242464964484546,76020,0.7839304795836022,0
24939997-ovo_52_t21_aug_2.png,41671,0,0,0.0,34357,0.8244822538456,76028,0.8799057587215372,0
24a18992-ovo_39_t186.png,40016,0,0,0.0,39406,0.9847560975609756,79422,0.8803406457455677,0
24a18992-ovo_39_t186_aug_0.png,40022,0,0,0.0,39404,0.984558492828944,79426,0.8235110072466737,0
24a18992-ovo_39_t186_aug_1.png,40016,0,0,0.0,39406,0.9847560975609756,79422,0.8803406457455677,0
24a18992-ovo_39_t186_aug_2.png,40015,0,0,0.0,39411,0.9849056603773584,79426,0.8466969595236237,0
2506b144-ovo_06_t206.png,28683,0,0,0.0,65951,2.2993062092528675,94634,0.8900032265934389,0
2506b144-ovo_06_t206_aug_0.png,28684,0,0,0.0,64942,2.26404964440106,93626,0.8043832505424153,0
2506b144-ovo_06_t206_aug_1.png,28683,0,0,0.0,65951,2.2993062092528675,94634,0.8900032265934389,0
2506b144-ovo_06_t206_aug_2.png,28683,0,0,0.0,65590,2.286720357005892,94273,0.8243046151187134,0
253bf384-ovo_40_t41.png,46275,0,0,0.0,36485,0.7884386817936251,82760,0.8693305591868798,0
253bf384-ovo_40_t41_aug_0.png,46275,0,0,0.0,36485,0.7884386817936251,82760,0.8693305591868798,0
253bf384-ovo_40_t41_aug_1.png,46275,0,0,0.0,36485,0.7884386817936251,82760,0.8693305591868798,0
253bf384-ovo_40_t41_aug_2.png,46275,0,0,0.0,36486,0.7884602917341977,82761,0.8529933143192621,0
25661f40-ovo_22_t156.png,43636,0,0,0.0,38113,0.8734301952516271,81749,0.8806294689914612,0
25661f40-ovo_22_t156_aug_0.png,43635,0,0,0.0,38114,0.8734731293686261,81749,0.8191348679880046,0
25661f40-ovo_22_t156_aug_1.png,43644,0,0,0.0,38104,0.8730638804875813,81748,0.8208565454926752,0
25661f40-ovo_22_t156_aug_2.png,43636,0,0,0.0,38113,0.8734301952516271,81749,0.8806294689914612,0
257536b0-ovo_34_t6.png,24854,0,0,0.0,28424,1.1436388508891928,53278,0.8773204269981099,0
257536b0-ovo_34_t6_aug_0.png,24848,0,0,0.0,28419,1.1437137797810688,53267,0.7588813461263492,0
257536b0-ovo_34_t6_aug_1.png,24854,0,0,0.0,28424,1.1436388508891928,53278,0.8773204269981099,0
257536b0-ovo_34_t6_aug_2.png,24842,0,0,0.0,28434,1.1445938330247163,53276,0.7493097728384249,0
25e08370-ovo_15_t21.png,38876,0,0,0.0,30620,0.7876324724765923,69496,0.8786913160454288,0
25e08370-ovo_15_t21_aug_0.png,38865,0,0,0.0,30630,0.7881126978000772,69495,0.7580681557807022,0
25e08370-ovo_15_t21_aug_1.png,38870,0,0,0.0,30633,0.788088500128634,69503,0.7890808303790046,0
25e08370-ovo_15_t21_aug_2.png,38876,0,0,0.0,30620,0.7876324724765923,69496,0.8786913160454288,0
25fb37d8-ovo_21_t136.png,45621,0,0,0.0,37690,0.8261546217750597,83311,0.875565773892514,0
25fb37d8-ovo_21_t136_aug_0.png,45610,0,0,0.0,37691,0.8263757947818461,83301,0.7598212492461914,0
25fb37d8-ovo_21_t136_aug_1.png,45617,0,0,0.0,37699,0.8264243593397198,83316,0.7721044653492839,0
25fb37d8-ovo_21_t136_aug_2.png,45621,0,0,0.0,37690,0.8261546217750597,83311,0.875565773892514,0
26104adf-eovo_104_t1.png,0,0,0,0.0,191598,0.0,191598,0.8643923763749092,0
26104adf-eovo_104_t1_aug_0.png,0,0,0,0.0,191602,0.0,191602,0.8320123750727667,0
26104adf-eovo_104_t1_aug_1.png,0,0,0,0.0,191598,0.0,191598,0.8643923763749092,0
26104adf-eovo_104_t1_aug_2.png,0,0,0,0.0,191606,0.0,191606,0.7540950716758488,0
2617be16-ovo_39_t271.png,40145,0,0,0.0,41621,1.0367667206376885,81766,0.8786795244791855,0
2617be16-ovo_39_t271_aug_0.png,40145,0,0,0.0,41621,1.0367667206376885,81766,0.8786795244791855,0
2617be16-ovo_39_t271_aug_1.png,40153,0,0,0.0,41619,1.036510347919209,81772,0.7678100733604184,0
2617be16-ovo_39_t271_aug_2.png,40146,0,0,0.0,41621,1.0367408957305837,81767,0.7808209377123511,0
262e4779-ovo_09_t216.png,42459,2126,1,0.0500718340045691,36826,0.8673308368072729,81411,0.866861816872096,1
262e4779-ovo_09_t216_aug_0.png,42459,2126,1,0.0500718340045691,36826,0.8673308368072729,81411,0.866861816872096,1
262e4779-ovo_09_t216_aug_1.png,42459,2126,1,0.0500718340045691,36826,0.8673308368072729,81411,0.866861816872096,1
262e4779-ovo_09_t216_aug_2.png,42457,2123,1,0.0500035329863155,36836,0.8676072261346774,81416,0.7679229789637942,1
268358c4-ovo_06_t26.png,33810,0,0,0.0,59870,1.7707778763679385,93680,0.8799159597377432,0
268358c4-ovo_06_t26_aug_0.png,33810,0,0,0.0,59870,1.7707778763679385,93680,0.8799159597377432,0
268358c4-ovo_06_t26_aug_1.png,33810,0,0,0.0,59870,1.7707778763679385,93680,0.8799159597377432,0
268358c4-ovo_06_t26_aug_2.png,33810,0,0,0.0,59870,1.7707778763679385,93680,0.8799159597377432,0
26f6fc0d-ovo_52_t86.png,45171,0,0,0.0,35156,0.7782869540191716,80327,0.8750074740873182,0
26f6fc0d-ovo_52_t86_aug_0.png,45174,0,0,0.0,35145,0.777991765174658,80319,0.811771994271745,0
26f6fc0d-ovo_52_t86_aug_1.png,45171,0,0,0.0,35156,0.7782869540191716,80327,0.8750074740873182,0
26f6fc0d-ovo_52_t86_aug_2.png,45165,0,0,0.0,35155,0.7783682054688364,80320,0.7519109225879984,0
270a9025-ovo_55_t226.png,45313,0,0,0.0,34613,0.7638646745966942,79926,0.8631494216012497,0
270a9025-ovo_55_t226_aug_0.png,45309,0,0,0.0,34618,0.7640424639696307,79927,0.807761256162546,0
270a9025-ovo_55_t226_aug_1.png,45313,0,0,0.0,34613,0.7638646745966942,79926,0.8631494216012497,0
270a9025-ovo_55_t226_aug_2.png,45316,0,0,0.0,34612,0.7637920381322271,79928,0.7834270866708859,0
27a6cc44-eovo_217_t1.png,0,0,0,0.0,214895,0.0,214895,0.8510580252151526,0
27a6cc44-eovo_217_t1_aug_0.png,0,0,0,0.0,214895,0.0,214895,0.8510580252151526,0
27a6cc44-eovo_217_t1_aug_1.png,0,0,0,0.0,214898,0.0,214898,0.820626797226033,0
27a6cc44-eovo_217_t1_aug_2.png,0,0,0,0.0,214895,0.0,214895,0.8510580252151526,0
27b46898-ovo_18_t156.png,44257,0,0,0.0,26096,0.5896468355288429,70353,0.8686126237928389,0
27b46898-ovo_18_t156_aug_0.png,44257,0,0,0.0,26096,0.5896468355288429,70353,0.8686126237928389,0
27b46898-ovo_18_t156_aug_1.png,44252,0,0,0.0,26101,0.5898264485221006,70353,0.8214474369200664,0
27b46898-ovo_18_t156_aug_2.png,44262,0,0,0.0,26084,0.5893091139126113,70346,0.7775656594707009,0
27e0a5b9-ovo_53_t56.png,41736,0,0,0.0,32831,0.7866350392946138,74567,0.8701906406527372,0
27e0a5b9-ovo_53_t56_aug_0.png,41737,0,0,0.0,32827,0.7865203536430505,74564,0.7433809706721539,0
27e0a5b9-ovo_53_t56_aug_1.png,41736,0,0,0.0,32831,0.7866350392946138,74567,0.8701906406527372,0
27e0a5b9-ovo_53_t56_aug_2.png,41732,0,0,0.0,32838,0.7868781750215662,74570,0.7672179127368225,0
281d2cfd-ovo_33_t191.png,41969,0,0,0.0,31395,0.748052133717744,73364,0.879769348266502,0
281d2cfd-ovo_33_t191_aug_0.png,41971,0,0,0.0,31392,0.7479450096495199,73363,0.86190800734366,0
281d2cfd-ovo_33_t191_aug_1.png,41969,0,0,0.0,31396,0.7480759608282304,73365,0.7730333350083418,0
281d2cfd-ovo_33_t191_aug_2.png,41965,0,0,0.0,31399,0.7482187537233409,73364,0.8078941395417171,0
2835f5ec-ovo_18_t16.png,40260,0,0,0.0,21595,0.5363884749130651,61855,0.8742414763185582,0
2835f5ec-ovo_18_t16_aug_0.png,40258,0,0,0.0,21592,0.5363406031099409,61850,0.7837809863265208,0
2835f5ec-ovo_18_t16_aug_1.png,40266,0,0,0.0,21591,0.5362092087617345,61857,0.7766235354189759,0
2835f5ec-ovo_18_t16_aug_2.png,40257,0,0,0.0,21598,0.5365029684278511,61855,0.8120207734706996,0
288d3d95-ovo_55_t151.png,46114,0,0,0.0,35586,0.7716962310794986,81700,0.8714375470541962,0
288d3d95-ovo_55_t151_aug_0.png,46117,0,0,0.0,35588,0.7716893987032981,81705,0.8357194320313519,0
288d3d95-ovo_55_t151_aug_1.png,46114,0,0,0.0,35586,0.7716962310794986,81700,0.8714375470541962,0
288d3d95-ovo_55_t151_aug_2.png,46114,0,0,0.0,35586,0.7716962310794986,81700,0.8714375470541962,0
296d9373-ovo_31_t131.png,43427,0,0,0.0,27809,0.6403619867824165,71236,0.8902102251939875,0
296d9373-ovo_31_t131_aug_0.png,43427,0,0,0.0,27809,0.6403619867824165,71236,0.8902102251939875,0
296d9373-ovo_31_t131_aug_1.png,43427,0,0,0.0,27809,0.6403619867824165,71236,0.8902102251939875,0
296d9373-ovo_31_t131_aug_2.png,43427,0,0,0.0,27809,0.6403619867824165,71236,0.8902102251939875,0
29fcb177-ovo_31_t1.png,0,0,0,0.0,73967,0.0,73967,0.8957788520860529,0
29fcb177-ovo_31_t1_aug_0.png,0,0,0,0.0,73967,0.0,73967,0.8957788520860529,0
29fcb177-ovo_31_t1_aug_1.png,0,0,0,0.0,73967,0.0,73967,0.8957788520860529,0
29fcb177-ovo_31_t1_aug_2.png,0,0,0,0.0,73967,0.0,73967,0.8957788520860529,0
2a12dd5a-eovo_3_t1.png,0,0,0,0.0,229800,0.0,229800,0.8508872490183678,0
2a12dd5a-eovo_3_t1_aug_0.png,0,0,0,0.0,229800,0.0,229800,0.8508872490183678,0
2a12dd5a-eovo_3_t1_aug_1.png,0,0,0,0.0,229800,0.0,229800,0.8508872490183678,0
2a12dd5a-eovo_3_t1_aug_2.png,0,0,0,0.0,229787,0.0,229787,0.7583470480959101,0
2a237265-eovo_416_t1.png,85269,0,0,0.0,131709,1.5446293494704992,216978,0.8735913580743041,0
2a237265-eovo_416_t1_aug_0.png,85269,0,0,0.0,131705,1.5445824391044811,216974,0.842727332336695,0
2a237265-eovo_416_t1_aug_1.png,85269,0,0,0.0,131709,1.5446293494704992,216978,0.8735913580743041,0
2a237265-eovo_416_t1_aug_2.png,85269,0,0,0.0,131709,1.5446293494704992,216978,0.8735913580743041,0
2a408850-ovo_53_t81.png,44019,0,0,0.0,32038,0.7278220768304595,76057,0.881024823540471,0
2a408850-ovo_53_t81_aug_0.png,44021,0,0,0.0,32031,0.727629994775221,76052,0.7597173085666817,0
2a408850-ovo_53_t81_aug_1.png,44009,0,0,0.0,32052,0.7283055738598923,76061,0.7580567773450272,0
2a408850-ovo_53_t81_aug_2.png,44012,0,0,0.0,32046,0.7281196037444333,76058,0.8441249371879842,0
2a43502f-ovo_51_t46.png,47506,0,0,0.0,35107,0.7390013892981939,82613,0.8810820792601833,0
2a43502f-ovo_51_t46_aug_0.png,47506,0,0,0.0,35107,0.7390013892981939,82613,0.8810820792601833,0
2a43502f-ovo_51_t46_aug_1.png,47504,0,0,0.0,35110,0.7390956551027282,82614,0.8422338384890071,0
2a43502f-ovo_51_t46_aug_2.png,47506,0,0,0.0,35107,0.7390013892981939,82613,0.8810820792601833,0
2bc1a433-ovo_38_t51.png,48484,0,0,0.0,40542,0.8361933833842092,89026,0.8857547666532626,0
2bc1a433-ovo_38_t51_aug_0.png,48484,0,0,0.0,40542,0.8361933833842092,89026,0.8857547666532626,0
2bc1a433-ovo_38_t51_aug_1.png,48484,0,0,0.0,40542,0.8361933833842092,89026,0.8857547666532626,0
2bc1a433-ovo_38_t51_aug_2.png,48484,0,0,0.0,40542,0.8361933833842092,89026,0.8857547666532626,0
2bfd08f1-ovo_55_t266.png,46714,0,0,0.0,30387,0.6504902170655478,77101,0.8634552873140875,0
2bfd08f1-ovo_55_t266_aug_0.png,46717,0,0,0.0,30386,0.6504270394074962,77103,0.7500337205511298,0
2bfd08f1-ovo_55_t266_aug_1.png,46726,0,0,0.0,30372,0.6500021401361127,77098,0.7484264308978384,0
2bfd08f1-ovo_55_t266_aug_2.png,46720,0,0,0.0,30376,0.6501712328767123,77096,0.7650357834569439,0
2c0e9c55-ovo_47_t196.png,41165,0,0,0.0,47541,1.1548888618972428,88706,0.8842070502776069,0
2c0e9c55-ovo_47_t196_aug_0.png,41165,0,0,0.0,47541,1.1548888618972428,88706,0.8842070502776069,0
2c0e9c55-ovo_47_t196_aug_1.png,41165,0,0,0.0,47541,1.1548888618972428,88706,0.8842070502776069,0
2c0e9c55-ovo_47_t196_aug_2.png,41163,0,0,0.0,47544,1.155017855841411,88707,0.7685608062099928,0
2c50f885-eovo_92_t1.png,0,0,0,0.0,203080,0.0,203080,0.8691117055318578,0
2c50f885-eovo_92_t1_aug_0.png,0,0,0,0.0,203083,0.0,203083,0.8580693238398236,0
2c50f885-eovo_92_t1_aug_1.png,0,0,0,0.0,203080,0.0,203080,0.8691117055318578,0
2c50f885-eovo_92_t1_aug_2.png,0,0,0,0.0,203086,0.0,203086,0.7673199140680174,0
2d5abe1a-ovo_55_t156.png,45978,0,0,0.0,35688,0.7761973117577972,81666,0.8686184070084277,0
2d5abe1a-ovo_55_t156_aug_0.png,45979,0,0,0.0,35674,0.7758759433654494,81653,0.7624680374241155,0
2d5abe1a-ovo_55_t156_aug_1.png,45978,0,0,0.0,35688,0.7761973117577972,81666,0.8686184070084277,0
2d5abe1a-ovo_55_t156_aug_2.png,45982,0,0,0.0,35679,0.7759340611543647,81661,0.7706944216920193,0
2d614acf-ovo_09_t131.png,48367,0,0,0.0,37379,0.772820311369322,85746,0.88740665532293,0
2d614acf-ovo_09_t131_aug_0.png,48367,0,0,0.0,37379,0.772820311369322,85746,0.88740665532293,0
2d614acf-ovo_09_t131_aug_1.png,48368,0,0,0.0,37378,0.7727836586172676,85746,0.8310672399828147,0
2d614acf-ovo_09_t131_aug_2.png,48365,0,0,0.0,37385,0.772976325855474,85750,0.8551433523072811,0
2daad8ff-ovo_04_t136.png,46520,0,0,0.0,32611,0.7010103181427343,79131,0.8747290562888584,0
2daad8ff-ovo_04_t136_aug_0.png,46526,0,0,0.0,32623,0.701177836048661,79149,0.7639906516352836,0
2daad8ff-ovo_04_t136_aug_1.png,46529,0,0,0.0,32611,0.7008747232908509,79140,0.7754808489408537,0
2daad8ff-ovo_04_t136_aug_2.png,46520,0,0,0.0,32613,0.7010533104041272,79133,0.870885900491914,0
2db7d455-ovo_04_t261.png,47159,0,0,0.0,33575,0.7119531796687801,80734,0.8666076901693418,0
2db7d455-ovo_04_t261_aug_0.png,47160,0,0,0.0,33575,0.7119380831212893,80735,0.8510662860389416,0
2db7d455-ovo_04_t261_aug_1.png,47160,0,0,0.0,33578,0.7120016963528414,80738,0.8238737741127027,0
2db7d455-ovo_04_t261_aug_2.png,47157,0,0,0.0,33572,0.7119197574061115,80729,0.7632613526305796,0
2e58f874-ovo_55_t71.png,45734,0,0,0.0,34512,0.7546245681549831,80246,0.8683194666197789,0
2e58f874-ovo_55_t71_aug_0.png,45734,0,0,0.0,34512,0.7546245681549831,80246,0.8683194666197789,0
2e58f874-ovo_55_t71_aug_1.png,45734,0,0,0.0,34512,0.7546245681549831,80246,0.8683194666197789,0
2e58f874-ovo_55_t71_aug_2.png,45722,0,0,0.0,34522,0.7550413367744193,80244,0.7498508248295311,0
2ed88821-eovo_62_t1.png,81,0,0,0.0,201195,2483.8888888888887,201276,0.8801058804510272,0
2ed88821-eovo_62_t1_aug_0.png,81,0,0,0.0,201195,2483.8888888888887,201276,0.8801058804510272,0
2ed88821-eovo_62_t1_aug_1.png,74,0,0,0.0,201188,2718.7567567567567,201262,0.84921561821462,0
2ed88821-eovo_62_t1_aug_2.png,72,0,0,0.0,201195,2794.375,201267,0.8153717393440012,0
2eee0257-ovo_06_t6.png,36443,0,0,0.0,57180,1.5690256016244546,93623,0.8517549947184311,0
2eee0257-ovo_06_t6_aug_0.png,36443,0,0,0.0,57180,1.5690256016244546,93623,0.8517549947184311,0
2eee0257-ovo_06_t6_aug_1.png,36443,0,0,0.0,57180,1.5690256016244546,93623,0.8517549947184311,0
2eee0257-ovo_06_t6_aug_2.png,36443,0,0,0.0,57180,1.5690256016244546,93623,0.8517549947184311,0
2f10feea-ovo_51_t181.png,45741,0,0,0.0,34671,0.7579851774119499,80412,0.8848300828778201,0
2f10feea-ovo_51_t181_aug_0.png,45741,0,0,0.0,34671,0.7579851774119499,80412,0.8848300828778201,0
2f10feea-ovo_51_t181_aug_1.png,45745,0,0,0.0,34667,0.757831456989835,80412,0.7809517892138379,0
2f10feea-ovo_51_t181_aug_2.png,45738,0,0,0.0,34675,0.7581223490314399,80413,0.8676381557740702,0
2f4b0797-ovo_05_t61.png,47255,0,0,0.0,47775,1.0110041265474552,95030,0.8851278065944688,0
2f4b0797-ovo_05_t61_aug_0.png,47255,0,0,0.0,47775,1.0110041265474552,95030,0.8851278065944688,0
2f4b0797-ovo_05_t61_aug_1.png,47255,0,0,0.0,47775,1.0110041265474552,95030,0.8851278065944688,0
2f4b0797-ovo_05_t61_aug_2.png,47255,0,0,0.0,47760,1.010686699820125,95015,0.780430436511873,0
2f9ec253-ovo_06_t251.png,28381,0,0,0.0,66426,2.340509495789437,94807,0.8707979754789781,0
2f9ec253-ovo_06_t251_aug_0.png,28381,0,0,0.0,66426,2.340509495789437,94807,0.8707979754789781,0
2f9ec253-ovo_06_t251_aug_1.png,28379,0,0,0.0,64975,2.289545086155256,93354,0.771333166188014,0
2f9ec253-ovo_06_t251_aug_2.png,28381,0,0,0.0,66426,2.340509495789437,94807,0.8707979754789781,0
2fe91c5f-ovo_40_t31.png,46502,0,0,0.0,38912,0.8367812137112383,85414,0.8750739951105424,0
2fe91c5f-ovo_40_t31_aug_0.png,46502,0,0,0.0,38912,0.8367812137112383,85414,0.8750739951105424,0
2fe91c5f-ovo_40_t31_aug_1.png,46498,0,0,0.0,38915,0.8369177168910491,85413,0.8053876746150518,0
2fe91c5f-ovo_40_t31_aug_2.png,46502,0,0,0.0,38912,0.8367812137112383,85414,0.8750739951105424,0
2ffc749a-ovo_06_t56.png,32981,0,0,0.0,58393,1.7705042297080138,91374,0.8744968864232606,0
2ffc749a-ovo_06_t56_aug_0.png,32966,0,0,0.0,57968,1.7584177637565976,90934,0.8039583431437227,0
2ffc749a-ovo_06_t56_aug_1.png,32972,0,0,0.0,58240,1.7663472036879777,91212,0.8442473871726072,0
2ffc749a-ovo_06_t56_aug_2.png,32980,0,0,0.0,58405,1.7709217707701637,91385,0.7879297501789556,0
304626cc-ovo_53_t36.png,40399,0,0,0.0,29904,0.740216341988663,70303,0.872906769314707,0
304626cc-ovo_53_t36_aug_0.png,40400,0,0,0.0,29904,0.7401980198019802,70304,0.8661641917570314,0
304626cc-ovo_53_t36_aug_1.png,40399,0,0,0.0,29904,0.740216341988663,70303,0.872906769314707,0
304626cc-ovo_53_t36_aug_2.png,40397,0,0,0.0,29910,0.7404015149639824,70307,0.8517465711539597,0
3077923a-ovo_33_t231.png,41097,0,0,0.0,31970,0.7779156629437672,73067,0.8766555176584343,0
3077923a-ovo_33_t231_aug_0.png,41100,0,0,0.0,31977,0.778029197080292,73077,0.7894055757106653,0
3077923a-ovo_33_t231_aug_1.png,41095,0,0,0.0,31978,0.7781481932108529,73073,0.8336712423723651,0
3077923a-ovo_33_t231_aug_2.png,41100,0,0,0.0,31969,0.7778345498783455,73069,0.7785064909380913,0
30d15850-ovo_24_t71.png,42880,0,0,0.0,37911,0.8841184701492537,80791,0.877344675734067,0
30d15850-ovo_24_t71_aug_0.png,42880,0,0,0.0,37911,0.8841184701492537,80791,0.877344675734067,0
30d15850-ovo_24_t71_aug_1.png,42876,0,0,0.0,37914,0.8842709207948503,80790,0.8727142346038986,0
30d15850-ovo_24_t71_aug_2.png,42880,0,0,0.0,37911,0.8841184701492537,80791,0.877344675734067,0
30e322a4-ovo_53_t151.png,42801,0,0,0.0,32677,0.7634634704796617,75478,0.8804795815877333,0
30e322a4-ovo_53_t151_aug_0.png,42801,0,0,0.0,32677,0.7634634704796617,75478,0.8804795815877333,0
30e322a4-ovo_53_t151_aug_1.png,42801,0,0,0.0,32677,0.7634634704796617,75478,0.8804795815877333,0
30e322a4-ovo_53_t151_aug_2.png,42801,0,0,0.0,32677,0.7634634704796617,75478,0.8804795815877333,0
3155c736-ovo_06_t181.png,30552,0,0,0.0,62277,2.0383935585231736,92829,0.8754207954743609,0
3155c736-ovo_06_t181_aug_0.png,30552,0,0,0.0,62277,2.0383935585231736,92829,0.8754207954743609,0
3155c736-ovo_06_t181_aug_1.png,30552,0,0,0.0,62277,2.0383935585231736,92829,0.8754207954743609,0
3155c736-ovo_06_t181_aug_2.png,30552,0,0,0.0,62277,2.0383935585231736,92829,0.8754207954743609,0
31560c2e-ovo_08_t41.png,47156,0,0,0.0,34693,0.735707015013996,81849,0.8688632743865746,0
31560c2e-ovo_08_t41_aug_0.png,47156,0,0,0.0,34693,0.735707015013996,81849,0.8688632743865746,0
31560c2e-ovo_08_t41_aug_1.png,47153,0,0,0.0,34703,0.7359658982461349,81856,0.8255962792612884,0
31560c2e-ovo_08_t41_aug_2.png,47158,0,0,0.0,34698,0.7357818397726791,81856,0.8269914198567008,0
318188db-ovo_51_t251.png,46302,0,0,0.0,30944,0.6683080644464602,77246,0.8738124435495174,0
318188db-ovo_51_t251_aug_0.png,46302,0,0,0.0,30944,0.6683080644464602,77246,0.8738124435495174,0
318188db-ovo_51_t251_aug_1.png,46302,0,0,0.0,30944,0.6683080644464602,77246,0.8738124435495174,0
318188db-ovo_51_t251_aug_2.png,46297,0,0,0.0,30947,0.6684450396353976,77244,0.7660348152208468,0
31a9d465-ovo_05_t101.png,47648,0,0,0.0,45362,0.9520231699126932,93010,0.8834525105186356,0
31a9d465-ovo_05_t101_aug_0.png,47651,0,0,0.0,45361,0.9519422467524292,93012,0.8212637001314224,0
31a9d465-ovo_05_t101_aug_1.png,47641,0,0,0.0,45381,0.952561868978401,93022,0.7538331249315879,0
31a9d465-ovo_05_t101_aug_2.png,47638,0,0,0.0,45376,0.9525168982744868,93014,0.7621515159718459,0
320505cc-eovo_648_t1.png,86294,0,0,0.0,100570,1.1654344450367349,186864,0.8587812028130729,0
320505cc-eovo_648_t1_aug_0.png,86294,0,0,0.0,100568,1.1654112684543536,186862,0.8194055948636456,0
320505cc-eovo_648_t1_aug_1.png,86294,0,0,0.0,100570,1.1654344450367349,186864,0.8587812028130729,0
320505cc-eovo_648_t1_aug_2.png,86296,0,0,0.0,100554,1.1652220265133957,186850,0.7612521729764643,0
32341fa0-ovo_24_t31.png,43284,0,0,0.0,36405,0.8410729137787635,79689,0.8770704450987237,0
32341fa0-ovo_24_t31_aug_0.png,43282,0,0,0.0,36408,0.8411810914467908,79690,0.759132934208789,0
32341fa0-ovo_24_t31_aug_1.png,43284,0,0,0.0,36405,0.8410729137787635,79689,0.8770704450987237,0
32341fa0-ovo_24_t31_aug_2.png,43284,0,0,0.0,36405,0.8410729137787635,79689,0.8770704450987237,0
323b05ba-ovo_52_t256.png,44804,0,0,0.0,33147,0.7398223372913133,77951,0.8689660009503073,0
323b05ba-ovo_52_t256_aug_0.png,44809,0,0,0.0,33152,0.7398513691445915,77961,0.7919417536560162,0
323b05ba-ovo_52_t256_aug_1.png,44804,0,0,0.0,33147,0.7398223372913133,77951,0.8689660009503073,0
323b05ba-ovo_52_t256_aug_2.png,44809,0,0,0.0,33160,0.7400299047066438,77969,0.7392607199764503,0
327cca3b-eovo_440_t1.png,106762,0,0,0.0,106446,0.9970401453700756,213208,0.8756007675116446,0
327cca3b-eovo_440_t1_aug_0.png,106764,0,0,0.0,106431,0.9968809711138586,213195,0.7738091663503821,0
327cca3b-eovo_440_t1_aug_1.png,106762,0,0,0.0,106446,0.9970401453700756,213208,0.8756007675116446,0
327cca3b-eovo_440_t1_aug_2.png,106754,0,0,0.0,106456,0.99720853551155,213210,0.8002968409754112,0
32baaccf-eovo_533_t1.png,91374,0,0,0.0,89615,0.9807494473263728,180989,0.8656210430951827,0
32baaccf-eovo_533_t1_aug_0.png,91380,0,0,0.0,89585,0.980356752024513,180965,0.7611272991070225,0
32baaccf-eovo_533_t1_aug_1.png,91374,0,0,0.0,89615,0.9807494473263728,180989,0.8656210430951827,0
32baaccf-eovo_533_t1_aug_2.png,91374,0,0,0.0,89615,0.9807494473263728,180989,0.8656210430951827,0
32cc0c0b-ovo_11_t96.png,41725,0,0,0.0,30985,0.7426003594967047,72710,0.8706837087449545,0
32cc0c0b-ovo_11_t96_aug_0.png,41725,0,0,0.0,30985,0.7426003594967047,72710,0.8706837087449545,0
32cc0c0b-ovo_11_t96_aug_1.png,41725,0,0,0.0,30985,0.7426003594967047,72710,0.8706837087449545,0
32cc0c0b-ovo_11_t96_aug_2.png,41725,0,0,0.0,30985,0.7426003594967047,72710,0.8706837087449545,0
33310097-ovo_47_t91.png,42065,0,0,0.0,41629,0.9896350885534292,83694,0.8767098128563494,0
33310097-ovo_47_t91_aug_0.png,42065,0,0,0.0,41629,0.9896350885534292,83694,0.8767098128563494,0
33310097-ovo_47_t91_aug_1.png,42065,0,0,0.0,41629,0.9896350885534292,83694,0.8767098128563494,0
33310097-ovo_47_t91_aug_2.png,42061,0,0,0.0,41628,0.9897054278310072,83689,0.7927365948783182,0
336e3ea2-eovo_483_t1.png,80884,0,0,0.0,98796,1.2214529449582117,179680,0.8626142929984181,0
336e3ea2-eovo_483_t1_aug_0.png,80884,0,0,0.0,98804,1.221551852035013,179688,0.8286263960977929,0
336e3ea2-eovo_483_t1_aug_1.png,80886,0,0,0.0,98801,1.2214845585144525,179687,0.8184994659174469,0
336e3ea2-eovo_483_t1_aug_2.png,80894,0,0,0.0,98775,1.221042351719534,179669,0.796259913405066,0
3436ca8b-ovo_10_t131.png,44283,0,0,0.0,35226,0.7954745613440823,79509,0.8707996508843018,0
3436ca8b-ovo_10_t131_aug_0.png,44292,0,0,0.0,35222,0.7952226135645263,79514,0.7680305725601294,0
3436ca8b-ovo_10_t131_aug_1.png,44281,0,0,0.0,35231,0.7956234050721528,79512,0.7707295841928389,0
3436ca8b-ovo_10_t131_aug_2.png,44283,0,0,0.0,35226,0.7954745613440823,79509,0.8707996508843018,0
347ea432-ovo_19_t76.png,43109,0,0,0.0,22480,0.5214688348140759,65589,0.1507594845175398,2
347ea432-ovo_19_t76_aug_0.png,43109,0,0,0.0,22480,0.5214688348140759,65589,0.1507594845175398,2
347ea432-ovo_19_t76_aug_1.png,43104,0,0,0.0,22479,0.5215061247216035,65583,0.136814906237532,2
347ea432-ovo_19_t76_aug_2.png,43103,0,0,0.0,22475,0.5214254228243974,65578,0.1368567295190492,2
34ae94b2-ovo_05_t146.png,47186,0,0,0.0,42888,0.9089136608316026,90074,0.8877907828052101,0
34ae94b2-ovo_05_t146_aug_0.png,47186,0,0,0.0,42888,0.9089136608316026,90074,0.8877907828052101,0
34ae94b2-ovo_05_t146_aug_1.png,47186,0,0,0.0,42888,0.9089136608316026,90074,0.8877907828052101,0
34ae94b2-ovo_05_t146_aug_2.png,47186,0,0,0.0,42888,0.9089136608316026,90074,0.8877907828052101,0
34c9c541-ovo_31_t266.png,46280,0,0,0.0,23716,0.5124459809853068,69996,0.8791801891709685,0
34c9c541-ovo_31_t266_aug_0.png,46280,0,0,0.0,23716,0.5124459809853068,69996,0.8791801891709685,0
34c9c541-ovo_31_t266_aug_1.png,46280,0,0,0.0,23716,0.5124459809853068,69996,0.8791801891709685,0
34c9c541-ovo_31_t266_aug_2.png,46280,0,0,0.0,23716,0.5124459809853068,69996,0.8791801891709685,0
353b1036-eovo_422_t1.png,94432,0,0,0.0,119018,1.2603566587597426,213450,0.8604831863959473,0
353b1036-eovo_422_t1_aug_0.png,94432,0,0,0.0,119018,1.2603566587597426,213450,0.8604831863959473,0
353b1036-eovo_422_t1_aug_1.png,94432,0,0,0.0,119018,1.2603566587597426,213450,0.8604831863959473,0
353b1036-eovo_422_t1_aug_2.png,94429,0,0,0.0,119020,1.260417880100393,213449,0.7692766282862827,0
35630b63-ovo_53_t141.png,43025,0,0,0.0,36807,0.8554793724578733,79832,0.8890693931049819,0
35630b63-ovo_53_t141_aug_0.png,43016,0,0,0.0,36819,0.8559373256462711,79835,0.793941371206202,0
35630b63-ovo_53_t141_aug_1.png,43023,0,0,0.0,36809,0.855565627687516,79832,0.8644054069990987,0
35630b63-ovo_53_t141_aug_2.png,43021,0,0,0.0,36805,0.8555124241649427,79826,0.7686480836299987,0
3631abd4-eovo_28_t1.png,0,0,0,0.0,201160,0.0,201160,0.8184856380752026,0
3631abd4-eovo_28_t1_aug_0.png,0,0,0,0.0,201156,0.0,201156,0.7669181820549056,0
3631abd4-eovo_28_t1_aug_1.png,0,0,0,0.0,201160,0.0,201160,0.8184856380752026,0
3631abd4-eovo_28_t1_aug_2.png,0,0,0,0.0,201160,0.0,201160,0.7839059310293106,0
364c62d0-ovo_55_t296.png,46585,0,0,0.0,36829,0.7905763657829774,83414,0.8662974022047757,0
364c62d0-ovo_55_t296_aug_0.png,46585,0,0,0.0,36829,0.7905763657829774,83414,0.8662974022047757,0
364c62d0-ovo_55_t296_aug_1.png,46585,0,0,0.0,36829,0.7905763657829774,83414,0.8662974022047757,0
364c62d0-ovo_55_t296_aug_2.png,46585,0,0,0.0,36831,0.7906192980573146,83416,0.8086953568885212,0
36d25186-eovo_43_t1.png,0,0,0,0.0,222370,0.0,222370,0.8640691317304345,0
36d25186-eovo_43_t1_aug_0.png,0,0,0,0.0,222370,0.0,222370,0.8640691317304345,0
36d25186-eovo_43_t1_aug_1.png,0,0,0,0.0,222364,0.0,222364,0.7473985803069203,0
36d25186-eovo_43_t1_aug_2.png,0,0,0,0.0,222370,0.0,222370,0.8640691317304345,0
37e9bb64-ovo_52_t266.png,45364,0,0,0.0,35155,0.7749537077859096,80519,0.8607561537282757,0
37e9bb64-ovo_52_t266_aug_0.png,45363,0,0,0.0,35159,0.7750589687630889,80522,0.8430071616467092,0
37e9bb64-ovo_52_t266_aug_1.png,45361,0,0,0.0,35145,0.7747845065144067,80506,0.7434565920796399,0
37e9bb64-ovo_52_t266_aug_2.png,45364,0,0,0.0,35155,0.7749537077859096,80519,0.8607561537282757,0
38224f12-ovo_47_t141.png,39609,0,0,0.0,50641,1.278522558004494,90250,0.8748323261762073,0
38224f12-ovo_47_t141_aug_0.png,39609,0,0,0.0,50641,1.278522558004494,90250,0.8748323261762073,0
38224f12-ovo_47_t141_aug_1.png,39608,0,0,0.0,50640,1.278529589981822,90248,0.8498871282650644,0
38224f12-ovo_47_t141_aug_2.png,39604,0,0,0.0,50643,1.2787344712655286,90247,0.8279816859700415,0
38c2af8c-ovo_53_t261.png,46201,0,0,0.0,34550,0.7478193112703189,80751,0.8870485108188831,0
38c2af8c-ovo_53_t261_aug_0.png,46201,0,0,0.0,34550,0.7478193112703189,80751,0.8870485108188831,0
38c2af8c-ovo_53_t261_aug_1.png,46206,0,0,0.0,34539,0.7475003246331645,80745,0.8410726572399441,0
38c2af8c-ovo_53_t261_aug_2.png,46201,0,0,0.0,34550,0.7478193112703189,80751,0.8870485108188831,0
38fb6df2-ovo_34_t101.png,24177,0,0,0.0,28984,1.1988253298589568,53161,0.880681204277169,0
38fb6df2-ovo_34_t101_aug_0.png,24177,0,0,0.0,28984,1.1988253298589568,53161,0.880681204277169,0
38fb6df2-ovo_34_t101_aug_1.png,24181,0,0,0.0,28978,1.1983788925189198,53159,0.8530131261079512,0
38fb6df2-ovo_34_t101_aug_2.png,24177,0,0,0.0,28984,1.1988253298589568,53161,0.880681204277169,0
3904beb5-ovo_52_t216.png,46107,0,0,0.0,32560,0.7061834428611707,78667,0.8750755328594939,0
3904beb5-ovo_52_t216_aug_0.png,46107,0,0,0.0,32560,0.7061834428611707,78667,0.8750755328594939,0
3904beb5-ovo_52_t216_aug_1.png,46107,0,0,0.0,32560,0.7061834428611707,78667,0.8750755328594939,0
3904beb5-ovo_52_t216_aug_2.png,46107,0,0,0.0,32560,0.7061834428611707,78667,0.8750755328594939,0
3970e6a1-ovo_05_t91.png,48146,0,0,0.0,44297,0.9200556640219332,92443,0.8854647756120101,0
3970e6a1-ovo_05_t91_aug_0.png,48147,0,0,0.0,44291,0.9199119363615594,92438,0.807447160039242,0
3970e6a1-ovo_05_t91_aug_1.png,48144,0,0,0.0,44306,0.9202808241940844,92450,0.7685084989976212,0
3970e6a1-ovo_05_t91_aug_2.png,48148,0,0,0.0,44294,0.9199551383235024,92442,0.8504579198347689,0
399073e7-ovo_33_t11.png,40793,0,0,0.0,26119,0.6402814208320055,66912,0.8679057910370215,0
399073e7-ovo_33_t11_aug_0.png,40793,0,0,0.0,26119,0.6402814208320055,66912,0.8679057910370215,0
399073e7-ovo_33_t11_aug_1.png,40794,0,0,0.0,26119,0.6402657253517674,66913,0.8139201104437543,0
399073e7-ovo_33_t11_aug_2.png,40794,0,0,0.0,26120,0.6402902387606021,66914,0.8629365146785463,0
39a1771c-eovo_363_t1.png,0,0,0,0.0,211885,0.0,211885,0.8769503284093233,0
39a1771c-eovo_363_t1_aug_0.png,0,0,0,0.0,211881,0.0,211881,0.7630297407867295,0
39a1771c-eovo_363_t1_aug_1.png,0,0,0,0.0,211885,0.0,211885,0.8769503284093233,0
39a1771c-eovo_363_t1_aug_2.png,0,0,0,0.0,211885,0.0,211885,0.8769503284093233,0
39e33a4a-eovo_655_t1.png,98290,0,0,0.0,113267,1.152375623155967,211557,0.8658238371218178,0
39e33a4a-eovo_655_t1_aug_0.png,98282,0,0,0.0,113279,1.1525915223540424,211561,0.8156433651376964,0
39e33a4a-eovo_655_t1_aug_1.png,98290,0,0,0.0,113267,1.152375623155967,211557,0.8658238371218178,0
39e33a4a-eovo_655_t1_aug_2.png,98289,0,0,0.0,113281,1.1525297846147584,211570,0.749521466084828,0
39efba2a-ovo_09_t126.png,48007,0,0,0.0,34125,0.7108338367321432,82132,0.8759228077078006,0
39efba2a-ovo_09_t126_aug_0.png,48007,0,0,0.0,34125,0.7108338367321432,82132,0.8759228077078006,0
39efba2a-ovo_09_t126_aug_1.png,48013,0,0,0.0,34124,0.7107241788682231,82137,0.7811521668149058,0
39efba2a-ovo_09_t126_aug_2.png,48007,0,0,0.0,34125,0.7108338367321432,82132,0.8759228077078006,0
3a15ce0b-ovo_05_t246.png,48023,0,0,0.0,44902,0.9350103075609604,92925,0.8807700730974313,0
3a15ce0b-ovo_05_t246_aug_0.png,48023,0,0,0.0,44902,0.9350103075609604,92925,0.8023120065653627,0
3a15ce0b-ovo_05_t246_aug_1.png,48023,0,0,0.0,44902,0.9350103075609604,92925,0.8807700730974313,0
3a15ce0b-ovo_05_t246_aug_2.png,48023,0,0,0.0,44903,0.935031130916436,92926,0.8760827901538168,0
3aa0ebe3-eovo_658_t1.png,99355,0,0,0.0,120722,1.2150571184137688,220077,0.8626105246865255,0
3aa0ebe3-eovo_658_t1_aug_0.png,99355,0,0,0.0,120722,1.2150571184137688,220077,0.8626105246865255,0
3aa0ebe3-eovo_658_t1_aug_1.png,99355,0,0,0.0,120722,1.2150571184137688,220077,0.8626105246865255,0
3aa0ebe3-eovo_658_t1_aug_2.png,99358,0,0,0.0,120716,1.214960043479136,220074,0.7911926020836223,0
3ae4a3d8-eovo_442_t1.png,92818,0,0,0.0,119099,1.2831455105690706,211917,0.872868350494494,0
3ae4a3d8-eovo_442_t1_aug_0.png,92818,0,0,0.0,119099,1.2831455105690706,211917,0.872868350494494,0
3ae4a3d8-eovo_442_t1_aug_1.png,92818,0,0,0.0,119099,1.2831455105690706,211917,0.872868350494494,0
3ae4a3d8-eovo_442_t1_aug_2.png,92818,0,0,0.0,119099,1.2831455105690706,211917,0.872868350494494,0
3b54708e-ovo_10_t221.png,43871,0,0,0.0,29591,0.6745002393380594,73462,0.8755070725286878,0
3b54708e-ovo_10_t221_aug_0.png,43880,0,0,0.0,29582,0.6741567912488605,73462,0.8405921152493381,0
3b54708e-ovo_10_t221_aug_1.png,43871,0,0,0.0,29591,0.6745002393380594,73462,0.8755070725286878,0
3b54708e-ovo_10_t221_aug_2.png,43871,0,0,0.0,29591,0.6745002393380594,73462,0.8755070725286878,0
3b79998c-eovo_55_t1.png,0,0,0,0.0,223621,0.0,223621,0.8672160853957306,0
3b79998c-eovo_55_t1_aug_0.png,0,0,0,0.0,223621,0.0,223621,0.8672160853957306,0
3b79998c-eovo_55_t1_aug_1.png,0,0,0,0.0,223621,0.0,223621,0.8672160853957306,0
3b79998c-eovo_55_t1_aug_2.png,0,0,0,0.0,223620,0.0,223620,0.798034057839796,0
3bcf51ee-ovo_47_t166.png,40988,0,0,0.0,43660,1.065189811652191,84648,0.8871486235627459,0
3bcf51ee-ovo_47_t166_aug_0.png,40984,0,0,0.0,43667,1.0654645715401132,84651,0.7683124121178833,0
3bcf51ee-ovo_47_t166_aug_1.png,40988,0,0,0.0,43660,1.065189811652191,84648,0.8871486235627459,0
3bcf51ee-ovo_47_t166_aug_2.png,40988,0,0,0.0,43660,1.065189811652191,84648,0.8871486235627459,0
3c4bba02-ovo_52_t246.png,45304,0,0,0.0,32757,0.7230487374183295,78061,0.8692316443389511,0
3c4bba02-ovo_52_t246_aug_0.png,45308,0,0,0.0,32753,0.7228966186986846,78061,0.7551580345684021,0
3c4bba02-ovo_52_t246_aug_1.png,45301,0,0,0.0,32763,0.7232290677909979,78064,0.747078557822315,0
3c4bba02-ovo_52_t246_aug_2.png,45298,0,0,0.0,32764,0.7232990419003047,78062,0.757183396846644,0
3c51896b-ovo_55_t166.png,46354,0,0,0.0,34729,0.749212581438495,81083,0.8768878639926256,0
3c51896b-ovo_55_t166_aug_0.png,46348,0,0,0.0,34739,0.7495253301113317,81087,0.780254867602057,0
3c51896b-ovo_55_t166_aug_1.png,46354,0,0,0.0,34729,0.749212581438495,81083,0.8768878639926256,0
3c51896b-ovo_55_t166_aug_2.png,46354,0,0,0.0,34729,0.749212581438495,81083,0.8768878639926256,0
3c7006f2-ovo_52_t56.png,43770,0,0,0.0,33708,0.7701165181631254,77478,0.872622241005995,0
3c7006f2-ovo_52_t56_aug_0.png,43768,0,0,0.0,33712,0.7702430999817218,77480,0.7936256274350743,0
3c7006f2-ovo_52_t56_aug_1.png,43762,0,0,0.0,33721,0.7705543622320735,77483,0.7498471512429106,0
3c7006f2-ovo_52_t56_aug_2.png,43770,0,0,0.0,33708,0.7701165181631254,77478,0.872622241005995,0
3d48399c-ovo_08_t86.png,46512,0,0,0.0,31524,0.6777605779153767,78036,0.869737198930364,0
3d48399c-ovo_08_t86_aug_0.png,46517,0,0,0.0,31509,0.677365264311972,78026,0.7743663914489105,0
3d48399c-ovo_08_t86_aug_1.png,46512,0,0,0.0,31524,0.6777605779153767,78036,0.869737198930364,0
3d48399c-ovo_08_t86_aug_2.png,46516,0,0,0.0,31513,0.6774658182130879,78029,0.7392174240737974,0
3d55ed49-eovo_40_t1.png,0,0,0,0.0,201036,0.0,201036,0.8519525147250345,0
3d55ed49-eovo_40_t1_aug_0.png,0,0,0,0.0,201044,0.0,201044,0.7483905741845609,0
3d55ed49-eovo_40_t1_aug_1.png,0,0,0,0.0,201036,0.0,201036,0.8519525147250345,0
3d55ed49-eovo_40_t1_aug_2.png,0,0,0,0.0,201036,0.0,201036,0.8519525147250345,0
3d753ef8-ovo_25_t76.png,43658,0,0,0.0,46204,1.0583169178615603,89862,0.8774104164140993,0
3d753ef8-ovo_25_t76_aug_0.png,43653,0,0,0.0,46212,1.0586214005910246,89865,0.7980330353009168,0
3d753ef8-ovo_25_t76_aug_1.png,43658,0,0,0.0,46204,1.0583169178615603,89862,0.8774104164140993,0
3d753ef8-ovo_25_t76_aug_2.png,43658,0,0,0.0,46204,1.0583169178615603,89862,0.8774104164140993,0
3da1b7ee-ovo_12_t181.png,47370,0,0,0.0,26819,0.566160016888326,74189,0.8604170831473295,0
3da1b7ee-ovo_12_t181_aug_0.png,47371,0,0,0.0,26818,0.5661269553102108,74189,0.8175989915299282,0
3da1b7ee-ovo_12_t181_aug_1.png,47370,0,0,0.0,26819,0.566160016888326,74189,0.8604170831473295,0
3da1b7ee-ovo_12_t181_aug_2.png,47370,0,0,0.0,26819,0.566160016888326,74189,0.8604170831473295,0
3db0845c-eovo_563_t1.png,94518,0,0,0.0,122758,1.2987790685372098,217276,0.8737601131911958,0
3db0845c-eovo_563_t1_aug_0.png,94517,0,0,0.0,122762,1.2988351301882202,217279,0.8577475104778955,0
3db0845c-eovo_563_t1_aug_1.png,94521,0,0,0.0,122762,1.298780165254282,217283,0.8227104105157621,0
3db0845c-eovo_563_t1_aug_2.png,94522,0,0,0.0,122750,1.2986394701762554,217272,0.8641124180140258,0
3ddd0e9e-ovo_04_t241.png,46751,0,0,0.0,33556,0.7177600479134136,80307,0.8561442020090039,0
3ddd0e9e-ovo_04_t241_aug_0.png,46751,0,0,0.0,33556,0.7177600479134136,80307,0.8561442020090039,0
3ddd0e9e-ovo_04_t241_aug_1.png,46750,0,0,0.0,33556,0.7177754010695188,80306,0.8368385883077069,0
3ddd0e9e-ovo_04_t241_aug_2.png,46750,0,0,0.0,33552,0.7176898395721926,80302,0.7800761225818252,0
3df58246-ovo_53_t186.png,42471,0,0,0.0,34452,0.8111888111888111,76923,0.8721797920309845,0
3df58246-ovo_53_t186_aug_0.png,42472,0,0,0.0,34452,0.8111697118101338,76924,0.8605292143080007,0
3df58246-ovo_53_t186_aug_1.png,42471,0,0,0.0,34452,0.8111888111888111,76923,0.8721797920309845,0
3df58246-ovo_53_t186_aug_2.png,42469,0,0,0.0,34455,0.8112976524052838,76924,0.8136539611404532,0
3e49d95b-ovo_53_t201.png,41928,0,0,0.0,30367,0.7242654073650067,72295,0.8747749794031726,0
3e49d95b-ovo_53_t201_aug_0.png,41932,0,0,0.0,30363,0.7241009253076409,72295,0.8622910275465984,0
3e49d95b-ovo_53_t201_aug_1.png,41933,0,0,0.0,30369,0.7242267426609115,72302,0.7589386418525297,0
3e49d95b-ovo_53_t201_aug_2.png,41928,0,0,0.0,30367,0.7242654073650067,72295,0.8747749794031726,0
3e50f37c-eovo_448_t1.png,83173,0,0,0.0,124003,1.4909045002584973,207176,0.869612413775382,0
3e50f37c-eovo_448_t1_aug_0.png,83173,0,0,0.0,124003,1.4909045002584973,207176,0.869612413775382,0
3e50f37c-eovo_448_t1_aug_1.png,83173,0,0,0.0,124003,1.4909045002584973,207176,0.869612413775382,0
3e50f37c-eovo_448_t1_aug_2.png,83166,0,0,0.0,124007,1.4910780847942668,207173,0.8065626504270993,0
3e59cfce-ovo_53_t291.png,46186,0,0,0.0,37561,0.8132550989477331,83747,0.8824369428081226,0
3e59cfce-ovo_53_t291_aug_0.png,46185,0,0,0.0,37569,0.8134459240012991,83754,0.8059162662485694,0
3e59cfce-ovo_53_t291_aug_1.png,46186,0,0,0.0,37561,0.8132550989477331,83747,0.8824369428081226,0
3e59cfce-ovo_53_t291_aug_2.png,46186,0,0,0.0,37562,0.8132767505304638,83748,0.8710720123018224,0
3f1c45b3-ovo_31_t176.png,43748,0,0,0.0,26974,0.616576757794642,70722,0.8873067324595028,0
3f1c45b3-ovo_31_t176_aug_0.png,43748,0,0,0.0,26974,0.616576757794642,70722,0.8873067324595028,0
3f1c45b3-ovo_31_t176_aug_1.png,43747,0,0,0.0,26978,0.6166822867853796,70725,0.7673381546644223,0
3f1c45b3-ovo_31_t176_aug_2.png,43751,0,0,0.0,26974,0.6165344792119037,70725,0.7903384045328384,0
3f8955d8-ovo_05_t256.png,47420,0,0,0.0,45437,0.9581822016026992,92857,0.8832360036160426,0
3f8955d8-ovo_05_t256_aug_0.png,47425,0,0,0.0,45428,0.9578914074855034,92853,0.7843581589315443,0
3f8955d8-ovo_05_t256_aug_1.png,47420,0,0,0.0,45437,0.9581822016026992,92857,0.8832360036160426,0
3f8955d8-ovo_05_t256_aug_2.png,47420,0,0,0.0,45437,0.9581822016026992,92857,0.8832360036160426,0
3fae56cb-ovo_33_t236.png,40857,0,0,0.0,31580,0.7729397655236557,72437,0.8689927281716485,0
3fae56cb-ovo_33_t236_aug_0.png,40857,0,0,0.0,31580,0.7729397655236557,72437,0.8689927281716485,0
3fae56cb-ovo_33_t236_aug_1.png,40857,0,0,0.0,31580,0.7729397655236557,72437,0.8689927281716485,0
3fae56cb-ovo_33_t236_aug_2.png,40855,0,0,0.0,31582,0.7730265573369233,72437,0.8342520550016862,0
3fee4319-ovo_23_t281.png,46627,0,0,0.0,47333,1.0151414416539772,93960,0.8867137540758661,0
3fee4319-ovo_23_t281_aug_0.png,46627,0,0,0.0,47340,1.0152915692624445,93967,0.8161000116184657,0
3fee4319-ovo_23_t281_aug_1.png,46628,0,0,0.0,47331,1.01507677790169,93959,0.8000142889778733,0
3fee4319-ovo_23_t281_aug_2.png,46627,0,0,0.0,47333,1.0151414416539772,93960,0.8867137540758661,0
4095394e-ovo_04_t196.png,45856,0,0,0.0,31682,0.6909019539427774,77538,0.875045926242062,0
4095394e-ovo_04_t196_aug_0.png,45856,0,0,0.0,31682,0.6909019539427774,77538,0.875045926242062,0
4095394e-ovo_04_t196_aug_1.png,45856,0,0,0.0,31682,0.6909019539427774,77538,0.875045926242062,0
4095394e-ovo_04_t196_aug_2.png,45856,0,0,0.0,31682,0.6909019539427774,77538,0.875045926242062,0
410d132b-eovo_150_t1.png,0,0,0,0.0,211594,0.0,211594,0.8661083549321772,0
410d132b-eovo_150_t1_aug_0.png,0,0,0,0.0,211585,0.0,211585,0.7516882563687294,0
410d132b-eovo_150_t1_aug_1.png,0,0,0,0.0,211594,0.0,211594,0.8661083549321772,0
410d132b-eovo_150_t1_aug_2.png,0,0,0,0.0,211601,0.0,211601,0.7557001375256114,0
413b4bc2-ovo_38_t141.png,48943,0,0,0.0,47543,0.9713952965694788,96486,0.8758259629397581,0
413b4bc2-ovo_38_t141_aug_0.png,48943,0,0,0.0,47543,0.9713952965694788,96486,0.8758259629397581,0
413b4bc2-ovo_38_t141_aug_1.png,48942,0,0,0.0,47547,0.9714968738506804,96489,0.8371497238443442,0
413b4bc2-ovo_38_t141_aug_2.png,48947,0,0,0.0,47531,0.9710707499948924,96478,0.7635954646694159,0
41c3456c-ovo_52_t271.png,44703,0,0,0.0,30712,0.6870232422879896,75415,0.8721223236511553,0
41c3456c-ovo_52_t271_aug_0.png,44703,0,0,0.0,30709,0.6869561326980292,75412,0.8048606424258326,0
41c3456c-ovo_52_t271_aug_1.png,44703,0,0,0.0,30712,0.6870232422879896,75415,0.8721223236511553,0
41c3456c-ovo_52_t271_aug_2.png,44703,0,0,0.0,30712,0.6870232422879896,75415,0.8721223236511553,0
41e334c3-ovo_10_t136.png,43506,0,0,0.0,34922,0.8026938813037282,78428,0.879445632342861,0
41e334c3-ovo_10_t136_aug_0.png,43514,0,0,0.0,34914,0.8023624580594751,78428,0.7620387865645145,0
41e334c3-ovo_10_t136_aug_1.png,43510,0,0,0.0,34911,0.8023672718915192,78421,0.7905901386817532,0
41e334c3-ovo_10_t136_aug_2.png,43502,0,0,0.0,34922,0.8027676888418923,78424,0.8515197780994419,0
41f57b59-ovo_11_t141.png,41887,0,0,0.0,33653,0.8034234965502424,75540,0.8715987521057715,0
41f57b59-ovo_11_t141_aug_0.png,41887,0,0,0.0,33653,0.8034234965502424,75540,0.8715987521057715,0
41f57b59-ovo_11_t141_aug_1.png,41890,0,0,0.0,33642,0.8031033659584627,75532,0.7690825268325251,0
41f57b59-ovo_11_t141_aug_2.png,41888,0,0,0.0,33651,0.8033565699006876,75539,0.8090579582393503,0
4242a58c-ovo_50_t181.png,48276,0,0,0.0,73346,1.5193056591266882,121622,0.8830589234507994,0
4242a58c-ovo_50_t181_aug_0.png,48276,0,0,0.0,73325,1.518870660369542,121601,0.8235957127549233,0
4242a58c-ovo_50_t181_aug_1.png,48276,0,0,0.0,73346,1.5193056591266882,121622,0.8830589234507994,0
4242a58c-ovo_50_t181_aug_2.png,48279,0,0,0.0,73341,1.5191076865718014,121620,0.8466870329565094,0
4245e8d1-ovo_55_t66.png,45771,0,0,0.0,36130,0.7893644447357497,81901,0.8850276853372615,0
4245e8d1-ovo_55_t66_aug_0.png,45773,0,0,0.0,36139,0.7895265768029187,81912,0.7823891148648312,0
4245e8d1-ovo_55_t66_aug_1.png,45769,0,0,0.0,36134,0.7894863335445389,81903,0.7889463759494387,0
4245e8d1-ovo_55_t66_aug_2.png,45771,0,0,0.0,36130,0.7893644447357497,81901,0.8850276853372615,0
424e9197-ovo_53_t106.png,42542,0,0,0.0,30235,0.7107094165765596,72777,0.8792087171367656,0
424e9197-ovo_53_t106_aug_0.png,42542,0,0,0.0,30235,0.7107094165765596,72777,0.8792087171367656,0
424e9197-ovo_53_t106_aug_1.png,42542,0,0,0.0,30235,0.7107094165765596,72777,0.8792087171367656,0
424e9197-ovo_53_t106_aug_2.png,42541,0,0,0.0,30230,0.7106085893608519,72771,0.7672073216364065,0
42845df3-ovo_35_t116.png,48533,0,0,0.0,33355,0.6872643356067006,81888,0.8761943227216543,0
42845df3-ovo_35_t116_aug_0.png,48537,0,0,0.0,33351,0.6871252858643921,81888,0.8095268503035349,0
42845df3-ovo_35_t116_aug_1.png,48533,0,0,0.0,33355,0.6872643356067006,81888,0.8761943227216543,0
42845df3-ovo_35_t116_aug_2.png,48533,0,0,0.0,33355,0.6872643356067006,81888,0.8761943227216543,0
42c20d2a-ovo_51_t196.png,45695,0,0,0.0,34308,0.7508042455410876,80003,0.8862950824697985,0
42c20d2a-ovo_51_t196_aug_0.png,45689,0,0,0.0,34317,0.7510998270918602,80006,0.8642539975799096,0
42c20d2a-ovo_51_t196_aug_1.png,45695,0,0,0.0,34308,0.7508042455410876,80003,0.8862950824697985,0
42c20d2a-ovo_51_t196_aug_2.png,45695,0,0,0.0,34308,0.7508042455410876,80003,0.8862950824697985,0
4303adfe-ovo_05_t56.png,47335,0,0,0.0,44350,0.9369388401816836,91685,0.8775979970376788,0
4303adfe-ovo_05_t56_aug_0.png,47335,0,0,0.0,44350,0.9369388401816836,91685,0.8775979970376788,0
4303adfe-ovo_05_t56_aug_1.png,47333,0,0,0.0,44358,0.9371474447003147,91691,0.8146692584820845,0
4303adfe-ovo_05_t56_aug_2.png,47335,0,0,0.0,44350,0.9369388401816836,91685,0.8775979970376788,0
430ad431-ovo_11_t11.png,40947,0,0,0.0,38264,0.9344762742081228,79211,0.8694634356218784,0
430ad431-ovo_11_t11_aug_0.png,40947,0,0,0.0,38264,0.9344762742081228,79211,0.8694634356218784,0
430ad431-ovo_11_t11_aug_1.png,40950,0,0,0.0,38281,0.9348229548229549,79231,0.7625858081016276,0
430ad431-ovo_11_t11_aug_2.png,40959,0,0,0.0,38245,0.933738616665446,79204,0.7485682244567986,0
4329fdf6-ovo_53_t21.png,39529,0,0,0.0,30634,0.774975334564497,70163,0.8792109601538981,0
4329fdf6-ovo_53_t21_aug_0.png,39531,0,0,0.0,30632,0.7748855328729352,70163,0.7688097098322113,0
4329fdf6-ovo_53_t21_aug_1.png,39538,0,0,0.0,30621,0.7744701300015175,70159,0.7859139627030639,0
4329fdf6-ovo_53_t21_aug_2.png,39525,0,0,0.0,30637,0.7751296647691335,70162,0.8091501003666678,0
43650740-ovo_39_t1.png,41687,0,0,0.0,42893,1.028929882217478,84580,0.8812537059454851,0
43650740-ovo_39_t1_aug_0.png,41688,0,0,0.0,42891,1.0288572251007484,84579,0.8435379181223545,0
43650740-ovo_39_t1_aug_1.png,41690,0,0,0.0,42885,1.028663948189014,84575,0.7790431032240673,0
43650740-ovo_39_t1_aug_2.png,41685,0,0,0.0,42894,1.029003238575027,84579,0.8198251938620463,0
4450e1fc-ovo_27_t211.png,40101,0,0,0.0,46097,1.1495224557991073,86198,0.8735727268523106,0
4450e1fc-ovo_27_t211_aug_0.png,40101,0,0,0.0,46096,1.1494975187651182,86197,0.7894460889399386,0
4450e1fc-ovo_27_t211_aug_1.png,40101,0,0,0.0,46097,1.1495224557991073,86198,0.8735727268523106,0
4450e1fc-ovo_27_t211_aug_2.png,40101,0,0,0.0,46097,1.1495224557991073,86198,0.8735727268523106,0
4454efc8-ovo_55_t201.png,44970,0,0,0.0,33822,0.7521014009339559,78792,0.8617998153607859,0
4454efc8-ovo_55_t201_aug_0.png,44970,0,0,0.0,33822,0.7521014009339559,78792,0.8617998153607859,0
4454efc8-ovo_55_t201_aug_1.png,44971,0,0,0.0,33830,0.7522625692112694,78801,0.7611015714527706,0
4454efc8-ovo_55_t201_aug_2.png,44970,0,0,0.0,33826,0.7521903491216366,78796,0.829074745441927,0
44dd5eb9-eovo_420_t1.png,83151,0,0,0.0,102225,1.229389905112386,185376,0.8738776224614685,0
44dd5eb9-eovo_420_t1_aug_0.png,83154,0,0,0.0,102220,1.229285422228636,185374,0.7759197260025429,0
44dd5eb9-eovo_420_t1_aug_1.png,83151,0,0,0.0,102225,1.229389905112386,185376,0.8738776224614685,0
44dd5eb9-eovo_420_t1_aug_2.png,83151,0,0,0.0,102225,1.229389905112386,185376,0.8738776224614685,0
4514a20e-ovo_36_t76.png,45527,0,0,0.0,37068,0.8141981681200167,82595,0.8822389662669631,0
4514a20e-ovo_36_t76_aug_0.png,45527,0,0,0.0,37071,0.814264063083445,82598,0.816239923530535,0
4514a20e-ovo_36_t76_aug_1.png,45527,0,0,0.0,37063,0.8140883431809696,82590,0.8027759480769877,0
4514a20e-ovo_36_t76_aug_2.png,45529,0,0,0.0,37073,0.8142722221001999,82602,0.8370918359312555,0
45194dc9-ovo_10_t41.png,44558,0,0,0.0,36307,0.8148256205395216,80865,0.8822666892840666,0
45194dc9-ovo_10_t41_aug_0.png,44558,0,0,0.0,36307,0.8148256205395216,80865,0.8822666892840666,0
45194dc9-ovo_10_t41_aug_1.png,44558,0,0,0.0,36307,0.8148256205395216,80865,0.8582113405682137,0
45194dc9-ovo_10_t41_aug_2.png,44558,0,0,0.0,36307,0.8148256205395216,80865,0.8822666892840666,0
45d9e45f-ovo_55_t301.png,46038,0,0,0.0,36827,0.7999261479647248,82865,0.8788159366299566,0
45d9e45f-ovo_55_t301_aug_0.png,46036,0,0,0.0,36832,0.800069510817621,82868,0.783456598210594,0
45d9e45f-ovo_55_t301_aug_1.png,46038,0,0,0.0,36827,0.7999261479647248,82865,0.8788159366299566,0
45d9e45f-ovo_55_t301_aug_2.png,46038,0,0,0.0,36827,0.7999261479647248,82865,0.8788159366299566,0
460e3163-eovo_594_t1.png,97999,0,0,0.0,108799,1.1102052061755732,206798,0.8665711272981632,0
460e3163-eovo_594_t1_aug_0.png,98003,0,0,0.0,108788,1.110047651602502,206791,0.8195393498074603,0
460e3163-eovo_594_t1_aug_1.png,97999,0,0,0.0,108799,1.1102052061755732,206798,0.8665711272981632,0
460e3163-eovo_594_t1_aug_2.png,97999,0,0,0.0,108799,1.1102052061755732,206798,0.8665711272981632,0
460fdab9-ovo_11_t6.png,39864,0,0,0.0,35284,0.8851093718643388,75148,0.8743969995065451,0
460fdab9-ovo_11_t6_aug_0.png,39863,0,0,0.0,35292,0.8853322630007776,75155,0.7661677630416354,0
460fdab9-ovo_11_t6_aug_1.png,39864,0,0,0.0,35284,0.8851093718643388,75148,0.8743969995065451,0
460fdab9-ovo_11_t6_aug_2.png,39864,0,0,0.0,35284,0.8851093718643388,75148,0.8743969995065451,0
461656a4-eovo_353_t1.png,0,0,0,0.0,234594,0.0,234594,0.863372491759564,0
461656a4-eovo_353_t1_aug_0.png,0,0,0,0.0,234583,0.0,234583,0.7718581815636522,0
461656a4-eovo_353_t1_aug_1.png,0,0,0,0.0,234594,0.0,234594,0.863372491759564,0
461656a4-eovo_353_t1_aug_2.png,0,0,0,0.0,234594,0.0,234594,0.863372491759564,0
46a31522-eovo_421_t1.png,100817,0,0,0.0,103778,1.0293700467183111,204595,0.8591383569352995,0
46a31522-eovo_421_t1_aug_0.png,100817,0,0,0.0,103778,1.0293700467183111,204595,0.8571473664325198,0
46a31522-eovo_421_t1_aug_1.png,100817,0,0,0.0,103778,1.0293700467183111,204595,0.8591383569352995,0
46a31522-eovo_421_t1_aug_2.png,100817,0,0,0.0,103778,1.0293700467183111,204595,0.8591383569352995,0
47392126-ovo_52_t211.png,45787,0,0,0.0,29636,0.6472579553148273,75423,0.8665530993796676,0
47392126-ovo_52_t211_aug_0.png,45786,0,0,0.0,29632,0.6471847289564495,75418,0.753687512836894,0
47392126-ovo_52_t211_aug_1.png,45787,0,0,0.0,29636,0.6472579553148273,75423,0.8665530993796676,0
47392126-ovo_52_t211_aug_2.png,45795,0,0,0.0,29630,0.6470138661425919,75425,0.7568176813885786,0
475a12cc-eovo_223_t1.png,0,0,0,0.0,208365,0.0,208365,0.8631784715376469,0
475a12cc-eovo_223_t1_aug_0.png,0,0,0,0.0,208365,0.0,208365,0.8631784715376469,0
475a12cc-eovo_223_t1_aug_1.png,0,0,0,0.0,208365,0.0,208365,0.8631784715376469,0
475a12cc-eovo_223_t1_aug_2.png,0,0,0,0.0,208365,0.0,208365,0.8631784715376469,0
475ab81b-ovo_51_t226.png,45787,0,0,0.0,33923,0.7408871513748444,79710,0.8686060142995167,0
475ab81b-ovo_51_t226_aug_0.png,45787,0,0,0.0,33923,0.7408871513748444,79710,0.8686060142995167,0
475ab81b-ovo_51_t226_aug_1.png,45783,0,0,0.0,33927,0.7410392503767774,79710,0.8213400104166043,0
475ab81b-ovo_51_t226_aug_2.png,45780,0,0,0.0,33932,0.7411970292704237,79712,0.782931188496988,0
47656f4f-eovo_453_t1.png,103228,0,0,0.0,117445,1.1377242608594569,220673,0.831678116912762,0
47656f4f-eovo_453_t1_aug_0.png,103228,0,0,0.0,117445,1.1377242608594569,220673,0.831678116912762,0
47656f4f-eovo_453_t1_aug_1.png,103227,0,0,0.0,117448,1.1377643445997656,220675,0.7222874358618289,0
47656f4f-eovo_453_t1_aug_2.png,103213,0,0,0.0,117451,1.1379477391413872,220664,0.7747943846680111,0
47ef017c-ovo_15_t151.png,42824,0,0,0.0,33129,0.7736082570521203,75953,0.8743813888283021,0
47ef017c-ovo_15_t151_aug_0.png,42824,0,0,0.0,33129,0.7736082570521203,75953,0.8743813888283021,0
47ef017c-ovo_15_t151_aug_1.png,42825,0,0,0.0,33138,0.773800350262697,75963,0.7682291989247062,0
47ef017c-ovo_15_t151_aug_2.png,42824,0,0,0.0,33129,0.7736082570521203,75953,0.8743813888283021,0
485bc742-ovo_53_t51.png,40909,0,0,0.0,31215,0.763035028966731,72124,0.8751047891382249,0
485bc742-ovo_53_t51_aug_0.png,40909,0,0,0.0,31215,0.763035028966731,72124,0.8751047891382249,0
485bc742-ovo_53_t51_aug_1.png,40910,0,0,0.0,31213,0.762967489611342,72123,0.7805613849806206,0
485bc742-ovo_53_t51_aug_2.png,40909,0,0,0.0,31216,0.7630594734654966,72125,0.7508696820961699,0
48dfd697-ovo_16_t191.png,48878,0,0,0.0,31148,0.6372601170260649,80026,0.866725913517327,0
48dfd697-ovo_16_t191_aug_0.png,48879,0,0,0.0,31147,0.6372266208392152,80026,0.7780347324567805,0
48dfd697-ovo_16_t191_aug_1.png,48878,0,0,0.0,31148,0.6372601170260649,80026,0.866725913517327,0
48dfd697-ovo_16_t191_aug_2.png,48878,0,0,0.0,31148,0.6372601170260649,80026,0.866725913517327,0
4ab8c05a-ovo_23_t276.png,46035,0,0,0.0,53286,1.1575105897686542,99321,0.8817287386561891,0
4ab8c05a-ovo_23_t276_aug_0.png,46039,0,0,0.0,53286,1.1574100219379222,99325,0.8468372983686214,0
4ab8c05a-ovo_23_t276_aug_1.png,46034,0,0,0.0,53281,1.1574271190858931,99315,0.7783121779454226,0
4ab8c05a-ovo_23_t276_aug_2.png,46033,0,0,0.0,53294,1.1577346686073036,99327,0.7775456300089688,0
4ad6affc-ovo_24_t76.png,43088,0,0,0.0,37010,0.8589398440401039,80098,0.8779229340693638,0
4ad6affc-ovo_24_t76_aug_0.png,43088,0,0,0.0,37010,0.8589398440401039,80098,0.8779229340693638,0
4ad6affc-ovo_24_t76_aug_1.png,43088,0,0,0.0,37010,0.8589398440401039,80098,0.8779229340693638,0
4ad6affc-ovo_24_t76_aug_2.png,43089,0,0,0.0,37011,0.8589431177330641,80100,0.8225991185239142,0
4ae9ee75-ovo_52_t81.png,44362,0,0,0.0,37598,0.8475271628871557,81960,0.8750599098909154,0
4ae9ee75-ovo_52_t81_aug_0.png,44367,0,0,0.0,37585,0.8471386390785944,81952,0.8132498446313137,0
4ae9ee75-ovo_52_t81_aug_1.png,44362,0,0,0.0,37598,0.8475271628871557,81960,0.8750599098909154,0
4ae9ee75-ovo_52_t81_aug_2.png,44362,0,0,0.0,37598,0.8475271628871557,81960,0.8750599098909154,0
4ca88ad1-eovo_451_t1.png,92339,2795,1,0.0302689004645924,89788,0.9723735366421556,184922,0.8652175424724408,1
4ca88ad1-eovo_451_t1_aug_0.png,92339,2795,1,0.0302689004645924,89788,0.9723735366421556,184922,0.8652175424724408,1
4ca88ad1-eovo_451_t1_aug_1.png,92339,2795,1,0.0302689004645924,89788,0.9723735366421556,184922,0.8652175424724408,1
4ca88ad1-eovo_451_t1_aug_2.png,92335,2793,1,0.03024855147019,89797,0.9725131315319218,184925,0.828447085989188,1
4cba86d3-ovo_29_t76.png,41993,0,0,0.0,34248,0.8155644988450456,76241,0.8785232920369407,0
4cba86d3-ovo_29_t76_aug_0.png,41993,0,0,0.0,34248,0.8155644988450456,76241,0.8785232920369407,0
4cba86d3-ovo_29_t76_aug_1.png,41995,0,0,0.0,34249,0.8155494701750209,76244,0.7704258952661855,0
4cba86d3-ovo_29_t76_aug_2.png,41994,0,0,0.0,34246,0.8154974520169548,76240,0.7976257129000457,0
4cd2b987-ovo_38_t136.png,47982,0,0,0.0,46269,0.9642991121670628,94251,0.8787571345725729,0
4cd2b987-ovo_38_t136_aug_0.png,47982,0,0,0.0,46269,0.9642991121670628,94251,0.8787571345725729,0
4cd2b987-ovo_38_t136_aug_1.png,47976,0,0,0.0,46269,0.9644197098549274,94245,0.8188284709809722,0
4cd2b987-ovo_38_t136_aug_2.png,47982,0,0,0.0,46269,0.9642991121670628,94251,0.8787571345725729,0
4d094738-ovo_55_t46.png,45586,0,0,0.0,32749,0.7184003860834467,78335,0.8721185166304707,0
4d094738-ovo_55_t46_aug_0.png,45586,0,0,0.0,32749,0.7184003860834467,78335,0.8721185166304707,0
4d094738-ovo_55_t46_aug_1.png,45575,0,0,0.0,32756,0.7187273724629731,78331,0.8030914689124391,0
4d094738-ovo_55_t46_aug_2.png,45586,0,0,0.0,32749,0.7184003860834467,78335,0.8721185166304707,0
4d719e3b-ovo_55_t176.png,45718,0,0,0.0,34918,0.7637691937530076,80636,0.8611226093532033,0
4d719e3b-ovo_55_t176_aug_0.png,45716,0,0,0.0,34914,0.7637151106833494,80630,0.7709538966115197,0
4d719e3b-ovo_55_t176_aug_1.png,45719,0,0,0.0,34921,0.7638181062577921,80640,0.7377151575854403,0
4d719e3b-ovo_55_t176_aug_2.png,45716,0,0,0.0,34921,0.7638682299413772,80637,0.8003898072465161,0
4da1c172-ovo_05_t121.png,47504,0,0,0.0,47569,1.0013683058268776,95073,0.88463089414225,0
4da1c172-ovo_05_t121_aug_0.png,47504,0,0,0.0,47569,1.0013683058268776,95073,0.88463089414225,0
4da1c172-ovo_05_t121_aug_1.png,47503,0,0,0.0,47571,1.001431488537566,95074,0.7750083398088835,0
4da1c172-ovo_05_t121_aug_2.png,47512,0,0,0.0,47565,1.0011155076612224,95077,0.8234908525527151,0
4de9abde-ovo_09_t81.png,48517,0,0,0.0,36509,0.7524991240183853,85026,0.869800573931403,0
4de9abde-ovo_09_t81_aug_0.png,48517,0,0,0.0,36509,0.7524991240183853,85026,0.869800573931403,0
4de9abde-ovo_09_t81_aug_1.png,48517,0,0,0.0,36509,0.7524991240183853,85026,0.869800573931403,0
4de9abde-ovo_09_t81_aug_2.png,48517,0,0,0.0,36509,0.7524991240183853,85026,0.869800573931403,0
4e2224c0-ovo_19_t116.png,44538,0,0,0.0,22880,0.5137186223000584,67418,0.869610776889802,0
4e2224c0-ovo_19_t116_aug_0.png,44541,0,0,0.0,22878,0.5136391190139422,67419,0.8052725112430812,0
4e2224c0-ovo_19_t116_aug_1.png,44539,0,0,0.0,22884,0.5137968971014167,67423,0.7963705630620532,0
4e2224c0-ovo_19_t116_aug_2.png,44538,0,0,0.0,22880,0.5137186223000584,67418,0.869610776889802,0
4e35ae6b-ovo_25_t26.png,44302,0,0,0.0,45476,1.0264999322829669,89778,0.8921960921470501,0
4e35ae6b-ovo_25_t26_aug_0.png,44302,0,0,0.0,45476,1.0264999322829669,89778,0.8921960921470501,0
4e35ae6b-ovo_25_t26_aug_1.png,44302,0,0,0.0,45476,1.0264999322829669,89778,0.8921960921470501,0
4e35ae6b-ovo_25_t26_aug_2.png,44302,0,0,0.0,45476,1.0264999322829669,89778,0.8921960921470501,0
4e786223-ovo_16_t56.png,49510,0,0,0.0,32932,0.6651585538275095,82442,0.8735037895474441,0
4e786223-ovo_16_t56_aug_0.png,49508,0,0,0.0,32939,0.6653268158681426,82447,0.7620963611709629,0
4e786223-ovo_16_t56_aug_1.png,49510,0,0,0.0,32932,0.6651585538275095,82442,0.8735037895474441,0
4e786223-ovo_16_t56_aug_2.png,49510,0,0,0.0,32932,0.6651585538275095,82442,0.8735037895474441,0
4eb2d98b-ovo_55_t256.png,46806,0,0,0.0,31763,0.6786095799683801,78569,0.8731901965565878,0
4eb2d98b-ovo_55_t256_aug_0.png,46806,0,0,0.0,31763,0.6786095799683801,78569,0.8731901965565878,0
4eb2d98b-ovo_55_t256_aug_1.png,46808,0,0,0.0,31756,0.6784310374294993,78564,0.8553084287350005,0
4eb2d98b-ovo_55_t256_aug_2.png,46806,0,0,0.0,31759,0.6785241208392087,78565,0.8612003457455851,0
4ed29101-ovo_04_t206.png,45294,0,0,0.0,32377,0.7148187397889345,77671,0.8775086925719127,0
4ed29101-ovo_04_t206_aug_0.png,45294,0,0,0.0,32377,0.7148187397889345,77671,0.8775086925719127,0
4ed29101-ovo_04_t206_aug_1.png,45294,0,0,0.0,32377,0.7148187397889345,77671,0.8775086925719127,0
4ed29101-ovo_04_t206_aug_2.png,45298,0,0,0.0,32359,0.7143582498123537,77657,0.7770012426502942,0
4f4ef9c6-ovo_39_t231.png,40954,0,0,0.0,38158,0.9317282805098404,79112,0.8790474232171397,0
4f4ef9c6-ovo_39_t231_aug_0.png,40954,0,0,0.0,38158,0.9317282805098404,79112,0.8790474232171397,0
4f4ef9c6-ovo_39_t231_aug_1.png,40961,0,0,0.0,38152,0.9314225726910964,79113,0.7611236597488465,0
4f4ef9c6-ovo_39_t231_aug_2.png,40954,0,0,0.0,38158,0.9317282805098404,79112,0.8790474232171397,0
4f7bfae1-eovo_73_t1.png,0,0,0,0.0,222609,0.0,222609,0.8626869474364185,0
4f7bfae1-eovo_73_t1_aug_0.png,0,0,0,0.0,222609,0.0,222609,0.8626869474364185,0
4f7bfae1-eovo_73_t1_aug_1.png,0,0,0,0.0,222609,0.0,222609,0.8626869474364185,0
4f7bfae1-eovo_73_t1_aug_2.png,0,0,0,0.0,222609,0.0,222609,0.8626869474364185,0
4f9b8dc8-ovo_47_t126.png,38792,0,0,0.0,45656,1.1769436997319034,84448,0.8770980474556316,0
4f9b8dc8-ovo_47_t126_aug_0.png,38790,0,0,0.0,45657,1.177030162412993,84447,0.8079429329818715,0
4f9b8dc8-ovo_47_t126_aug_1.png,38792,0,0,0.0,45656,1.1769436997319034,84448,0.8770980474556316,0
4f9b8dc8-ovo_47_t126_aug_2.png,38794,0,0,0.0,45651,1.1767541372377173,84445,0.845611693135702,0
4fd88b20-ovo_36_t71.png,44601,0,0,0.0,43091,0.9661442568552274,87692,0.8871839739974369,0
4fd88b20-ovo_36_t71_aug_0.png,44604,0,0,0.0,43089,0.9660344363734196,87693,0.8778345745227268,0
4fd88b20-ovo_36_t71_aug_1.png,44601,0,0,0.0,43091,0.9661442568552274,87692,0.8871839739974369,0
4fd88b20-ovo_36_t71_aug_2.png,44601,0,0,0.0,43091,0.9661442568552274,87692,0.8871839739974369,0
500bdf38-eovo_222_t1.png,0,0,0,0.0,226956,0.0,226956,0.8582826790888844,0
500bdf38-eovo_222_t1_aug_0.png,0,0,0,0.0,226956,0.0,226956,0.8582826790888844,0
500bdf38-eovo_222_t1_aug_1.png,0,0,0,0.0,226960,0.0,226960,0.8522051865882285,0
500bdf38-eovo_222_t1_aug_2.png,0,0,0,0.0,226956,0.0,226956,0.8582826790888844,0
500ce21f-ovo_37_t181.png,47453,0,0,0.0,33431,0.7045076180641898,80884,0.8764637276751324,0
500ce21f-ovo_37_t181_aug_0.png,47449,0,0,0.0,33436,0.7046723850871462,80885,0.7628840561773704,0
500ce21f-ovo_37_t181_aug_1.png,47453,0,0,0.0,33431,0.7045076180641898,80884,0.8764637276751324,0
500ce21f-ovo_37_t181_aug_2.png,47451,0,0,0.0,33431,0.7045373121746644,80882,0.770108860709097,0
50ca6553-ovo_52_t236.png,45559,0,0,0.0,33844,0.742860905638842,79403,0.8739633610443989,0
50ca6553-ovo_52_t236_aug_0.png,45555,0,0,0.0,33855,0.7431675996048732,79410,0.7834193431641746,0
50ca6553-ovo_52_t236_aug_1.png,45559,0,0,0.0,33844,0.742860905638842,79403,0.8739633610443989,0
50ca6553-ovo_52_t236_aug_2.png,45556,0,0,0.0,33852,0.7430854333128457,79408,0.7761950948873533,0
50ccb546-ovo_40_t81.png,45612,0,0,0.0,37288,0.8175041655704639,82900,0.8757697265365734,0
50ccb546-ovo_40_t81_aug_0.png,45612,0,0,0.0,37291,0.8175699377356835,82903,0.7783671496810161,0
50ccb546-ovo_40_t81_aug_1.png,45608,0,0,0.0,37287,0.8175539379056306,82895,0.7639590056408864,0
50ccb546-ovo_40_t81_aug_2.png,45612,0,0,0.0,37288,0.8175041655704639,82900,0.8513562791453968,0
514484d5-ovo_34_t96.png,0,0,0,0.0,56904,0.0,56904,0.885573651377637,0
514484d5-ovo_34_t96_aug_0.png,0,0,0,0.0,56904,0.0,56904,0.885573651377637,0
514484d5-ovo_34_t96_aug_1.png,0,0,0,0.0,56904,0.0,56904,0.885573651377637,0
514484d5-ovo_34_t96_aug_2.png,0,0,0,0.0,56904,0.0,56904,0.885573651377637,0
515a5437-ovo_26_t36.png,47217,0,0,0.0,39714,0.841095368193659,86931,0.874882376678179,0
515a5437-ovo_26_t36_aug_0.png,47217,0,0,0.0,39714,0.841095368193659,86931,0.874882376678179,0
515a5437-ovo_26_t36_aug_1.png,47215,0,0,0.0,39719,0.8412368950545378,86934,0.8368572275383999,0
515a5437-ovo_26_t36_aug_2.png,47217,0,0,0.0,39714,0.841095368193659,86931,0.874882376678179,0
516dac28-ovo_30_t91.png,42111,0,0,0.0,0,0.0,42111,0.8642882292608144,0
516dac28-ovo_30_t91_aug_0.png,42110,0,0,0.0,0,0.0,42110,0.8611291485645615,0
516dac28-ovo_30_t91_aug_1.png,42111,0,0,0.0,0,0.0,42111,0.8642882292608144,0
516dac28-ovo_30_t91_aug_2.png,42111,0,0,0.0,0,0.0,42111,0.8642882292608144,0
518ad3bf-ovo_11_t186.png,43279,0,0,0.0,31889,0.7368238637676471,75168,0.8706652448663842,0
518ad3bf-ovo_11_t186_aug_0.png,43279,0,0,0.0,31889,0.7368238637676471,75168,0.8706652448663842,0
518ad3bf-ovo_11_t186_aug_1.png,43276,0,0,0.0,31893,0.7369673722155468,75169,0.8614280452406746,0
518ad3bf-ovo_11_t186_aug_2.png,43279,0,0,0.0,31889,0.7368238637676471,75168,0.8706652448663842,0
519b2655-ovo_01_t41.png,44964,0,0,0.0,37629,0.8368694955964772,82593,0.8547813125387889,0
519b2655-ovo_01_t41_aug_0.png,44962,0,0,0.0,37623,0.8367732752101775,82585,0.8066063340520049,0
519b2655-ovo_01_t41_aug_1.png,44972,0,0,0.0,37618,0.836476029529485,82590,0.7954773879144468,0
519b2655-ovo_01_t41_aug_2.png,44964,0,0,0.0,37629,0.8368694955964772,82593,0.8547813125387889,0
51ab41a3-ovo_51_t41.png,46239,0,0,0.0,33705,0.7289301239213651,79944,0.886714209952147,0
51ab41a3-ovo_51_t41_aug_0.png,46239,0,0,0.0,33705,0.7289301239213651,79944,0.886714209952147,0
51ab41a3-ovo_51_t41_aug_1.png,46239,0,0,0.0,33703,0.7288868703907957,79942,0.8317374131092571,0
51ab41a3-ovo_51_t41_aug_2.png,46239,0,0,0.0,33705,0.7289301239213651,79944,0.886714209952147,0
52009e3c-ovo_14_t16.png,42341,0,0,0.0,42583,1.0057155003424576,84924,0.8571470117880202,0
52009e3c-ovo_14_t16_aug_0.png,42341,0,0,0.0,42583,1.0057155003424576,84924,0.7558534823454223,0
52009e3c-ovo_14_t16_aug_1.png,42345,0,0,0.0,42579,1.0055260361317746,84924,0.8152365681737425,0
52009e3c-ovo_14_t16_aug_2.png,42341,0,0,0.0,42583,1.0057155003424576,84924,0.8571470117880202,0
52dd5227-eovo_454_t1.png,102908,0,0,0.0,138043,1.341421463831772,240951,0.8664740565964728,0
52dd5227-eovo_454_t1_aug_0.png,102908,0,0,0.0,138043,1.341421463831772,240951,0.8664740565964728,0
52dd5227-eovo_454_t1_aug_1.png,102908,0,0,0.0,138043,1.341421463831772,240951,0.8664740565964728,0
52dd5227-eovo_454_t1_aug_2.png,102908,0,0,0.0,138043,1.341421463831772,240951,0.8664740565964728,0
52e2b474-ovo_25_t211.png,43375,0,0,0.0,47294,1.0903515850144092,90669,0.8721720521677196,0
52e2b474-ovo_25_t211_aug_0.png,43375,0,0,0.0,47294,1.0903515850144092,90669,0.8721720521677196,0
52e2b474-ovo_25_t211_aug_1.png,43375,0,0,0.0,47294,1.0903515850144092,90669,0.8721720521677196,0
52e2b474-ovo_25_t211_aug_2.png,43382,0,0,0.0,47291,1.0901064957816606,90673,0.7741367355365811,0
52e59b7f-ovo_26_t306.png,47241,0,0,0.0,37582,0.7955377743908892,84823,0.8776243583031537,0
52e59b7f-ovo_26_t306_aug_0.png,47241,0,0,0.0,37582,0.7955377743908892,84823,0.8776243583031537,0
52e59b7f-ovo_26_t306_aug_1.png,47241,0,0,0.0,37582,0.7955377743908892,84823,0.8776243583031537,0
52e59b7f-ovo_26_t306_aug_2.png,47237,0,0,0.0,37587,0.7957109892668882,84824,0.8042461219822663,0
52f195cd-ovo_30_t266.png,40160,0,0,0.0,0,0.0,40160,0.8862678018311537,0
52f195cd-ovo_30_t266_aug_0.png,40160,0,0,0.0,0,0.0,40160,0.8862678018311537,0
52f195cd-ovo_30_t266_aug_1.png,40160,0,0,0.0,0,0.0,40160,0.8862678018311537,0
52f195cd-ovo_30_t266_aug_2.png,40160,0,0,0.0,0,0.0,40160,0.8700309490871805,0
534603e2-eovo_225_t1.png,0,0,0,0.0,219563,0.0,219563,0.8670834920387818,0
534603e2-eovo_225_t1_aug_0.png,0,0,0,0.0,219574,0.0,219574,0.8061543489933602,0
534603e2-eovo_225_t1_aug_1.png,0,0,0,0.0,219563,0.0,219563,0.8670834920387818,0
534603e2-eovo_225_t1_aug_2.png,0,0,0,0.0,219561,0.0,219561,0.7587684541447366,0
5393efab-ovo_50_t246.png,48672,0,0,0.0,67302,1.3827662721893492,115974,0.8855450663029361,0
5393efab-ovo_50_t246_aug_0.png,48669,0,0,0.0,67237,1.3815159547145,115906,0.7827260654433723,0
5393efab-ovo_50_t246_aug_1.png,48676,0,0,0.0,67263,1.381851425753965,115939,0.7988435633784793,0
5393efab-ovo_50_t246_aug_2.png,48667,0,0,0.0,67125,1.379271374853597,115792,0.7869886214000803,0
54ac9183-ovo_53_t31.png,40223,0,0,0.0,30336,0.7541953608631877,70559,0.8781682787322822,0
54ac9183-ovo_53_t31_aug_0.png,40219,0,0,0.0,30343,0.7544444168179218,70562,0.8132446060825604,0
54ac9183-ovo_53_t31_aug_1.png,40224,0,0,0.0,30333,0.7541020286396182,70557,0.8152315552780899,0
54ac9183-ovo_53_t31_aug_2.png,40223,0,0,0.0,30336,0.7541953608631877,70559,0.8781682787322822,0
54b50e71-ovo_04_t221.png,46402,0,0,0.0,30102,0.6487220378431964,76504,0.8671884697821964,0
54b50e71-ovo_04_t221_aug_0.png,46401,0,0,0.0,30104,0.6487791211396307,76505,0.8438633582073405,0
54b50e71-ovo_04_t221_aug_1.png,46402,0,0,0.0,30102,0.6487220378431964,76504,0.8671884697821964,0
54b50e71-ovo_04_t221_aug_2.png,46406,0,0,0.0,30097,0.6485583760720597,76503,0.7747238099614031,0
54fe2d03-ovo_55_t231.png,45947,0,0,0.0,33676,0.732931420985048,79623,0.8816028859179859,0
54fe2d03-ovo_55_t231_aug_0.png,45944,0,0,0.0,33682,0.7331098728887341,79626,0.761526120156177,0
54fe2d03-ovo_55_t231_aug_1.png,45947,0,0,0.0,33676,0.732931420985048,79623,0.8816028859179859,0
54fe2d03-ovo_55_t231_aug_2.png,45947,0,0,0.0,33676,0.732931420985048,79623,0.8816028859179859,0
5555cf09-ovo_31_t46.png,41647,0,0,0.0,30542,0.7333541431555695,72189,0.8785733094036887,0
5555cf09-ovo_31_t46_aug_0.png,41647,0,0,0.0,30542,0.7333541431555695,72189,0.8785733094036887,0
5555cf09-ovo_31_t46_aug_1.png,41647,0,0,0.0,30542,0.7333541431555695,72189,0.8785733094036887,0
5555cf09-ovo_31_t46_aug_2.png,41647,0,0,0.0,30542,0.7333541431555695,72189,0.8785733094036887,0
55a5cf14-eovo_253_t1.png,103986,0,0,0.0,92511,0.8896486065431886,196497,0.864881528037221,0
55a5cf14-eovo_253_t1_aug_0.png,103986,0,0,0.0,92511,0.8896486065431886,196497,0.864881528037221,0
55a5cf14-eovo_253_t1_aug_1.png,103986,0,0,0.0,92505,0.8895909064681784,196491,0.7540179527022196,0
55a5cf14-eovo_253_t1_aug_2.png,103986,0,0,0.0,92514,0.8896774565806935,196500,0.8340072248842404,0
55acf318-ovo_12_t226.png,44519,0,0,0.0,25060,0.5629057256452301,69579,0.8407329126975682,0
55acf318-ovo_12_t226_aug_0.png,44515,0,0,0.0,25062,0.5630012355385825,69577,0.73847516616896,0
55acf318-ovo_12_t226_aug_1.png,44519,0,0,0.0,25060,0.5629057256452301,69579,0.8407329126975682,0
55acf318-ovo_12_t226_aug_2.png,44516,0,0,0.0,25061,0.5629661245394915,69577,0.7613455884872007,0
55d754cb-eovo_323_t1.png,87445,0,0,0.0,126051,1.441488935902567,213496,0.8608247857827462,0
55d754cb-eovo_323_t1_aug_0.png,87445,0,0,0.0,126051,1.441488935902567,213496,0.8608247857827462,0
55d754cb-eovo_323_t1_aug_1.png,87456,0,0,0.0,126036,1.4411361141602634,213492,0.7709285084480171,0
55d754cb-eovo_323_t1_aug_2.png,87445,0,0,0.0,126051,1.441488935902567,213496,0.8608247857827462,0
561010d4-ovo_11_t191.png,42922,0,0,0.0,33273,0.7751968687386422,76195,0.8595616476260944,0
561010d4-ovo_11_t191_aug_0.png,42922,0,0,0.0,33273,0.7751968687386422,76195,0.8595616476260944,0
561010d4-ovo_11_t191_aug_1.png,42922,0,0,0.0,33273,0.7751968687386422,76195,0.8595616476260944,0
561010d4-ovo_11_t191_aug_2.png,42922,0,0,0.0,33273,0.7751968687386422,76195,0.8595616476260944,0
5617f54c-ovo_29_t31.png,42279,0,0,0.0,34226,0.8095271884387047,76505,0.8775761869344074,0
5617f54c-ovo_29_t31_aug_0.png,42279,0,0,0.0,34226,0.8095271884387047,76505,0.8775761869344074,0
5617f54c-ovo_29_t31_aug_1.png,42275,0,0,0.0,34226,0.8096037847427557,76501,0.8536002739970125,0
5617f54c-ovo_29_t31_aug_2.png,42276,0,0,0.0,34231,0.8097029047213549,76507,0.8192702430511863,0
565bb28f-ovo_53_t66.png,40811,0,0,0.0,30410,0.7451422410624586,71221,0.8783667837777761,0
565bb28f-ovo_53_t66_aug_0.png,40816,0,0,0.0,30408,0.7450019600156801,71224,0.7488615796907754,0
565bb28f-ovo_53_t66_aug_1.png,40811,0,0,0.0,30410,0.7451422410624586,71221,0.8783667837777761,0
565bb28f-ovo_53_t66_aug_2.png,40811,0,0,0.0,30409,0.7451177378647914,71220,0.7670124601530062,0
56ed6d4c-ovo_52_t106.png,45872,0,0,0.0,37306,0.8132629926752704,83178,0.8758447092513714,0
56ed6d4c-ovo_52_t106_aug_0.png,45872,0,0,0.0,37306,0.8132629926752704,83178,0.8758447092513714,0
56ed6d4c-ovo_52_t106_aug_1.png,45876,0,0,0.0,37308,0.8132356787862934,83184,0.7942793322140407,0
56ed6d4c-ovo_52_t106_aug_2.png,45869,0,0,0.0,37312,0.8134469903420611,83181,0.8388989408258052,0
5716a7c0-ovo_14_t196.png,45709,0,0,0.0,35024,0.7662385963377015,80733,0.8742481860481495,0
5716a7c0-ovo_14_t196_aug_0.png,45714,0,0,0.0,35021,0.7660891630572692,80735,0.7658207080538688,0
5716a7c0-ovo_14_t196_aug_1.png,45709,0,0,0.0,35024,0.7662385963377015,80733,0.8742481860481495,0
5716a7c0-ovo_14_t196_aug_2.png,45709,0,0,0.0,35024,0.7662385963377015,80733,0.8742481860481495,0
572557c7-ovo_53_t16.png,39240,0,0,0.0,32416,0.8260958205912334,71656,0.8730622015509055,0
572557c7-ovo_53_t16_aug_0.png,39245,0,0,0.0,32407,0.8257612434705058,71652,0.8389849165323684,0
572557c7-ovo_53_t16_aug_1.png,39240,0,0,0.0,32416,0.8260958205912334,71656,0.8730622015509055,0
572557c7-ovo_53_t16_aug_2.png,39240,0,0,0.0,32416,0.8260958205912334,71656,0.8730622015509055,0
574b16cc-ovo_29_t311.png,41022,0,0,0.0,38465,0.9376675929988788,79487,0.8732645753237731,0
574b16cc-ovo_29_t311_aug_0.png,41022,0,0,0.0,38465,0.9376675929988788,79487,0.8732645753237731,0
574b16cc-ovo_29_t311_aug_1.png,41022,0,0,0.0,38465,0.9376675929988788,79487,0.8732645753237731,0
574b16cc-ovo_29_t311_aug_2.png,41028,0,0,0.0,38459,0.9373842254070393,79487,0.8211417050522104,0
5794d450-ovo_15_t111.png,42295,0,0,0.0,27130,0.64144697954841,69425,0.861526347250609,0
5794d450-ovo_15_t111_aug_0.png,42295,0,0,0.0,27130,0.64144697954841,69425,0.861526347250609,0
5794d450-ovo_15_t111_aug_1.png,42292,0,0,0.0,27131,0.641516125981273,69423,0.7872811707778922,0
5794d450-ovo_15_t111_aug_2.png,42297,0,0,0.0,27129,0.6413930065962125,69426,0.8312989912936152,0
57b64cbf-ovo_55_t36.png,46262,0,0,0.0,34718,0.7504647442825645,80980,0.8805572440185366,0
57b64cbf-ovo_55_t36_aug_0.png,46262,0,0,0.0,34718,0.7504647442825645,80980,0.8805572440185366,0
57b64cbf-ovo_55_t36_aug_1.png,46266,0,0,0.0,34716,0.7503566333808844,80982,0.8459151290239283,0
57b64cbf-ovo_55_t36_aug_2.png,46260,0,0,0.0,34722,0.7505836575875486,80982,0.847198135731687,0
57cbd48b-eovo_93_t1.png,0,0,0,0.0,193880,0.0,193880,0.8620120919992047,0
57cbd48b-eovo_93_t1_aug_0.png,0,0,0,0.0,193880,0.0,193880,0.8620120919992047,0
57cbd48b-eovo_93_t1_aug_1.png,0,0,0,0.0,193880,0.0,193880,0.8368493480066623,0
57cbd48b-eovo_93_t1_aug_2.png,0,0,0,0.0,193888,0.0,193888,0.7603753615522585,0
57dbf8fb-ovo_04_t166.png,46059,0,0,0.0,30689,0.6662975748496494,76748,0.8707643445159529,0
57dbf8fb-ovo_04_t166_aug_0.png,46054,0,0,0.0,30688,0.6663481999392018,76742,0.7745348545052124,0
57dbf8fb-ovo_04_t166_aug_1.png,46059,0,0,0.0,30689,0.6662975748496494,76748,0.8707643445159529,0
57dbf8fb-ovo_04_t166_aug_2.png,46064,0,0,0.0,30684,0.6661167071899965,76748,0.7950716724207079,0
57f88b51-eovo_212_t1.png,0,0,0,0.0,192115,0.0,192115,0.8658721880891076,0
57f88b51-eovo_212_t1_aug_0.png,0,0,0,0.0,192115,0.0,192115,0.8658721880891076,0
57f88b51-eovo_212_t1_aug_1.png,0,0,0,0.0,192114,0.0,192114,0.7539565900093862,0
57f88b51-eovo_212_t1_aug_2.png,0,0,0,0.0,192094,0.0,192094,0.7464636761142787,0
58127fac-ovo_06_t241.png,28007,0,0,0.0,66360,2.369407648087978,94367,0.8863731316856089,0
58127fac-ovo_06_t241_aug_0.png,28007,0,0,0.0,66360,2.369407648087978,94367,0.8863731316856089,0
58127fac-ovo_06_t241_aug_1.png,28007,0,0,0.0,66360,2.369407648087978,94367,0.8863731316856089,0
58127fac-ovo_06_t241_aug_2.png,28007,0,0,0.0,66360,2.369407648087978,94367,0.8863731316856089,0
582338fe-ovo_53_t6.png,38756,0,0,0.0,36671,0.9462018784188256,75427,0.8760737603262062,0
582338fe-ovo_53_t6_aug_0.png,38756,0,0,0.0,36671,0.9462018784188256,75427,0.8760737603262062,0
582338fe-ovo_53_t6_aug_1.png,38758,0,0,0.0,36668,0.946075648898292,75426,0.7671576525646371,0
582338fe-ovo_53_t6_aug_2.png,38756,0,0,0.0,36672,0.9462276808752194,75428,0.7614959146625846,0
5846a598-eovo_159_t1.png,0,0,0,0.0,184697,0.0,184697,0.8482330512926799,0
5846a598-eovo_159_t1_aug_0.png,0,0,0,0.0,184702,0.0,184702,0.7770064275823304,0
5846a598-eovo_159_t1_aug_1.png,0,0,0,0.0,184697,0.0,184697,0.8482330512926799,0
5846a598-eovo_159_t1_aug_2.png,0,0,0,0.0,184697,0.0,184697,0.8482330512926799,0
589d0c4d-ovo_24_t116.png,42858,0,0,0.0,35006,0.8167903308600495,77864,0.886111737122643,0
589d0c4d-ovo_24_t116_aug_0.png,42850,0,0,0.0,35012,0.8170828471411902,77862,0.866429864603216,0
589d0c4d-ovo_24_t116_aug_1.png,42856,0,0,0.0,35019,0.8171317901810715,77875,0.7744628517084275,0
589d0c4d-ovo_24_t116_aug_2.png,42850,0,0,0.0,35010,0.8170361726954493,77860,0.8134946591771621,0
58a13e11-ovo_51_t221.png,46494,0,0,0.0,36176,0.7780788919000301,82670,0.8809141124615274,0
58a13e11-ovo_51_t221_aug_0.png,46496,0,0,0.0,36173,0.7779809015829319,82669,0.8250851987911404,0
58a13e11-ovo_51_t221_aug_1.png,46496,0,0,0.0,36173,0.7779809015829319,82669,0.8487441397141161,0
58a13e11-ovo_51_t221_aug_2.png,46494,0,0,0.0,36176,0.7780788919000301,82670,0.8809141124615274,0
59458141-ovo_04_t141.png,46183,0,0,0.0,30354,0.6572548340298379,76537,0.8815491621883569,0
59458141-ovo_04_t141_aug_0.png,46178,0,0,0.0,30361,0.6574775867296115,76539,0.7675406033648218,0
59458141-ovo_04_t141_aug_1.png,46186,0,0,0.0,30352,0.657168839042134,76538,0.8505792663698665,0
59458141-ovo_04_t141_aug_2.png,46183,0,0,0.0,30354,0.6572548340298379,76537,0.8815491621883569,0
59ef7f3d-eovo_348_t1.png,0,0,0,0.0,203909,0.0,203909,0.86713611893399,0
59ef7f3d-eovo_348_t1_aug_0.png,0,0,0,0.0,203921,0.0,203921,0.7677328099276313,0
59ef7f3d-eovo_348_t1_aug_1.png,0,0,0,0.0,203909,0.0,203909,0.86713611893399,0
59ef7f3d-eovo_348_t1_aug_2.png,0,0,0,0.0,203909,0.0,203909,0.86713611893399,0
5a772bef-ovo_18_t66.png,44111,0,0,0.0,18065,0.4095350366121829,62176,0.8637489503244273,0
5a772bef-ovo_18_t66_aug_0.png,44111,0,0,0.0,18065,0.4095350366121829,62176,0.8637489503244273,0
5a772bef-ovo_18_t66_aug_1.png,44111,0,0,0.0,18065,0.4095350366121829,62176,0.8637489503244273,0
5a772bef-ovo_18_t66_aug_2.png,44107,0,0,0.0,18062,0.4095041603373614,62169,0.7763407459803251,0
5a8f4166-ovo_55_t191.png,44604,0,0,0.0,37622,0.8434669536364452,82226,0.8691380453898196,0
5a8f4166-ovo_55_t191_aug_0.png,44597,0,0,0.0,37635,0.8438908446756508,82232,0.7625825224029884,0
5a8f4166-ovo_55_t191_aug_1.png,44606,0,0,0.0,37619,0.8433618795677712,82225,0.8668654547065767,0
5a8f4166-ovo_55_t191_aug_2.png,44605,0,0,0.0,37618,0.8433583678959757,82223,0.8171356432516808,0
5aee81eb-eovo_1_t1.png,0,0,0,0.0,170978,0.0,170978,0.846364458322061,0
5aee81eb-eovo_1_t1_aug_0.png,0,0,0,0.0,170978,0.0,170978,0.846364458322061,0
5aee81eb-eovo_1_t1_aug_1.png,0,0,0,0.0,170978,0.0,170978,0.846364458322061,0
5aee81eb-eovo_1_t1_aug_2.png,0,0,0,0.0,170987,0.0,170987,0.7759383015008401,0
5bc16305-ovo_05_t131.png,49502,0,0,0.0,41604,0.840450890873096,91106,0.8822296574947958,0
5bc16305-ovo_05_t131_aug_0.png,49500,0,0,0.0,41605,0.8405050505050505,91105,0.8602536801890408,0
5bc16305-ovo_05_t131_aug_1.png,49502,0,0,0.0,41604,0.840450890873096,91106,0.8822296574947958,0
5bc16305-ovo_05_t131_aug_2.png,49502,0,0,0.0,41604,0.840450890873096,91106,0.8822296574947958,0
5bc7ec46-ovo_04_t211.png,45642,0,0,0.0,31879,0.6984575610183603,77521,0.8805459292261105,0
5bc7ec46-ovo_04_t211_aug_0.png,45640,0,0,0.0,31872,0.6983347940403155,77512,0.7963194363063204,0
5bc7ec46-ovo_04_t211_aug_1.png,45641,0,0,0.0,31874,0.6983633136872549,77515,0.7595888638579582,0
5bc7ec46-ovo_04_t211_aug_2.png,45642,0,0,0.0,31879,0.6984575610183603,77521,0.8805459292261105,0
5c4791a5-ovo_53_t216.png,43391,0,0,0.0,32329,0.7450623401166141,75720,0.8823144980369005,0
5c4791a5-ovo_53_t216_aug_0.png,43391,0,0,0.0,32329,0.7450623401166141,75720,0.8823144980369005,0
5c4791a5-ovo_53_t216_aug_1.png,43391,0,0,0.0,32329,0.7450623401166141,75720,0.8823144980369005,0
5c4791a5-ovo_53_t216_aug_2.png,43401,0,0,0.0,32320,0.7446833022280592,75721,0.7657665156797787,0
5c72f554-ovo_52_t91.png,45286,0,0,0.0,35292,0.7793136951817339,80578,0.8687729052250551,0
5c72f554-ovo_52_t91_aug_0.png,45286,0,0,0.0,35292,0.7793136951817339,80578,0.8687729052250551,0
5c72f554-ovo_52_t91_aug_1.png,45289,0,0,0.0,35292,0.7792620724679282,80581,0.7634405813983245,0
5c72f554-ovo_52_t91_aug_2.png,45287,0,0,0.0,35291,0.7792744054585201,80578,0.8651586943140505,0
5c8ce49e-ovo_32_t111.png,44055,0,0,0.0,36832,0.8360458517761888,80887,0.8717365929051601,0
5c8ce49e-ovo_32_t111_aug_0.png,44057,0,0,0.0,36844,0.8362802732823388,80901,0.7643056154460124,0
5c8ce49e-ovo_32_t111_aug_1.png,44055,0,0,0.0,36832,0.8360458517761888,80887,0.8717365929051601,0
5c8ce49e-ovo_32_t111_aug_2.png,44052,0,0,0.0,36842,0.8363297920639244,80894,0.7854001665285638,0
5d18207b-ovo_04_t186.png,46444,0,0,0.0,30576,0.6583412281457239,77020,0.8656768847238059,0
5d18207b-ovo_04_t186_aug_0.png,46438,0,0,0.0,30583,0.6585770274344287,77021,0.803971796706766,0
5d18207b-ovo_04_t186_aug_1.png,46444,0,0,0.0,30576,0.6583412281457239,77020,0.8656768847238059,0
5d18207b-ovo_04_t186_aug_2.png,46444,0,0,0.0,30576,0.6583412281457239,77020,0.8656768847238059,0
5d32e343-ovo_55_t126.png,46354,0,0,0.0,34812,0.751003149674246,81166,0.8762590989696469,0
5d32e343-ovo_55_t126_aug_0.png,46356,0,0,0.0,34816,0.7510570368452844,81172,0.7582409763376529,0
5d32e343-ovo_55_t126_aug_1.png,46360,0,0,0.0,34805,0.7507549611734253,81165,0.7653710143584807,0
5d32e343-ovo_55_t126_aug_2.png,46354,0,0,0.0,34812,0.751003149674246,81166,0.8762590989696469,0
5d898c99-ovo_23_t6.png,42964,0,0,0.0,35123,0.8174983707289823,78087,0.8848667001849865,0
5d898c99-ovo_23_t6_aug_0.png,42969,0,0,0.0,35126,0.8174730619749121,78095,0.7880944187170877,0
5d898c99-ovo_23_t6_aug_1.png,42964,0,0,0.0,35123,0.8174983707289823,78087,0.8848667001849865,0
5d898c99-ovo_23_t6_aug_2.png,42964,0,0,0.0,35123,0.8174983707289823,78087,0.8848667001849865,0
5e0b2bdd-ovo_20_t41.png,45618,0,0,0.0,41124,0.90148625542549,86742,0.8739231656950417,0
5e0b2bdd-ovo_20_t41_aug_0.png,45618,0,0,0.0,41124,0.90148625542549,86742,0.8739231656950417,0
5e0b2bdd-ovo_20_t41_aug_1.png,45624,0,0,0.0,41117,0.9012142731895494,86741,0.8015925331351681,0
5e0b2bdd-ovo_20_t41_aug_2.png,45612,0,0,0.0,41123,0.901582916776287,86735,0.7757771605453406,0
5e13afdd-ovo_53_t171.png,43978,0,0,0.0,31925,0.7259311473918778,75903,0.8752232496061161,0
5e13afdd-ovo_53_t171_aug_0.png,43978,0,0,0.0,31925,0.7259311473918778,75903,0.8752232496061161,0
5e13afdd-ovo_53_t171_aug_1.png,43974,0,0,0.0,31933,0.7261791058352663,75907,0.8541984205889456,0
5e13afdd-ovo_53_t171_aug_2.png,43972,0,0,0.0,31916,0.7258255253343037,75888,0.7587172296462389,0
5e74c3d4-ovo_40_t16.png,46853,0,0,0.0,39077,0.8340341066740657,85930,0.8786903371165908,0
5e74c3d4-ovo_40_t16_aug_0.png,46850,0,0,0.0,39081,0.8341728922091782,85931,0.8565922673600489,0
5e74c3d4-ovo_40_t16_aug_1.png,46853,0,0,0.0,39077,0.8340341066740657,85930,0.8786903371165908,0
5e74c3d4-ovo_40_t16_aug_2.png,46857,0,0,0.0,39080,0.8340269330089422,85937,0.7589915663019366,0
5ee31f0f-ovo_52_t181.png,45894,0,0,0.0,30030,0.6543338998561904,75924,0.8630863203731297,0
5ee31f0f-ovo_52_t181_aug_0.png,45892,0,0,0.0,30037,0.6545149481391093,75929,0.792317995822359,0
5ee31f0f-ovo_52_t181_aug_1.png,45888,0,0,0.0,30037,0.6545720013947002,75925,0.7530441249763148,0
5ee31f0f-ovo_52_t181_aug_2.png,45894,0,0,0.0,30030,0.6543338998561904,75924,0.8630863203731297,0
5fb3a257-ovo_11_t51.png,41823,0,0,0.0,34189,0.8174688568491022,76012,0.8763009768601778,0
5fb3a257-ovo_11_t51_aug_0.png,41822,0,0,0.0,34192,0.8175601358136866,76014,0.8425208947309406,0
5fb3a257-ovo_11_t51_aug_1.png,41823,0,0,0.0,34189,0.8174688568491022,76012,0.8763009768601778,0
5fb3a257-ovo_11_t51_aug_2.png,41831,0,0,0.0,34178,0.8170495565489708,76009,0.7607582727060789,0
604f55a5-eovo_38_t1.png,0,0,0,0.0,194256,0.0,194256,0.8565277340197152,0
604f55a5-eovo_38_t1_aug_0.png,0,0,0,0.0,194256,0.0,194256,0.8565277340197152,0
604f55a5-eovo_38_t1_aug_1.png,0,0,0,0.0,194256,0.0,194256,0.8565277340197152,0
604f55a5-eovo_38_t1_aug_2.png,0,0,0,0.0,194256,0.0,194256,0.8565277340197152,0
60670836-ovo_55_t246.png,45947,0,0,0.0,37385,0.8136548632119616,83332,0.8692879488128132,0
60670836-ovo_55_t246_aug_0.png,45947,0,0,0.0,37385,0.8136548632119616,83332,0.8692879488128132,0
60670836-ovo_55_t246_aug_1.png,45947,0,0,0.0,37385,0.8136548632119616,83332,0.8692879488128132,0
60670836-ovo_55_t246_aug_2.png,45948,0,0,0.0,37380,0.8135283363802559,83328,0.8378392668619883,0
60d43a9c-eovo_650_t1.png,89217,0,0,0.0,95872,1.0745934070860934,185089,0.8681589561286595,0
60d43a9c-eovo_650_t1_aug_0.png,89224,0,0,0.0,95863,1.074408230969246,185087,0.796052995026855,0
60d43a9c-eovo_650_t1_aug_1.png,89217,0,0,0.0,95872,1.0745934070860934,185089,0.8681589561286595,0
60d43a9c-eovo_650_t1_aug_2.png,89218,0,0,0.0,95872,1.074581362505324,185090,0.8212155854201503,0
615da6b8-ovo_55_t216.png,45234,0,0,0.0,34183,0.7556926205951275,79417,0.8663476163911832,0
615da6b8-ovo_55_t216_aug_0.png,45234,0,0,0.0,34183,0.7556926205951275,79417,0.8663476163911832,0
615da6b8-ovo_55_t216_aug_1.png,45234,0,0,0.0,34183,0.7556926205951275,79417,0.8663476163911832,0
615da6b8-ovo_55_t216_aug_2.png,45234,0,0,0.0,34183,0.7556926205951275,79417,0.8663476163911832,0
616f5e0c-ovo_03_t1.png,45063,0,0,0.0,35465,0.7870092980937798,80528,0.8444944604338227,0
616f5e0c-ovo_03_t1_aug_0.png,45063,0,0,0.0,35465,0.7870092980937798,80528,0.8444944604338227,0
616f5e0c-ovo_03_t1_aug_1.png,45067,0,0,0.0,35463,0.7868950673441765,80530,0.7581298053885183,0
616f5e0c-ovo_03_t1_aug_2.png,45063,0,0,0.0,35465,0.7870092980937798,80528,0.8444944604338227,0
61812149-ovo_52_t51.png,44253,0,0,0.0,36062,0.8149052041669491,80315,0.8760500676350972,0
61812149-ovo_52_t51_aug_0.png,44253,0,0,0.0,36062,0.8149052041669491,80315,0.8760500676350972,0
61812149-ovo_52_t51_aug_1.png,44253,0,0,0.0,36062,0.8149052041669491,80315,0.8760500676350972,0
61812149-ovo_52_t51_aug_2.png,44252,0,0,0.0,36067,0.8150366085148694,80319,0.7553149252495653,0
6224d237-ovo_53_t71.png,42313,0,0,0.0,32320,0.7638314466003356,74633,0.8809725734740247,0
6224d237-ovo_53_t71_aug_0.png,42313,0,0,0.0,32320,0.7638314466003356,74633,0.8809725734740247,0
6224d237-ovo_53_t71_aug_1.png,42313,0,0,0.0,32320,0.7638314466003356,74633,0.8809725734740247,0
6224d237-ovo_53_t71_aug_2.png,42315,0,0,0.0,32317,0.7637244475954154,74632,0.8059514212098322,0
641adb24-ovo_51_t246.png,45668,0,0,0.0,35207,0.7709336953665586,80875,0.8801947804580245,0
641adb24-ovo_51_t246_aug_0.png,45669,0,0,0.0,35211,0.7710044012349734,80880,0.8265424501476194,0
641adb24-ovo_51_t246_aug_1.png,45672,0,0,0.0,35212,0.7709756524785426,80884,0.7906874990650635,0
641adb24-ovo_51_t246_aug_2.png,45669,0,0,0.0,35211,0.7710044012349734,80880,0.795798438950571,0
64647e44-ovo_35_t211.png,45436,0,0,0.0,36592,0.8053525838542125,82028,0.8745990260697055,0
64647e44-ovo_35_t211_aug_0.png,45436,0,0,0.0,36592,0.8053525838542125,82028,0.8745990260697055,0
64647e44-ovo_35_t211_aug_1.png,45430,0,0,0.0,36607,0.8057891261281092,82037,0.7633793521769839,0
64647e44-ovo_35_t211_aug_2.png,45436,0,0,0.0,36596,0.8054406197728673,82032,0.7707566707127782,0
648560c2-eovo_205_t1.png,0,0,0,0.0,198796,0.0,198796,0.8680369172349027,0
648560c2-eovo_205_t1_aug_0.png,0,0,0,0.0,198796,0.0,198796,0.8680369172349027,0
648560c2-eovo_205_t1_aug_1.png,0,0,0,0.0,198801,0.0,198801,0.7842380591090886,0
648560c2-eovo_205_t1_aug_2.png,0,0,0,0.0,198796,0.0,198796,0.8680369172349027,0
649baf18-eovo_652_t1.png,89834,0,0,0.0,96936,1.0790569272213193,186770,0.8708809233933472,0
649baf18-eovo_652_t1_aug_0.png,89838,0,0,0.0,96919,1.078819653153454,186757,0.809619650569249,0
649baf18-eovo_652_t1_aug_1.png,89834,0,0,0.0,96936,1.0790569272213193,186770,0.8708809233933472,0
649baf18-eovo_652_t1_aug_2.png,89832,0,0,0.0,96935,1.079069819218096,186767,0.81735861854102,0
64c53085-eovo_443_t1.png,95657,0,0,0.0,128756,1.3460175418422071,224413,0.86601894092037,0
64c53085-eovo_443_t1_aug_0.png,95657,0,0,0.0,128756,1.3460175418422071,224413,0.86601894092037,0
64c53085-eovo_443_t1_aug_1.png,95657,0,0,0.0,128745,1.345902547644187,224402,0.768164930091679,0
64c53085-eovo_443_t1_aug_2.png,95645,0,0,0.0,128769,1.3463223378116995,224414,0.7664059700037928,0
64c876eb-ovo_08_t136.png,47251,0,0,0.0,33322,0.7052125880933737,80573,0.8746327081814543,0
64c876eb-ovo_08_t136_aug_0.png,47253,0,0,0.0,33313,0.7049922756227118,80566,0.7664417239435741,0
64c876eb-ovo_08_t136_aug_1.png,47251,0,0,0.0,33322,0.7052125880933737,80573,0.8746327081814543,0
64c876eb-ovo_08_t136_aug_2.png,47255,0,0,0.0,33323,0.7051740556554862,80578,0.8301966324131017,0
658937ca-ovo_52_t1.png,39635,0,0,0.0,33916,0.8557083385896304,73551,0.8714921105377786,0
658937ca-ovo_52_t1_aug_0.png,39637,0,0,0.0,33920,0.8557660771501375,73557,0.7516793395343011,0
658937ca-ovo_52_t1_aug_1.png,39635,0,0,0.0,33916,0.8557083385896304,73551,0.8714921105377786,0
658937ca-ovo_52_t1_aug_2.png,39638,0,0,0.0,33915,0.8556183460315858,73553,0.8562771596563854,0
65c05c2b-ovo_12_t136.png,49097,0,0,0.0,28170,0.5737621443265373,77267,0.871360313841426,0
65c05c2b-ovo_12_t136_aug_0.png,49097,0,0,0.0,28170,0.5737621443265373,77267,0.871360313841426,0
65c05c2b-ovo_12_t136_aug_1.png,49097,0,0,0.0,28170,0.5737621443265373,77267,0.871360313841426,0
65c05c2b-ovo_12_t136_aug_2.png,49097,0,0,0.0,28170,0.5737621443265373,77267,0.871360313841426,0
6786aead-ovo_04_t246.png,46270,0,0,0.0,31379,0.6781716014696347,77649,0.8767047116838022,0
6786aead-ovo_04_t246_aug_0.png,46270,0,0,0.0,31379,0.6781716014696347,77649,0.8767047116838022,0
6786aead-ovo_04_t246_aug_1.png,46271,0,0,0.0,31369,0.6779408268678006,77640,0.7671090332672067,0
6786aead-ovo_04_t246_aug_2.png,46270,0,0,0.0,31379,0.6781716014696347,77649,0.8767047116838022,0
678ea868-eovo_654_t1.png,91920,0,0,0.0,121255,1.3191362053959963,213175,0.8798751880652014,0
678ea868-eovo_654_t1_aug_0.png,91921,0,0,0.0,121253,1.3191000968222713,213174,0.7670865640336538,0
678ea868-eovo_654_t1_aug_1.png,91920,0,0,0.0,121255,1.3191362053959963,213175,0.8798751880652014,0
678ea868-eovo_654_t1_aug_2.png,91918,0,0,0.0,121257,1.319186666376553,213175,0.8739386457906924,0
67dce59b-eovo_22_t1.png,0,0,0,0.0,228989,0.0,228989,0.854790844900744,0
67dce59b-eovo_22_t1_aug_0.png,0,0,0,0.0,228989,0.0,228989,0.854790844900744,0
67dce59b-eovo_22_t1_aug_1.png,0,0,0,0.0,228985,0.0,228985,0.7763423032540558,0
67dce59b-eovo_22_t1_aug_2.png,0,0,0,0.0,228995,0.0,228995,0.7671955964499607,0
67de5bae-ovo_22_t151.png,43367,0,0,0.0,41825,0.9644430096617244,85192,0.8746816333160952,0
67de5bae-ovo_22_t151_aug_0.png,43367,0,0,0.0,41825,0.9644430096617244,85192,0.8746816333160952,0
67de5bae-ovo_22_t151_aug_1.png,43366,0,0,0.0,41828,0.9645344278928192,85194,0.8183454587089539,0
67de5bae-ovo_22_t151_aug_2.png,43367,0,0,0.0,41825,0.9644430096617244,85192,0.8746816333160952,0
67e3e968-ovo_47_t81.png,41399,0,0,0.0,41911,1.012367448489094,83310,0.8785784172546997,0
67e3e968-ovo_47_t81_aug_0.png,41399,0,0,0.0,41911,1.012367448489094,83310,0.8785784172546997,0
67e3e968-ovo_47_t81_aug_1.png,41399,0,0,0.0,41911,1.012367448489094,83310,0.8785784172546997,0
67e3e968-ovo_47_t81_aug_2.png,41394,0,0,0.0,41918,1.0126588394453302,83312,0.7801377513589945,0
684c0710-ovo_09_t176.png,47084,0,0,0.0,35255,0.7487681590349163,82339,0.8764430107354829,0
684c0710-ovo_09_t176_aug_0.png,47078,0,0,0.0,35257,0.7489060707761587,82335,0.8280415580707712,0
684c0710-ovo_09_t176_aug_1.png,47084,0,0,0.0,35255,0.7487681590349163,82339,0.8764430107354829,0
684c0710-ovo_09_t176_aug_2.png,47084,0,0,0.0,35255,0.7487681590349163,82339,0.8764430107354829,0
6894424d-ovo_17_t11.png,44293,0,0,0.0,40060,0.9044318515341024,84353,0.8749895234548908,0
6894424d-ovo_17_t11_aug_0.png,44293,0,0,0.0,40060,0.9044318515341024,84353,0.8749895234548908,0
6894424d-ovo_17_t11_aug_1.png,44297,0,0,0.0,40061,0.9043727566200872,84358,0.7712416163085094,0
6894424d-ovo_17_t11_aug_2.png,44293,0,0,0.0,40060,0.9044318515341024,84353,0.8749895234548908,0
69da6e6d-ovo_53_t76.png,42320,0,0,0.0,30036,0.7097353497164461,72356,0.8833118950754741,0
69da6e6d-ovo_53_t76_aug_0.png,42318,0,0,0.0,30035,0.7097452620634246,72353,0.8319543258727538,0
69da6e6d-ovo_53_t76_aug_1.png,42320,0,0,0.0,30035,0.7097117202268431,72355,0.7636208177796298,0
69da6e6d-ovo_53_t76_aug_2.png,42320,0,0,0.0,30036,0.7097353497164461,72356,0.8833118950754741,0
6a1b8cb5-ovo_52_t291.png,45493,0,0,0.0,33713,0.7410590640318291,79206,0.8721444268563889,0
6a1b8cb5-ovo_52_t291_aug_0.png,45484,0,0,0.0,33717,0.7412936417201653,79201,0.7647112638685285,0
6a1b8cb5-ovo_52_t291_aug_1.png,45493,0,0,0.0,33713,0.7410590640318291,79206,0.8721444268563889,0
6a1b8cb5-ovo_52_t291_aug_2.png,45493,0,0,0.0,33713,0.7410590640318291,79206,0.8657879223112618,0
6ae70f83-ovo_35_t251.png,46133,0,0,0.0,36103,0.7825851342856524,82236,0.8806893700915601,0
6ae70f83-ovo_35_t251_aug_0.png,46133,0,0,0.0,36103,0.7825851342856524,82236,0.8806893700915601,0
6ae70f83-ovo_35_t251_aug_1.png,46133,0,0,0.0,36103,0.7825851342856524,82236,0.8806893700915601,0
6ae70f83-ovo_35_t251_aug_2.png,46128,0,0,0.0,36113,0.7828867499132848,82241,0.762060439757592,0
6b359fe8-ovo_55_t86.png,46040,0,0,0.0,33401,0.725477845351868,79441,0.8654785895494189,0
6b359fe8-ovo_55_t86_aug_0.png,46040,0,0,0.0,33401,0.725477845351868,79441,0.8654785895494189,0
6b359fe8-ovo_55_t86_aug_1.png,46038,0,0,0.0,33410,0.7257048525131413,79448,0.7656509144504087,0
6b359fe8-ovo_55_t86_aug_2.png,46033,0,0,0.0,33406,0.7256967827428149,79439,0.773051619277319,0
6b6de80d-ovo_31_t271.png,46145,0,0,0.0,28161,0.6102719687940189,74306,0.8791025380946695,0
6b6de80d-ovo_31_t271_aug_0.png,46145,0,0,0.0,28161,0.6102719687940189,74306,0.8791025380946695,0
6b6de80d-ovo_31_t271_aug_1.png,46151,0,0,0.0,28155,0.6100626205282659,74306,0.8008185677517116,0
6b6de80d-ovo_31_t271_aug_2.png,46145,0,0,0.0,28161,0.6102719687940189,74306,0.8791025380946695,0
6bbc25c2-eovo_437_t1.png,101777,0,0,0.0,103540,1.0173221847765213,205317,0.8751072329772388,0
6bbc25c2-eovo_437_t1_aug_0.png,101777,0,0,0.0,103540,1.0173221847765213,205317,0.8751072329772388,0
6bbc25c2-eovo_437_t1_aug_1.png,101777,0,0,0.0,103540,1.0173221847765213,205317,0.8751072329772388,0
6bbc25c2-eovo_437_t1_aug_2.png,101777,0,0,0.0,103540,1.0173221847765213,205317,0.8751072329772388,0
6bdbd418-ovo_04_t116.png,46681,0,0,0.0,30118,0.6451875495383561,76799,0.8695759762821464,0
6bdbd418-ovo_04_t116_aug_0.png,46684,0,0,0.0,30119,0.6451675092108645,76803,0.8419457827329598,0
6bdbd418-ovo_04_t116_aug_1.png,46681,0,0,0.0,30118,0.6451875495383561,76799,0.8695759762821464,0
6bdbd418-ovo_04_t116_aug_2.png,46681,0,0,0.0,30118,0.6451875495383561,76799,0.8695759762821464,0
6c068d47-ovo_23_t231.png,48072,0,0,0.0,48314,1.0050341154934266,96386,0.8572075795939345,0
6c068d47-ovo_23_t231_aug_0.png,48072,0,0,0.0,48314,1.0050341154934266,96386,0.8572075795939345,0
6c068d47-ovo_23_t231_aug_1.png,48073,0,0,0.0,48307,1.004867597195931,96380,0.7581214909061859,0
6c068d47-ovo_23_t231_aug_2.png,48072,0,0,0.0,48314,1.0050341154934266,96386,0.8572075795939345,0
6c2673c5-ovo_14_t111.png,47475,0,0,0.0,37697,0.7940389678778305,85172,0.8772533467423281,0
6c2673c5-ovo_14_t111_aug_0.png,47478,0,0,0.0,37697,0.7939887948102279,85175,0.8070762914466341,0
6c2673c5-ovo_14_t111_aug_1.png,47474,0,0,0.0,37692,0.7939503728356574,85166,0.7935489236535855,0
6c2673c5-ovo_14_t111_aug_2.png,47477,0,0,0.0,37697,0.7940055184615709,85174,0.7960524258731944,0
6c9bdc90-ovo_04_t201.png,46784,0,0,0.0,29416,0.6287619699042407,76200,0.874673039785311,0
6c9bdc90-ovo_04_t201_aug_0.png,46784,0,0,0.0,29416,0.6287619699042407,76200,0.874673039785311,0
6c9bdc90-ovo_04_t201_aug_1.png,46784,0,0,0.0,29416,0.6287619699042407,76200,0.874673039785311,0
6c9bdc90-ovo_04_t201_aug_2.png,46781,0,0,0.0,29420,0.6288877963275689,76201,0.8642810105445389,0
6d1b8b9f-eovo_611_t1.png,98060,0,0,0.0,91647,0.9346012645319192,189707,0.872715140790907,0
6d1b8b9f-eovo_611_t1_aug_0.png,98055,0,0,0.0,91651,0.934689714955892,189706,0.7896771812180002,0
6d1b8b9f-eovo_611_t1_aug_1.png,98060,0,0,0.0,91647,0.9346012645319192,189707,0.872715140790907,0
6d1b8b9f-eovo_611_t1_aug_2.png,98058,0,0,0.0,91650,0.9346509208835588,189708,0.7820012497185519,0
6e1085f7-ovo_12_t131.png,48759,0,0,0.0,28014,0.5745400849074017,76773,0.8665097702221847,0
6e1085f7-ovo_12_t131_aug_0.png,48759,0,0,0.0,28014,0.5745400849074017,76773,0.8665097702221847,0
6e1085f7-ovo_12_t131_aug_1.png,48759,0,0,0.0,28014,0.5745400849074017,76773,0.8665097702221847,0
6e1085f7-ovo_12_t131_aug_2.png,48759,0,0,0.0,28014,0.5745400849074017,76773,0.8665097702221847,0
6e4bd4ce-ovo_38_t46.png,49153,0,0,0.0,48371,0.9840904929505828,97524,0.8776524203140806,0
6e4bd4ce-ovo_38_t46_aug_0.png,49155,0,0,0.0,48370,0.9840301088393856,97525,0.8039927326547421,0
6e4bd4ce-ovo_38_t46_aug_1.png,49156,0,0,0.0,48369,0.9839897469281472,97525,0.8562395896988397,0
6e4bd4ce-ovo_38_t46_aug_2.png,49153,0,0,0.0,48371,0.9840904929505828,97524,0.8776524203140806,0
6ee5f3a0-ovo_47_t86.png,42432,0,0,0.0,41842,0.9860953996983408,84274,0.8688810609230054,0
6ee5f3a0-ovo_47_t86_aug_0.png,42423,0,0,0.0,41851,0.9865167479904768,84274,0.7456736570786715,0
6ee5f3a0-ovo_47_t86_aug_1.png,42432,0,0,0.0,41842,0.9860953996983408,84274,0.8688810609230054,0
6ee5f3a0-ovo_47_t86_aug_2.png,42428,0,0,0.0,41843,0.986211935514283,84271,0.76767970021212,0
6f21cce8-ovo_04_t191.png,47334,0,0,0.0,32617,0.6890818439176913,79951,0.8756687892367395,0
6f21cce8-ovo_04_t191_aug_0.png,47346,0,0,0.0,32601,0.6885692561145609,79947,0.7565985992042986,0
6f21cce8-ovo_04_t191_aug_1.png,47334,0,0,0.0,32617,0.6890818439176913,79951,0.8756687892367395,0
6f21cce8-ovo_04_t191_aug_2.png,47334,0,0,0.0,32614,0.6890184645286687,79948,0.8637438062233848,0
6f7af2e0-ovo_06_t141.png,31363,0,0,0.0,60489,1.9286739151229155,91852,0.8875109000802253,0
6f7af2e0-ovo_06_t141_aug_0.png,31364,0,0,0.0,60005,1.9131807167453128,91369,0.8124739777379366,0
6f7af2e0-ovo_06_t141_aug_1.png,31366,0,0,0.0,60338,1.92367531722247,91704,0.8509014053170453,0
6f7af2e0-ovo_06_t141_aug_2.png,31363,0,0,0.0,60489,1.9286739151229155,91852,0.8875109000802253,0
6f800052-ovo_18_t246.png,42738,0,0,0.0,19893,0.4654639898918994,62631,0.8731888868234358,0
6f800052-ovo_18_t246_aug_0.png,42744,0,0,0.0,19880,0.4650945161894067,62624,0.7612129372186524,0
6f800052-ovo_18_t246_aug_1.png,42738,0,0,0.0,19893,0.4654639898918994,62631,0.8731888868234358,0
6f800052-ovo_18_t246_aug_2.png,42741,0,0,0.0,19886,0.4652675417046863,62627,0.7653665382277454,0
6ffdd15f-ovo_05_t231.png,48546,0,0,0.0,43316,0.8922671280847032,91862,0.8767872570517651,0
6ffdd15f-ovo_05_t231_aug_0.png,48546,0,0,0.0,43316,0.8922671280847032,91862,0.8767872570517651,0
6ffdd15f-ovo_05_t231_aug_1.png,48546,0,0,0.0,43316,0.8922671280847032,91862,0.8767872570517651,0
6ffdd15f-ovo_05_t231_aug_2.png,48546,0,0,0.0,43321,0.8923701231821365,91867,0.8214872408699643,0
70f28ab2-ovo_27_t81.png,43001,0,0,0.0,42911,0.9979070254180136,85912,0.8670757476236514,0
70f28ab2-ovo_27_t81_aug_0.png,43001,0,0,0.0,42911,0.9979070254180136,85912,0.8670757476236514,0
70f28ab2-ovo_27_t81_aug_1.png,43004,0,0,0.0,42919,0.9980234396800296,85923,0.7592828905475741,0
70f28ab2-ovo_27_t81_aug_2.png,43000,0,0,0.0,42911,0.9979302325581396,85911,0.854858881568279,0
70f3cf00-ovo_55_t56.png,45400,0,0,0.0,35646,0.7851541850220264,81046,0.8659818633276579,0
70f3cf00-ovo_55_t56_aug_0.png,45399,0,0,0.0,35660,0.7854798563845019,81059,0.7464663866058902,0
70f3cf00-ovo_55_t56_aug_1.png,45400,0,0,0.0,35646,0.7851541850220264,81046,0.8659818633276579,0
70f3cf00-ovo_55_t56_aug_2.png,45400,0,0,0.0,35646,0.7851541850220264,81046,0.8659818633276579,0
7311ce1a-eovo_612_t1.png,90970,0,0,0.0,111308,1.223568209299769,202278,0.880876511588306,0
7311ce1a-eovo_612_t1_aug_0.png,90971,0,0,0.0,111305,1.223521781666685,202276,0.8549656317772216,0
7311ce1a-eovo_612_t1_aug_1.png,90970,0,0,0.0,111307,1.2235572166648343,202277,0.8494741113947449,0
7311ce1a-eovo_612_t1_aug_2.png,90962,0,0,0.0,111331,1.223928673512016,202293,0.7581782683011532,0
742f3c3d-ovo_02_t51.png,0,0,0,0.0,76096,0.0,76096,0.8556170857166212,0
742f3c3d-ovo_02_t51_aug_0.png,0,0,0,0.0,76093,0.0,76093,0.747930298431239,0
742f3c3d-ovo_02_t51_aug_1.png,0,0,0,0.0,76096,0.0,76096,0.8556170857166212,0
742f3c3d-ovo_02_t51_aug_2.png,0,0,0,0.0,76096,0.0,76096,0.8556170857166212,0
7469f767-ovo_21_t221.png,42179,0,0,0.0,41453,0.9827876431399512,83632,0.8725537518564095,0
7469f767-ovo_21_t221_aug_0.png,42179,0,0,0.0,41453,0.9827876431399512,83632,0.8725537518564095,0
7469f767-ovo_21_t221_aug_1.png,42191,0,0,0.0,41444,0.982294802209002,83635,0.743711909954796,0
7469f767-ovo_21_t221_aug_2.png,42179,0,0,0.0,41447,0.9826453922568102,83626,0.8068905906813219,0
752098ee-ovo_27_t126.png,41376,0,0,0.0,46161,1.1156467517401392,87537,0.8795329274263829,0
752098ee-ovo_27_t126_aug_0.png,41376,0,0,0.0,46161,1.1156467517401392,87537,0.8795329274263829,0
752098ee-ovo_27_t126_aug_1.png,41374,0,0,0.0,46170,1.115918209503553,87544,0.7914404566268547,0
752098ee-ovo_27_t126_aug_2.png,41387,0,0,0.0,46140,1.1148428250416798,87527,0.7713002765676914,0
753dbbf6-eovo_420_t1.png,83911,0,0,0.0,101100,1.2048479937076189,185011,0.8701229815153808,0
753dbbf6-eovo_420_t1_aug_0.png,83901,0,0,0.0,101106,1.2050631100940394,185007,0.7712998239501495,0
753dbbf6-eovo_420_t1_aug_1.png,83902,0,0,0.0,101116,1.2051679340182595,185018,0.7582386195491427,0
753dbbf6-eovo_420_t1_aug_2.png,83911,0,0,0.0,101100,1.2048479937076189,185011,0.8701229815153808,0
755531f4-ovo_52_t31.png,43507,0,0,0.0,34308,0.7885627600156296,77815,0.8796050496397851,0
755531f4-ovo_52_t31_aug_0.png,43503,0,0,0.0,34314,0.7887731880559962,77817,0.7669111014523428,0
755531f4-ovo_52_t31_aug_1.png,43505,0,0,0.0,34308,0.7885990116078612,77813,0.8116051409321282,0
755531f4-ovo_52_t31_aug_2.png,43507,0,0,0.0,34308,0.7885627600156296,77815,0.8796050496397851,0
7563a718-ovo_17_t151.png,46068,0,0,0.0,31400,0.6816011114005384,77468,0.8664986625301769,0
7563a718-ovo_17_t151_aug_0.png,46068,0,0,0.0,31400,0.6816011114005384,77468,0.8664986625301769,0
7563a718-ovo_17_t151_aug_1.png,46068,0,0,0.0,31400,0.6816011114005384,77468,0.8664986625301769,0
7563a718-ovo_17_t151_aug_2.png,46073,0,0,0.0,31387,0.6812449807913529,77460,0.7640414815778439,0
75815a16-eovo_69_t1.png,0,0,0,0.0,198100,0.0,198100,0.8518948885156894,0
75815a16-eovo_69_t1_aug_0.png,0,0,0,0.0,198100,0.0,198100,0.8518948885156894,0
75815a16-eovo_69_t1_aug_1.png,0,0,0,0.0,198100,0.0,198100,0.8518948885156894,0
75815a16-eovo_69_t1_aug_2.png,0,0,0,0.0,198102,0.0,198102,0.8292547258191798,0
77071e8c-ovo_40_t136.png,46220,0,0,0.0,37709,0.8158589355257464,83929,0.86640441799699,0
77071e8c-ovo_40_t136_aug_0.png,46229,0,0,0.0,37707,0.8156568387808518,83936,0.7786516194082914,0
77071e8c-ovo_40_t136_aug_1.png,46220,0,0,0.0,37709,0.8158589355257464,83929,0.86640441799699,0
77071e8c-ovo_40_t136_aug_2.png,46223,0,0,0.0,37704,0.8156978127771889,83927,0.7762009461921482,0
77cce3b6-ovo_22_t111.png,43819,0,0,0.0,40728,0.929459823364294,84547,0.8761888668365555,0
77cce3b6-ovo_22_t111_aug_0.png,43818,0,0,0.0,40721,0.9293212834908028,84539,0.771203789354401,0
77cce3b6-ovo_22_t111_aug_1.png,43819,0,0,0.0,40728,0.929459823364294,84547,0.8761888668365555,0
77cce3b6-ovo_22_t111_aug_2.png,43817,0,0,0.0,40731,0.9295707145628408,84548,0.85892002508106,0
77e18fa2-ovo_36_t161.png,45601,0,0,0.0,46084,1.0105918729852414,91685,0.8874139108187836,0
77e18fa2-ovo_36_t161_aug_0.png,45601,0,0,0.0,46084,1.0105918729852414,91685,0.8874139108187836,0
77e18fa2-ovo_36_t161_aug_1.png,45601,0,0,0.0,46084,1.0105918729852414,91685,0.8874139108187836,0
77e18fa2-ovo_36_t161_aug_2.png,45598,0,0,0.0,46085,1.0106802929953067,91683,0.7941043112601476,0
77f14aa0-eovo_207_t1.png,0,0,0,0.0,205444,0.0,205444,0.865204783714031,0
77f14aa0-eovo_207_t1_aug_0.png,0,0,0,0.0,205444,0.0,205444,0.865204783714031,0
77f14aa0-eovo_207_t1_aug_1.png,0,0,0,0.0,205444,0.0,205444,0.865204783714031,0
77f14aa0-eovo_207_t1_aug_2.png,0,0,0,0.0,205449,0.0,205449,0.846468209603231,0
78998f27-eovo_163_t1.png,289,0,0,0.0,212385,734.8961937716263,212674,0.8655439069194911,0
78998f27-eovo_163_t1_aug_0.png,116,0,0,0.0,212387,1830.9224137931035,212503,0.7535409602267028,0
78998f27-eovo_163_t1_aug_1.png,287,0,0,0.0,212380,740.0,212667,0.8050253550887809,0
78998f27-eovo_163_t1_aug_2.png,289,0,0,0.0,212385,734.8961937716263,212674,0.8655439069194911,0
78f5525b-ovo_17_t16.png,44328,0,0,0.0,42689,0.963025627143115,87017,0.8832978301610136,0
78f5525b-ovo_17_t16_aug_0.png,44328,0,0,0.0,42689,0.963025627143115,87017,0.8832978301610136,0
78f5525b-ovo_17_t16_aug_1.png,44328,0,0,0.0,42689,0.963025627143115,87017,0.8832978301610136,0
78f5525b-ovo_17_t16_aug_2.png,44325,0,0,0.0,42695,0.9632261703327694,87020,0.7935206064317623,0
793d2e83-ovo_20_t176.png,46286,0,0,0.0,40283,0.8703063561336041,86569,0.8890466747226261,0
793d2e83-ovo_20_t176_aug_0.png,46284,0,0,0.0,40289,0.8704735977875724,86573,0.8037684885258121,0
793d2e83-ovo_20_t176_aug_1.png,46286,0,0,0.0,40283,0.8703063561336041,86569,0.8890466747226261,0
793d2e83-ovo_20_t176_aug_2.png,46282,0,0,0.0,40288,0.8704896071907005,86570,0.8705104485823132,0
798874ea-ovo_02_t81.png,40609,0,0,0.0,37977,0.9351867812553868,78586,0.8832289464026614,0
798874ea-ovo_02_t81_aug_0.png,40609,0,0,0.0,37977,0.9351867812553868,78586,0.8832289464026614,0
798874ea-ovo_02_t81_aug_1.png,40609,0,0,0.0,37977,0.9351867812553868,78586,0.8832289464026614,0
798874ea-ovo_02_t81_aug_2.png,40609,0,0,0.0,37977,0.9351867812553868,78586,0.8832289464026614,0
798b0b56-eovo_393_t1.png,0,0,0,0.0,219497,0.0,219497,0.8784910217713483,0
798b0b56-eovo_393_t1_aug_0.png,0,0,0,0.0,219493,0.0,219493,0.8178836470610679,0
798b0b56-eovo_393_t1_aug_1.png,0,0,0,0.0,219494,0.0,219494,0.8668633572806704,0
798b0b56-eovo_393_t1_aug_2.png,0,0,0,0.0,219498,0.0,219498,0.8423302081925148,0
799b4cd7-eovo_407_t1.png,82524,0,0,0.0,149421,1.8106369056274536,231945,0.859860576019972,0
799b4cd7-eovo_407_t1_aug_0.png,82524,0,0,0.0,149421,1.8106369056274536,231945,0.859860576019972,0
799b4cd7-eovo_407_t1_aug_1.png,82524,0,0,0.0,149421,1.8106369056274536,231945,0.859860576019972,0
799b4cd7-eovo_407_t1_aug_2.png,82524,0,0,0.0,149421,1.8106369056274536,231945,0.859860576019972,0
7a21f632-ovo_06_t131.png,30073,0,0,0.0,65974,2.1937950985934225,96047,0.8824454121513011,0
7a21f632-ovo_06_t131_aug_0.png,30076,0,0,0.0,65550,2.17947865407634,95626,0.7873576871946631,0
7a21f632-ovo_06_t131_aug_1.png,30073,0,0,0.0,65974,2.1937950985934225,96047,0.8824454121513011,0
7a21f632-ovo_06_t131_aug_2.png,30073,0,0,0.0,65974,2.1937950985934225,96047,0.8824454121513011,0
7a776415-eovo_250_t1.png,0,0,0,0.0,204008,0.0,204008,0.8735349133058387,0
7a776415-eovo_250_t1_aug_0.png,0,0,0,0.0,204007,0.0,204007,0.8190455119944012,0
7a776415-eovo_250_t1_aug_1.png,0,0,0,0.0,204005,0.0,204005,0.7908555848311888,0
7a776415-eovo_250_t1_aug_2.png,0,0,0,0.0,204008,0.0,204008,0.8735349133058387,0
7b22b041-ovo_40_t121.png,45744,0,0,0.0,36774,0.8039087093389297,82518,0.8731586594306239,0
7b22b041-ovo_40_t121_aug_0.png,45749,0,0,0.0,36765,0.8036241229316488,82514,0.8124765439987381,0
7b22b041-ovo_40_t121_aug_1.png,45744,0,0,0.0,36774,0.8039087093389297,82518,0.8731586594306239,0
7b22b041-ovo_40_t121_aug_2.png,45746,0,0,0.0,36771,0.8038079832116469,82517,0.8167987733548419,0
7b3901c9-ovo_05_t181.png,47511,0,0,0.0,43979,0.9256593209993476,91490,0.882275056056431,0
7b3901c9-ovo_05_t181_aug_0.png,47511,0,0,0.0,43979,0.9256593209993476,91490,0.882275056056431,0
7b3901c9-ovo_05_t181_aug_1.png,47511,0,0,0.0,43979,0.9256593209993476,91490,0.882275056056431,0
7b3901c9-ovo_05_t181_aug_2.png,47511,0,0,0.0,43979,0.9256593209993476,91490,0.882275056056431,0
7bd2ce4a-eovo_446_t1.png,88991,0,0,0.0,115844,1.30174961512962,204835,0.8661446256786526,0
7bd2ce4a-eovo_446_t1_aug_0.png,88999,0,0,0.0,115842,1.301610130450904,204841,0.7934485446247527,0
7bd2ce4a-eovo_446_t1_aug_1.png,88991,0,0,0.0,115844,1.30174961512962,204835,0.8661446256786526,0
7bd2ce4a-eovo_446_t1_aug_2.png,88991,0,0,0.0,115844,1.30174961512962,204835,0.8661446256786526,0
7c1e7f50-ovo_40_t6.png,46131,0,0,0.0,41264,0.8944961089072424,87395,0.8857408956760422,0
7c1e7f50-ovo_40_t6_aug_0.png,46131,0,0,0.0,41264,0.8944961089072424,87395,0.8857408956760422,0
7c1e7f50-ovo_40_t6_aug_1.png,46131,0,0,0.0,41264,0.8944961089072424,87395,0.8857408956760422,0
7c1e7f50-ovo_40_t6_aug_2.png,46131,0,0,0.0,41264,0.8944961089072424,87395,0.8857408956760422,0
7c6bfb76-eovo_68_t1.png,0,0,0,0.0,222242,0.0,222242,0.8508827479603253,0
7c6bfb76-eovo_68_t1_aug_0.png,0,0,0,0.0,222242,0.0,222242,0.8508827479603253,0
7c6bfb76-eovo_68_t1_aug_1.png,0,0,0,0.0,222246,0.0,222246,0.7353669562457618,0
7c6bfb76-eovo_68_t1_aug_2.png,0,0,0,0.0,222237,0.0,222237,0.7819303852036213,0
7c6cd9b2-ovo_53_t156.png,43709,0,0,0.0,30222,0.6914365462490563,73931,0.8782855035982289,0
7c6cd9b2-ovo_53_t156_aug_0.png,43705,0,0,0.0,30226,0.6915913511039927,73931,0.7595921257867316,0
7c6cd9b2-ovo_53_t156_aug_1.png,43709,0,0,0.0,30222,0.6914365462490563,73931,0.8782855035982289,0
7c6cd9b2-ovo_53_t156_aug_2.png,43709,0,0,0.0,30222,0.6914365462490563,73931,0.8782855035982289,0
7ce99e97-eovo_436_t1.png,99858,0,0,0.0,120820,1.209918083678824,220678,0.8743085315465338,0
7ce99e97-eovo_436_t1_aug_0.png,99858,0,0,0.0,120820,1.209918083678824,220678,0.8743085315465338,0
7ce99e97-eovo_436_t1_aug_1.png,99858,0,0,0.0,120820,1.209918083678824,220678,0.8743085315465338,0
7ce99e97-eovo_436_t1_aug_2.png,99858,0,0,0.0,120820,1.209918083678824,220678,0.8743085315465338,0
7ceed637-ovo_06_t116.png,31670,0,0,0.0,61604,1.945184717398169,93274,0.8854342988797639,0
7ceed637-ovo_06_t116_aug_0.png,31670,0,0,0.0,61370,1.937796021471424,93040,0.8264414716215374,0
7ceed637-ovo_06_t116_aug_1.png,31670,0,0,0.0,61604,1.945184717398169,93274,0.8854342988797639,0
7ceed637-ovo_06_t116_aug_2.png,31666,0,0,0.0,61243,1.9340301901092651,92909,0.8030347025060507,0
7d233b64-ovo_33_t6.png,40215,0,0,0.0,31277,0.7777446226532388,71492,0.8582033736848108,0
7d233b64-ovo_33_t6_aug_0.png,40215,0,0,0.0,31277,0.7777446226532388,71492,0.8582033736848108,0
7d233b64-ovo_33_t6_aug_1.png,40215,0,0,0.0,31277,0.7777446226532388,71492,0.8582033736848108,0
7d233b64-ovo_33_t6_aug_2.png,40210,0,0,0.0,31277,0.7778413330017409,71487,0.7476142997424069,0
7d6f0462-ovo_06_t201.png,29904,0,0,0.0,63415,2.120619315141787,93319,0.8800669269173558,0
7d6f0462-ovo_06_t201_aug_0.png,29903,0,0,0.0,63161,2.11219610072568,93064,0.8413737166812826,0
7d6f0462-ovo_06_t201_aug_1.png,29904,0,0,0.0,63415,2.120619315141787,93319,0.8800669269173558,0
7d6f0462-ovo_06_t201_aug_2.png,29904,0,0,0.0,63415,2.120619315141787,93319,0.8800669269173558,0
7dd52483-ovo_55_t121.png,46528,0,0,0.0,34274,0.7366317056396149,80802,0.8765017447247015,0
7dd52483-ovo_55_t121_aug_0.png,46528,0,0,0.0,34274,0.7366317056396149,80802,0.8765017447247015,0
7dd52483-ovo_55_t121_aug_1.png,46537,0,0,0.0,34256,0.7361024561101919,80793,0.752521187679095,0
7dd52483-ovo_55_t121_aug_2.png,46528,0,0,0.0,34274,0.7366317056396149,80802,0.8765017447247015,0
7def9da3-ovo_47_t146.png,38871,0,0,0.0,48821,1.2559748913071442,87692,0.8724094205851142,0
7def9da3-ovo_47_t146_aug_0.png,38873,0,0,0.0,48820,1.2558845471149642,87693,0.8645630936768849,0
7def9da3-ovo_47_t146_aug_1.png,38871,0,0,0.0,48821,1.2559748913071442,87692,0.8724094205851142,0
7def9da3-ovo_47_t146_aug_2.png,38871,0,0,0.0,48820,1.2559491651874148,87691,0.7850132970340379,0
7df94607-eovo_401_t1.png,104246,0,0,0.0,104813,1.005439057613721,209059,0.8789324507784688,0
7df94607-eovo_401_t1_aug_0.png,104241,0,0,0.0,104810,1.005458504810967,209051,0.7759578009898769,0
7df94607-eovo_401_t1_aug_1.png,104243,0,0,0.0,104833,1.0056598524601172,209076,0.7718671372675061,0
7df94607-eovo_401_t1_aug_2.png,104238,0,0,0.0,104831,1.0056889042383776,209069,0.7945068531060359,0
7e0ac769-ovo_09_t36.png,47018,0,0,0.0,36431,0.7748309158194734,83449,0.8705743634452322,0
7e0ac769-ovo_09_t36_aug_0.png,47015,0,0,0.0,36435,0.7749654365627991,83450,0.8499015153961256,0
7e0ac769-ovo_09_t36_aug_1.png,47019,0,0,0.0,36430,0.7747931687190285,83449,0.8369871951999631,0
7e0ac769-ovo_09_t36_aug_2.png,47018,0,0,0.0,36431,0.7748309158194734,83449,0.8705743634452322,0
7e133f7b-ovo_14_t21.png,42149,0,0,0.0,40460,0.9599278749199268,82609,0.8532711154430571,0
7e133f7b-ovo_14_t21_aug_0.png,42141,0,0,0.0,40465,0.960228755843478,82606,0.8351923106434572,0
7e133f7b-ovo_14_t21_aug_1.png,42149,0,0,0.0,40460,0.9599278749199268,82609,0.8532711154430571,0
7e133f7b-ovo_14_t21_aug_2.png,42148,0,0,0.0,40451,0.9597371168264212,82599,0.7506809668218933,0
7e210b63-ovo_06_t66.png,33424,0,0,0.0,58998,1.7651388224030635,92422,0.8902181599681851,0
7e210b63-ovo_06_t66_aug_0.png,33424,0,0,0.0,58998,1.7651388224030635,92422,0.8902181599681851,0
7e210b63-ovo_06_t66_aug_1.png,33424,0,0,0.0,58998,1.7651388224030635,92422,0.8902181599681851,0
7e210b63-ovo_06_t66_aug_2.png,33424,0,0,0.0,58998,1.7651388224030635,92422,0.8902181599681851,0
7e5328c7-eovo_573_t1.png,105647,0,0,0.0,91632,0.8673412401677284,197279,0.8753403538849305,0
7e5328c7-eovo_573_t1_aug_0.png,105645,0,0,0.0,91636,0.8673955227412561,197281,0.772716276575164,0
7e5328c7-eovo_573_t1_aug_1.png,105642,0,0,0.0,91634,0.8674012229984287,197276,0.8319702562379686,0
7e5328c7-eovo_573_t1_aug_2.png,105639,0,0,0.0,91642,0.8675015855886558,197281,0.8310886548259085,0
7e8af5a1-eovo_293_t1.png,0,0,0,0.0,208196,0.0,208196,0.8594080816022638,0
7e8af5a1-eovo_293_t1_aug_0.png,0,0,0,0.0,208196,0.0,208196,0.8594080816022638,0
7e8af5a1-eovo_293_t1_aug_1.png,0,0,0,0.0,208196,0.0,208196,0.8594080816022638,0
7e8af5a1-eovo_293_t1_aug_2.png,0,0,0,0.0,208196,0.0,208196,0.8594080816022638,0
7eaae917-ovo_52_t6.png,39527,0,0,0.0,35616,0.9010549750803248,75143,0.878171248160949,0
7eaae917-ovo_52_t6_aug_0.png,39530,0,0,0.0,35610,0.9008348090058184,75140,0.7944811009469974,0
7eaae917-ovo_52_t6_aug_1.png,39527,0,0,0.0,35616,0.9010549750803248,75143,0.878171248160949,0
7eaae917-ovo_52_t6_aug_2.png,39525,0,0,0.0,35618,0.9011511701454776,75143,0.8486279857590567,0
7ef18f06-ovo_52_t121.png,45605,0,0,0.0,32565,0.7140664400833242,78170,0.8662012900733509,0
7ef18f06-ovo_52_t121_aug_0.png,45608,0,0,0.0,32570,0.714129100157867,78178,0.7708181309564393,0
7ef18f06-ovo_52_t121_aug_1.png,45605,0,0,0.0,32565,0.7140664400833242,78170,0.8662012900733509,0
7ef18f06-ovo_52_t121_aug_2.png,45608,0,0,0.0,32552,0.713734432555692,78160,0.7558250448112335,0
7f15d93e-ovo_05_t6.png,46979,0,0,0.0,45249,0.9631750356542284,92228,0.8741884491778111,0
7f15d93e-ovo_05_t6_aug_0.png,46979,0,0,0.0,45249,0.9631750356542284,92228,0.8741884491778111,0
7f15d93e-ovo_05_t6_aug_1.png,46979,0,0,0.0,45245,0.9630898912279956,92224,0.8685996831345597,0
7f15d93e-ovo_05_t6_aug_2.png,46982,0,0,0.0,45248,0.9630922480950151,92230,0.8028013845085816,0
7f736ed2-ovo_19_t161.png,46828,0,0,0.0,15261,0.32589476381652,62089,0.8802388225691564,0
7f736ed2-ovo_19_t161_aug_0.png,46824,0,0,0.0,15266,0.3260293866393302,62090,0.7982124930850041,0
7f736ed2-ovo_19_t161_aug_1.png,46825,0,0,0.0,15266,0.3260224239188468,62091,0.7774553306288557,0
7f736ed2-ovo_19_t161_aug_2.png,46829,0,0,0.0,15263,0.3259305131435648,62092,0.8139728527070216,0
7f96dc55-ovo_53_t241.png,45855,0,0,0.0,38538,0.8404317958783121,84393,0.8778190334760224,0
7f96dc55-ovo_53_t241_aug_0.png,45855,0,0,0.0,38538,0.8404317958783121,84393,0.8778190334760224,0
7f96dc55-ovo_53_t241_aug_1.png,45854,0,0,0.0,38537,0.8404283159593492,84391,0.7840164596641408,0
7f96dc55-ovo_53_t241_aug_2.png,45858,0,0,0.0,38528,0.840158750926774,84386,0.7830004343255433,0
7fda2a63-eovo_230_t1.png,0,0,0,0.0,210339,0.0,210339,0.8684197774118205,0
7fda2a63-eovo_230_t1_aug_0.png,0,0,0,0.0,210339,0.0,210339,0.8684197774118205,0
7fda2a63-eovo_230_t1_aug_1.png,0,0,0,0.0,210340,0.0,210340,0.7927579616798272,0
7fda2a63-eovo_230_t1_aug_2.png,0,0,0,0.0,210336,0.0,210336,0.8261955255625671,0
7fef8349-ovo_40_t76.png,45691,0,0,0.0,37640,0.8237946203847585,83331,0.874978865642171,0
7fef8349-ovo_40_t76_aug_0.png,45687,0,0,0.0,37640,0.8238667454636986,83327,0.8161190364664932,0
7fef8349-ovo_40_t76_aug_1.png,45689,0,0,0.0,37638,0.823786907133008,83327,0.8584873731961877,0
7fef8349-ovo_40_t76_aug_2.png,45691,0,0,0.0,37640,0.8237946203847585,83331,0.874978865642171,0
804fd97a-ovo_39_t91.png,42508,0,0,0.0,36996,0.8703302907687964,79504,0.877720448580194,0
804fd97a-ovo_39_t91_aug_0.png,42508,0,0,0.0,36996,0.8703302907687964,79504,0.877720448580194,0
804fd97a-ovo_39_t91_aug_1.png,42507,0,0,0.0,37003,0.870515444515021,79510,0.7742480742416608,0
804fd97a-ovo_39_t91_aug_2.png,42508,0,0,0.0,36996,0.8703302907687964,79504,0.877720448580194,0
806aca2a-eovo_557_t1.png,85040,0,0,0.0,129304,1.520507996237065,214344,0.8736906654545398,0
806aca2a-eovo_557_t1_aug_0.png,85040,0,0,0.0,129303,1.5204962370649109,214343,0.8489158747687578,0
806aca2a-eovo_557_t1_aug_1.png,85040,0,0,0.0,129304,1.520507996237065,214344,0.8736906654545398,0
806aca2a-eovo_557_t1_aug_2.png,85040,0,0,0.0,129304,1.520507996237065,214344,0.8736906654545398,0
808cd7ab-ovo_04_t126.png,46769,0,0,0.0,36743,0.7856272317133144,83512,0.8688077322798881,0
808cd7ab-ovo_04_t126_aug_0.png,46769,0,0,0.0,36743,0.7856272317133144,83512,0.8688077322798881,0
808cd7ab-ovo_04_t126_aug_1.png,46769,0,0,0.0,36740,0.7855630866599671,83509,0.8106016540229568,0
808cd7ab-ovo_04_t126_aug_2.png,46769,0,0,0.0,36743,0.7856272317133144,83512,0.8688077322798881,0
81473d3d-ovo_19_t251.png,44829,0,0,0.0,16071,0.3584956166767048,60900,0.8756087774812491,0
81473d3d-ovo_19_t251_aug_0.png,44829,0,0,0.0,16071,0.3584956166767048,60900,0.8756087774812491,0
81473d3d-ovo_19_t251_aug_1.png,44829,0,0,0.0,16071,0.3584956166767048,60900,0.8756087774812491,0
81473d3d-ovo_19_t251_aug_2.png,44829,0,0,0.0,16075,0.3585848446318231,60904,0.8128486539829569,0
81a9d895-ovo_06_t161.png,30539,0,0,0.0,60837,1.992108451488261,91376,0.8687695679144548,0
81a9d895-ovo_06_t161_aug_0.png,30539,0,0,0.0,60837,1.992108451488261,91376,0.8687695679144548,0
81a9d895-ovo_06_t161_aug_1.png,30538,0,0,0.0,60838,1.992206431331456,91376,0.8641291525694937,0
81a9d895-ovo_06_t161_aug_2.png,30539,0,0,0.0,60837,1.992108451488261,91376,0.8687695679144548,0
81b1614c-ovo_17_t101.png,46503,0,0,0.0,40266,0.8658796206696342,86769,0.8657920655666463,0
81b1614c-ovo_17_t101_aug_0.png,46503,0,0,0.0,40266,0.8658796206696342,86769,0.8657920655666463,0
81b1614c-ovo_17_t101_aug_1.png,46508,0,0,0.0,40261,0.8656790229637912,86769,0.7923638813050661,0
81b1614c-ovo_17_t101_aug_2.png,46503,0,0,0.0,40266,0.8658796206696342,86769,0.8657920655666463,0
820890b1-ovo_27_t36.png,43372,0,0,0.0,43059,0.992783362538043,86431,0.8727605082367937,0
820890b1-ovo_27_t36_aug_0.png,43375,0,0,0.0,43056,0.9926455331412104,86431,0.7944797455836419,0
820890b1-ovo_27_t36_aug_1.png,43366,0,0,0.0,43062,0.9929898999215976,86428,0.8441628476168814,0
820890b1-ovo_27_t36_aug_2.png,43372,0,0,0.0,43059,0.992783362538043,86431,0.8727605082367937,0
8262f84d-ovo_33_t101.png,42535,0,0,0.0,30744,0.7227929940049371,73279,0.8771283426864992,0
8262f84d-ovo_33_t101_aug_0.png,42538,0,0,0.0,30738,0.7226009685457708,73276,0.8344756987737468,0
8262f84d-ovo_33_t101_aug_1.png,42535,0,0,0.0,30744,0.7227929940049371,73279,0.8771283426864992,0
8262f84d-ovo_33_t101_aug_2.png,42535,0,0,0.0,30744,0.7227929940049371,73279,0.8771283426864992,0
82af1300-ovo_35_t71.png,49520,0,0,0.0,33929,0.6851575121163166,83449,0.8629221856093267,0
82af1300-ovo_35_t71_aug_0.png,49520,0,0,0.0,33929,0.6851575121163166,83449,0.8629221856093267,0
82af1300-ovo_35_t71_aug_1.png,49526,0,0,0.0,33917,0.6848322093445867,83443,0.7470250585547433,0
82af1300-ovo_35_t71_aug_2.png,49517,0,0,0.0,33931,0.6852394127269422,83448,0.786376364286778,0
82d8f165-ovo_52_t71.png,44453,0,0,0.0,33248,0.7479360223157042,77701,0.8772953158696198,0
82d8f165-ovo_52_t71_aug_0.png,44455,0,0,0.0,33256,0.748082330446519,77711,0.8018255307169089,0
82d8f165-ovo_52_t71_aug_1.png,44453,0,0,0.0,33248,0.7479360223157042,77701,0.8772953158696198,0
82d8f165-ovo_52_t71_aug_2.png,44453,0,0,0.0,33248,0.7479360223157042,77701,0.8772953158696198,0
82f7a10c-ovo_21_t46.png,46187,0,0,0.0,45824,0.992140645636218,92011,0.8789528421145023,0
82f7a10c-ovo_21_t46_aug_0.png,46187,0,0,0.0,45822,0.9920973434083185,92009,0.8695603504275479,0
82f7a10c-ovo_21_t46_aug_1.png,46184,0,0,0.0,45826,0.9922483977134938,92010,0.8498940467683833,0
82f7a10c-ovo_21_t46_aug_2.png,46187,0,0,0.0,45824,0.992140645636218,92011,0.8789528421145023,0
83d97af4-ovo_55_t11.png,43430,0,0,0.0,36160,0.8326041906516233,79590,0.8740105129757598,0
83d97af4-ovo_55_t11_aug_0.png,43422,0,0,0.0,36169,0.8329648565243425,79591,0.7858370009366499,0
83d97af4-ovo_55_t11_aug_1.png,43431,0,0,0.0,36160,0.8325850199166493,79591,0.8289816700912781,0
83d97af4-ovo_55_t11_aug_2.png,43430,0,0,0.0,36160,0.8326041906516233,79590,0.8740105129757598,0
83e15b98-ovo_22_t21.png,41933,0,0,0.0,39496,0.9418834807907852,81429,0.8777366530668338,0
83e15b98-ovo_22_t21_aug_0.png,41933,0,0,0.0,39496,0.9418834807907852,81429,0.8777366530668338,0
83e15b98-ovo_22_t21_aug_1.png,41935,0,0,0.0,39500,0.9419339453916776,81435,0.7726545377241707,0
83e15b98-ovo_22_t21_aug_2.png,41930,0,0,0.0,39499,0.9420224183162412,81429,0.8574695859208126,0
841b06b8-ovo_15_t16.png,39147,0,0,0.0,28725,0.7337727028891102,67872,0.8753983178176805,0
841b06b8-ovo_15_t16_aug_0.png,39149,0,0,0.0,28720,0.7336074995529899,67869,0.8703356018420174,0
841b06b8-ovo_15_t16_aug_1.png,39148,0,0,0.0,28729,0.7338561356902013,67877,0.8548010125069869,0
841b06b8-ovo_15_t16_aug_2.png,39147,0,0,0.0,28725,0.7337727028891102,67872,0.8753983178176805,0
84442049-eovo_210_t1.png,264,0,0,0.0,202026,765.25,202290,0.8646385838563962,0
84442049-eovo_210_t1_aug_0.png,263,0,0,0.0,202025,768.1558935361217,202288,0.8047859971743453,0
84442049-eovo_210_t1_aug_1.png,22,0,0,0.0,202013,9182.40909090909,202035,0.808707786440197,0
84442049-eovo_210_t1_aug_2.png,264,0,0,0.0,202026,765.25,202290,0.8646385838563962,0
84903985-ovo_27_t256.png,41683,0,0,0.0,44715,1.0727394861214403,86398,0.8797185714126485,0
84903985-ovo_27_t256_aug_0.png,41687,0,0,0.0,44708,1.0724686353059707,86395,0.79688787829641,0
84903985-ovo_27_t256_aug_1.png,41683,0,0,0.0,44715,1.0727394861214403,86398,0.8797185714126485,0
84903985-ovo_27_t256_aug_2.png,41683,0,0,0.0,44715,1.0727394861214403,86398,0.8797185714126485,0
8490ae61-ovo_33_t141.png,42258,0,0,0.0,29701,0.7028491646552132,71959,0.8722969982025781,0
8490ae61-ovo_33_t141_aug_0.png,42262,0,0,0.0,29695,0.7026406701055321,71957,0.7808358940654141,0
8490ae61-ovo_33_t141_aug_1.png,42267,0,0,0.0,29698,0.7026285281661817,71965,0.772023758039849,0
8490ae61-ovo_33_t141_aug_2.png,42258,0,0,0.0,29701,0.7028491646552132,71959,0.8722969982025781,0
84ca203b-ovo_26_t301.png,48946,0,0,0.0,34284,0.7004453887958157,83230,0.8651012400044753,0
84ca203b-ovo_26_t301_aug_0.png,48945,0,0,0.0,34287,0.7005209929512718,83232,0.80421217669946,0
84ca203b-ovo_26_t301_aug_1.png,48946,0,0,0.0,34284,0.7004453887958157,83230,0.8651012400044753,0
84ca203b-ovo_26_t301_aug_2.png,48946,0,0,0.0,34284,0.7004453887958157,83230,0.8651012400044753,0
84d95078-ovo_53_t61.png,42163,0,0,0.0,31810,0.754452956383559,73973,0.8769604328363879,0
84d95078-ovo_53_t61_aug_0.png,42163,0,0,0.0,31810,0.754452956383559,73973,0.8769604328363879,0
84d95078-ovo_53_t61_aug_1.png,42175,0,0,0.0,31805,0.7541197391819798,73980,0.7523582688952997,0
84d95078-ovo_53_t61_aug_2.png,42163,0,0,0.0,31810,0.754452956383559,73973,0.8769604328363879,0
851f3062-ovo_55_t131.png,45644,0,0,0.0,35200,0.7711856980106915,80844,0.8660802105860878,0
851f3062-ovo_55_t131_aug_0.png,45644,0,0,0.0,35200,0.7711856980106915,80844,0.8660802105860878,0
851f3062-ovo_55_t131_aug_1.png,45644,0,0,0.0,35200,0.7711856980106915,80844,0.8660802105860878,0
851f3062-ovo_55_t131_aug_2.png,45644,0,0,0.0,35200,0.7711856980106915,80844,0.8660802105860878,0
858957f3-ovo_06_t1.png,36009,0,0,0.0,58625,1.628065205920742,94634,0.8779374197472937,0
858957f3-ovo_06_t1_aug_0.png,36009,0,0,0.0,58625,1.628065205920742,94634,0.8779374197472937,0
858957f3-ovo_06_t1_aug_1.png,36010,0,0,0.0,58624,1.627992224382116,94634,0.8200125021565988,0
858957f3-ovo_06_t1_aug_2.png,36010,0,0,0.0,58626,1.6280477645098583,94636,0.8289765936531931,0
85f5dfd4-eovo_446_t1.png,90723,0,0,0.0,107035,1.179800050703791,197758,0.8747994238187448,0
85f5dfd4-eovo_446_t1_aug_0.png,90726,0,0,0.0,107033,1.17973899433459,197759,0.8423296771145194,0
85f5dfd4-eovo_446_t1_aug_1.png,90723,0,0,0.0,107035,1.179800050703791,197758,0.8747994238187448,0
85f5dfd4-eovo_446_t1_aug_2.png,90717,0,0,0.0,107038,1.1799111522647354,197755,0.7575870445610162,0
85f6b6de-ovo_02_t76.png,42591,0,0,0.0,40446,0.9496372473057688,83037,0.8638667126264541,0
85f6b6de-ovo_02_t76_aug_0.png,42593,0,0,0.0,40446,0.9495926560702462,83039,0.8502638060174165,0
85f6b6de-ovo_02_t76_aug_1.png,42591,0,0,0.0,40446,0.9496372473057688,83037,0.8638667126264541,0
85f6b6de-ovo_02_t76_aug_2.png,42594,0,0,0.0,40450,0.9496642719631871,83044,0.7665771785327748,0
8606126e-ovo_21_t1.png,46167,0,0,0.0,42711,0.9251413347196048,88878,0.8455941626664868,0
8606126e-ovo_21_t1_aug_0.png,46167,0,0,0.0,42711,0.9251413347196048,88878,0.8455941626664868,0
8606126e-ovo_21_t1_aug_1.png,46167,0,0,0.0,42711,0.9251413347196048,88878,0.8455941626664868,0
8606126e-ovo_21_t1_aug_2.png,46165,0,0,0.0,42716,0.9252897216506012,88881,0.767860569323691,0
86ebc540-ovo_33_t186.png,42088,0,0,0.0,32923,0.782241969207375,75011,0.8656430815076303,0
86ebc540-ovo_33_t186_aug_0.png,42088,0,0,0.0,32923,0.782241969207375,75011,0.8656430815076303,0
86ebc540-ovo_33_t186_aug_1.png,42091,0,0,0.0,32916,0.7820199092442565,75007,0.8281311035322807,0
86ebc540-ovo_33_t186_aug_2.png,42081,0,0,0.0,32921,0.7823245645303106,75002,0.8032466374471503,0
87112837-ovo_06_t236.png,29751,0,0,0.0,63399,2.1309871937077745,93150,0.879928585359793,0
87112837-ovo_06_t236_aug_0.png,29751,0,0,0.0,63399,2.1309871937077745,93150,0.879928585359793,0
87112837-ovo_06_t236_aug_1.png,29751,0,0,0.0,63399,2.1309871937077745,93150,0.879928585359793,0
87112837-ovo_06_t236_aug_2.png,29754,0,0,0.0,62890,2.1136653895274584,92644,0.8181740986821111,0
8770aee6-ovo_52_t231.png,44864,0,0,0.0,31022,0.6914675463623395,75886,0.8758604208546319,0
8770aee6-ovo_52_t231_aug_0.png,44864,0,0,0.0,31022,0.6914675463623395,75886,0.8758604208546319,0
8770aee6-ovo_52_t231_aug_1.png,44864,0,0,0.0,31022,0.6914675463623395,75886,0.8758604208546319,0
8770aee6-ovo_52_t231_aug_2.png,44864,0,0,0.0,31022,0.6914675463623395,75886,0.8758604208546319,0
878d39b1-ovo_52_t276.png,44809,0,0,0.0,31854,0.7108839742016113,76663,0.879891956000928,0
878d39b1-ovo_52_t276_aug_0.png,44807,0,0,0.0,31852,0.7108710692525722,76659,0.8007068065268059,0
878d39b1-ovo_52_t276_aug_1.png,44805,0,0,0.0,31854,0.7109474389019083,76659,0.8115228164362025,0
878d39b1-ovo_52_t276_aug_2.png,44809,0,0,0.0,31854,0.7108839742016113,76663,0.8482560689859728,0
8797aa68-ovo_53_t161.png,43985,0,0,0.0,33398,0.759304308286916,77383,0.8777971037422941,0
8797aa68-ovo_53_t161_aug_0.png,43985,0,0,0.0,33398,0.759304308286916,77383,0.8777971037422941,0
8797aa68-ovo_53_t161_aug_1.png,43980,0,0,0.0,33406,0.7595725329695316,77386,0.8199625800320889,0
8797aa68-ovo_53_t161_aug_2.png,43988,0,0,0.0,33395,0.7591843229971811,77383,0.78922876691221,0
879a34cb-ovo_53_t166.png,42349,0,0,0.0,32131,0.7587192141490944,74480,0.8620381207147252,0
879a34cb-ovo_53_t166_aug_0.png,42349,0,0,0.0,32131,0.7587192141490944,74480,0.8620381207147252,0
879a34cb-ovo_53_t166_aug_1.png,42349,0,0,0.0,32131,0.7587192141490944,74480,0.8620381207147252,0
879a34cb-ovo_53_t166_aug_2.png,42349,0,0,0.0,32131,0.7587192141490944,74480,0.8620381207147252,0
87aaf45b-ovo_53_t86.png,44148,0,0,0.0,27700,0.6274349913925885,71848,0.8795361266773666,0
87aaf45b-ovo_53_t86_aug_0.png,44150,0,0,0.0,27698,0.627361268403171,71848,0.7810139794634446,0
87aaf45b-ovo_53_t86_aug_1.png,44148,0,0,0.0,27700,0.6274349913925885,71848,0.8795361266773666,0
87aaf45b-ovo_53_t86_aug_2.png,44148,0,0,0.0,27700,0.6274349913925885,71848,0.8795361266773666,0
87e5a7d5-ovo_23_t191.png,47633,0,0,0.0,51763,1.0867045955535029,99396,0.881106112725434,0
87e5a7d5-ovo_23_t191_aug_0.png,47635,0,0,0.0,51764,1.0866799622126588,99399,0.7624578399963611,0
87e5a7d5-ovo_23_t191_aug_1.png,47641,0,0,0.0,51754,1.086333200394618,99395,0.7754335958222818,0
87e5a7d5-ovo_23_t191_aug_2.png,47636,0,0,0.0,51761,1.086594172474599,99397,0.8592694461817569,0
880873b1-ovo_52_t151.png,46493,0,0,0.0,31432,0.6760587615339944,77925,0.8743514600409026,0
880873b1-ovo_52_t151_aug_0.png,46490,0,0,0.0,31433,0.6761238976123898,77923,0.832417758447721,0
880873b1-ovo_52_t151_aug_1.png,46496,0,0,0.0,31430,0.6759721266345492,77926,0.8414510193642671,0
880873b1-ovo_52_t151_aug_2.png,46493,0,0,0.0,31432,0.6760587615339944,77925,0.8743514600409026,0
882a56ff-ovo_17_t196.png,47911,0,0,0.0,36289,0.7574252259397634,84200,0.8696551934012117,0
882a56ff-ovo_17_t196_aug_0.png,47911,0,0,0.0,36289,0.7574252259397634,84200,0.8696551934012117,0
882a56ff-ovo_17_t196_aug_1.png,47913,0,0,0.0,36290,0.7574144804124142,84203,0.7653474915539784,0
882a56ff-ovo_17_t196_aug_2.png,47911,0,0,0.0,36289,0.7574252259397634,84200,0.8696551934012117,0
88805600-ovo_55_t26.png,45025,0,0,0.0,34031,0.7558245419211549,79056,0.8741066443301572,0
88805600-ovo_55_t26_aug_0.png,45021,0,0,0.0,34034,0.7559583305568512,79055,0.7829724381441664,0
88805600-ovo_55_t26_aug_1.png,45023,0,0,0.0,34032,0.7558803278324412,79055,0.78082162446463,0
88805600-ovo_55_t26_aug_2.png,45024,0,0,0.0,34036,0.7559523809523809,79060,0.8067861830745762,0
890760c9-ovo_30_t176.png,41933,0,0,0.0,0,0.0,41933,0.8886983661635258,0
890760c9-ovo_30_t176_aug_0.png,41933,0,0,0.0,0,0.0,41933,0.8886983661635258,0
890760c9-ovo_30_t176_aug_1.png,41925,0,0,0.0,0,0.0,41925,0.789431654690258,0
890760c9-ovo_30_t176_aug_2.png,41933,0,0,0.0,0,0.0,41933,0.777775931770579,0
89d0e7f8-eovo_649_t1.png,101597,0,0,0.0,94782,0.932921247674636,196379,0.8827546947099347,0
89d0e7f8-eovo_649_t1_aug_0.png,101597,0,0,0.0,94782,0.932921247674636,196379,0.8827546947099347,0
89d0e7f8-eovo_649_t1_aug_1.png,101597,0,0,0.0,94774,0.9328425051920824,196371,0.7867038746591769,0
89d0e7f8-eovo_649_t1_aug_2.png,101597,0,0,0.0,94782,0.932921247674636,196379,0.8827546947099347,0
89d23124-ovo_23_t101.png,45598,0,0,0.0,58231,1.2770516250712751,103829,0.8801408579162258,0
89d23124-ovo_23_t101_aug_0.png,45598,0,0,0.0,58231,1.2770516250712751,103829,0.8801408579162258,0
89d23124-ovo_23_t101_aug_1.png,45598,0,0,0.0,58229,1.277007763498399,103827,0.8094967747669229,0
89d23124-ovo_23_t101_aug_2.png,45598,0,0,0.0,58231,1.2770516250712751,103829,0.8801408579162258,0
8a18edf2-ovo_38_t91.png,49664,0,0,0.0,47198,0.9503463273195876,96862,0.8715311021707406,0
8a18edf2-ovo_38_t91_aug_0.png,49667,0,0,0.0,47194,0.9502083878631687,96861,0.7582228296408213,0
8a18edf2-ovo_38_t91_aug_1.png,49664,0,0,0.0,47198,0.9503463273195876,96862,0.8715311021707406,0
8a18edf2-ovo_38_t91_aug_2.png,49662,0,0,0.0,47205,0.9505255527364987,96867,0.822213624450135,0
8a24627e-ovo_06_t101.png,31685,0,0,0.0,65755,2.075272210825312,97440,0.8910079844965572,0
8a24627e-ovo_06_t101_aug_0.png,31685,0,0,0.0,65755,2.075272210825312,97440,0.8910079844965572,0
8a24627e-ovo_06_t101_aug_1.png,31685,0,0,0.0,65755,2.075272210825312,97440,0.8910079844965572,0
8a24627e-ovo_06_t101_aug_2.png,31685,0,0,0.0,65755,2.075272210825312,97440,0.8910079844965572,0
8a3c4756-ovo_08_t46.png,47110,0,0,0.0,31356,0.6655911696030566,78466,0.8792612871041998,0
8a3c4756-ovo_08_t46_aug_0.png,47110,0,0,0.0,31356,0.6655911696030566,78466,0.8792612871041998,0
8a3c4756-ovo_08_t46_aug_1.png,47110,0,0,0.0,31356,0.6655911696030566,78466,0.8792612871041998,0
8a3c4756-ovo_08_t46_aug_2.png,47110,0,0,0.0,31356,0.6655911696030566,78466,0.8792612871041998,0
8a6619cf-ovo_38_t226.png,50667,0,0,0.0,36417,0.7187518503167742,87084,0.8725343907326126,0
8a6619cf-ovo_38_t226_aug_0.png,50666,0,0,0.0,36409,0.718608139580784,87075,0.7734052966565041,0
8a6619cf-ovo_38_t226_aug_1.png,50669,0,0,0.0,36418,0.7187432157729579,87087,0.7979715419509962,0
8a6619cf-ovo_38_t226_aug_2.png,50667,0,0,0.0,36412,0.7186531667554819,87079,0.8318775892669829,0
8af9fbe3-ovo_38_t181.png,49446,0,0,0.0,46594,0.9423209157464708,96040,0.8668235743539705,0
8af9fbe3-ovo_38_t181_aug_0.png,49446,0,0,0.0,46594,0.9423209157464708,96040,0.8668235743539705,0
8af9fbe3-ovo_38_t181_aug_1.png,49449,0,0,0.0,46591,0.9422030779186636,96040,0.8162437354667117,0
8af9fbe3-ovo_38_t181_aug_2.png,49446,0,0,0.0,46583,0.9420984508352548,96029,0.8070100167511994,0
8bda55ec-ovo_31_t181.png,45261,0,0,0.0,26197,0.5787985241156846,71458,0.8825359793014665,0
8bda55ec-ovo_31_t181_aug_0.png,45261,0,0,0.0,26197,0.5787985241156846,71458,0.8825359793014665,0
8bda55ec-ovo_31_t181_aug_1.png,45261,0,0,0.0,26197,0.5787985241156846,71458,0.8825359793014665,0
8bda55ec-ovo_31_t181_aug_2.png,45261,0,0,0.0,26197,0.5787985241156846,71458,0.8825359793014665,0
8be56f59-ovo_37_t226.png,46205,0,0,0.0,35763,0.77400714208419,81968,0.8822480596233252,0
8be56f59-ovo_37_t226_aug_0.png,46205,0,0,0.0,35765,0.7740504274429174,81970,0.8600550960514555,0
8be56f59-ovo_37_t226_aug_1.png,46205,0,0,0.0,35763,0.77400714208419,81968,0.8822480596233252,0
8be56f59-ovo_37_t226_aug_2.png,46194,0,0,0.0,35779,0.7745378187643417,81973,0.7657908895358289,0
8c623146-ovo_43_t256.png,44068,0,0,0.0,42957,0.9747889625124808,87025,0.8773410550363505,0
8c623146-ovo_43_t256_aug_0.png,44071,0,0,0.0,42948,0.9745183907785164,87019,0.7562379509864566,0
8c623146-ovo_43_t256_aug_1.png,44071,0,0,0.0,42957,0.9747226067028204,87028,0.8536656436135701,0
8c623146-ovo_43_t256_aug_2.png,44068,0,0,0.0,42957,0.9747889625124808,87025,0.8773410550363505,0
8c62aaf5-ovo_33_t146.png,42862,0,0,0.0,33650,0.7850776911949979,76512,0.8822874895898793,0
8c62aaf5-ovo_33_t146_aug_0.png,42862,0,0,0.0,33650,0.7850776911949979,76512,0.8822874895898793,0
8c62aaf5-ovo_33_t146_aug_1.png,42862,0,0,0.0,33650,0.7850776911949979,76512,0.8822874895898793,0
8c62aaf5-ovo_33_t146_aug_2.png,42859,0,0,0.0,33647,0.7850626472852843,76506,0.7966348204796055,0
8c81adff-eovo_550_t1.png,75741,0,0,0.0,117154,1.5467712335458998,192895,0.8124405188821869,0
8c81adff-eovo_550_t1_aug_0.png,75743,0,0,0.0,117147,1.5466379731460334,192890,0.7710931060068976,0
8c81adff-eovo_550_t1_aug_1.png,75745,0,0,0.0,117145,1.546570730741303,192890,0.7038962632665202,0
8c81adff-eovo_550_t1_aug_2.png,75741,0,0,0.0,117154,1.5467712335458998,192895,0.8124405188821869,0
8cde0193-eovo_146_t1.png,0,0,0,0.0,195020,0.0,195020,0.8686213037859485,0
8cde0193-eovo_146_t1_aug_0.png,0,0,0,0.0,195020,0.0,195020,0.8686213037859485,0
8cde0193-eovo_146_t1_aug_1.png,0,0,0,0.0,195027,0.0,195027,0.7499997938865016,0
8cde0193-eovo_146_t1_aug_2.png,0,0,0,0.0,195020,0.0,195020,0.7619113697230747,0
8d7d220c-eovo_188_t1.png,0,0,0,0.0,251876,0.0,251876,0.8736799714181583,2
8d7d220c-eovo_188_t1_aug_0.png,0,0,0,0.0,251861,0.0,251861,0.760177937409462,2
8d7d220c-eovo_188_t1_aug_1.png,0,0,0,0.0,251882,0.0,251882,0.8201731188137101,2
8d7d220c-eovo_188_t1_aug_2.png,0,0,0,0.0,251876,0.0,251876,0.8736799714181583,2
8d851fa7-ovo_30_t86.png,41254,0,0,0.0,0,0.0,41254,0.8875428096240017,0
8d851fa7-ovo_30_t86_aug_0.png,41258,0,0,0.0,0,0.0,41258,0.8033898468576632,0
8d851fa7-ovo_30_t86_aug_1.png,41258,0,0,0.0,0,0.0,41258,0.7960903182758514,0
8d851fa7-ovo_30_t86_aug_2.png,41254,0,0,0.0,0,0.0,41254,0.8875428096240017,0
8db98109-ovo_05_t16.png,45713,0,0,0.0,46929,1.0266007481460415,92642,0.8811494484612782,0
8db98109-ovo_05_t16_aug_0.png,45713,0,0,0.0,46933,1.0266882506070485,92646,0.8059469226787568,0
8db98109-ovo_05_t16_aug_1.png,45713,0,0,0.0,46929,1.0266007481460415,92642,0.8811494484612782,0
8db98109-ovo_05_t16_aug_2.png,45713,0,0,0.0,46926,1.026535121300287,92639,0.7749913835295212,0
8dc7405e-ovo_06_t41.png,33889,0,0,0.0,51341,1.5149753607365222,85230,0.8885142082736377,0
8dc7405e-ovo_06_t41_aug_0.png,33888,0,0,0.0,51315,1.5142528328611895,85203,0.8745904840635624,0
8dc7405e-ovo_06_t41_aug_1.png,33890,0,0,0.0,51311,1.5140454411330777,85201,0.871775024896017,0
8dc7405e-ovo_06_t41_aug_2.png,33889,0,0,0.0,51341,1.5149753607365222,85230,0.8885142082736377,0
8e02d15e-eovo_181_t1.png,0,0,0,0.0,208705,0.0,208705,0.8524937815646657,0
8e02d15e-eovo_181_t1_aug_0.png,0,0,0,0.0,208702,0.0,208702,0.7666271751027027,0
8e02d15e-eovo_181_t1_aug_1.png,0,0,0,0.0,208705,0.0,208705,0.8524937815646657,0
8e02d15e-eovo_181_t1_aug_2.png,0,0,0,0.0,208705,0.0,208705,0.7805866503903778,0
8e1d6301-eovo_448_t1.png,84333,0,0,0.0,123502,1.4644563812505187,207835,0.8784943314213689,0
8e1d6301-eovo_448_t1_aug_0.png,84333,0,0,0.0,123502,1.4644563812505187,207835,0.8784943314213689,0
8e1d6301-eovo_448_t1_aug_1.png,84333,0,0,0.0,123502,1.4644563812505187,207835,0.8784943314213689,0
8e1d6301-eovo_448_t1_aug_2.png,84332,0,0,0.0,123498,1.464426315040554,207830,0.8369579245891356,0
8e46f88b-eovo_303_t1.png,81549,0,0,0.0,118063,1.4477553372818797,199612,0.8567835041596867,0
8e46f88b-eovo_303_t1_aug_0.png,81552,0,0,0.0,118070,1.447787914459486,199622,0.7363423206492112,0
8e46f88b-eovo_303_t1_aug_1.png,81549,0,0,0.0,118063,1.4477553372818797,199612,0.8567835041596867,0
8e46f88b-eovo_303_t1_aug_2.png,81554,0,0,0.0,118075,1.447813718517792,199629,0.7551375904423634,0
900934c8-ovo_10_t46.png,44022,0,0,0.0,37243,0.8460088137749308,81265,0.8737117847746081,0
900934c8-ovo_10_t46_aug_0.png,44022,0,0,0.0,37243,0.8460088137749308,81265,0.8737117847746081,0
900934c8-ovo_10_t46_aug_1.png,44027,0,0,0.0,37243,0.8459127353669339,81270,0.7616574959257375,0
900934c8-ovo_10_t46_aug_2.png,44029,0,0,0.0,37240,0.8458061732040246,81269,0.7883981774682043,0
901b1456-eovo_48_t1.png,0,0,0,0.0,192908,0.0,192908,0.8620072377053813,0
901b1456-eovo_48_t1_aug_0.png,0,0,0,0.0,192906,0.0,192906,0.7603259743312835,0
901b1456-eovo_48_t1_aug_1.png,0,0,0,0.0,192908,0.0,192908,0.8620072377053813,0
901b1456-eovo_48_t1_aug_2.png,0,0,0,0.0,192907,0.0,192907,0.8334186322535542,0
9069f931-ovo_16_t141.png,49141,0,0,0.0,30895,0.6287010846340123,80036,0.8756388767121327,0
9069f931-ovo_16_t141_aug_0.png,49143,0,0,0.0,30887,0.6285127078118959,80030,0.7639637696371798,0
9069f931-ovo_16_t141_aug_1.png,49141,0,0,0.0,30895,0.6287010846340123,80036,0.8756388767121327,0
9069f931-ovo_16_t141_aug_2.png,49139,0,0,0.0,30899,0.6288080750524023,80038,0.7877985891112753,0
908a024f-ovo_06_t151.png,30610,0,0,0.0,63011,2.0585102907546555,93621,0.8849395141844837,0
908a024f-ovo_06_t151_aug_0.png,30610,0,0,0.0,63011,2.0585102907546555,93621,0.8849395141844837,0
908a024f-ovo_06_t151_aug_1.png,30610,0,0,0.0,63011,2.0585102907546555,93621,0.8849395141844837,0
908a024f-ovo_06_t151_aug_2.png,30610,0,0,0.0,63011,2.0585102907546555,93621,0.8849395141844837,0
90b8da1d-ovo_50_t251.png,48591,0,0,0.0,66342,1.365314564425511,114933,0.880645143746593,0
90b8da1d-ovo_50_t251_aug_0.png,48589,0,0,0.0,66338,1.3652884397703184,114927,0.7932215065419884,0
90b8da1d-ovo_50_t251_aug_1.png,48591,0,0,0.0,66342,1.365314564425511,114933,0.880645143746593,0
90b8da1d-ovo_50_t251_aug_2.png,48591,0,0,0.0,66342,1.365314564425511,114933,0.880645143746593,0
90d5b77f-eovo_131_t1.png,0,0,0,0.0,195809,0.0,195809,0.8676889735648963,0
90d5b77f-eovo_131_t1_aug_0.png,0,0,0,0.0,195807,0.0,195807,0.8226865287425321,0
90d5b77f-eovo_131_t1_aug_1.png,0,0,0,0.0,195809,0.0,195809,0.8676889735648963,0
90d5b77f-eovo_131_t1_aug_2.png,0,0,0,0.0,195812,0.0,195812,0.7701135607242259,0
91c6ea12-ovo_51_t66.png,46771,0,0,0.0,38996,0.8337645121977294,85767,0.8807645589406262,0
91c6ea12-ovo_51_t66_aug_0.png,46772,0,0,0.0,38983,0.8334687419823826,85755,0.7793678310300646,0
91c6ea12-ovo_51_t66_aug_1.png,46772,0,0,0.0,38991,0.8336397844864449,85763,0.8289733917693711,0
91c6ea12-ovo_51_t66_aug_2.png,46776,0,0,0.0,38995,0.8336540106037285,85771,0.8613209276368485,0
9200a8b2-ovo_24_t211.png,0,0,0,0.0,81741,0.0,81741,0.8838636272173989,0
9200a8b2-ovo_24_t211_aug_0.png,0,0,0,0.0,81732,0.0,81732,0.8531046533837738,0
9200a8b2-ovo_24_t211_aug_1.png,0,0,0,0.0,81737,0.0,81737,0.8371626319626536,0
9200a8b2-ovo_24_t211_aug_2.png,0,0,0,0.0,81741,0.0,81741,0.8838636272173989,0
92fd53ef-eovo_140_t1.png,0,0,0,0.0,177552,0.0,177552,0.8597976589910753,0
92fd53ef-eovo_140_t1_aug_0.png,0,0,0,0.0,177552,0.0,177552,0.8597976589910753,0
92fd53ef-eovo_140_t1_aug_1.png,0,0,0,0.0,177552,0.0,177552,0.8597976589910753,0
92fd53ef-eovo_140_t1_aug_2.png,0,0,0,0.0,177552,0.0,177552,0.8597976589910753,0
9357aeaf-ovo_16_t101.png,48921,0,0,0.0,25713,0.5256025019930092,74634,0.8779643383964431,0
9357aeaf-ovo_16_t101_aug_0.png,48921,0,0,0.0,25713,0.5256025019930092,74634,0.8779643383964431,0
9357aeaf-ovo_16_t101_aug_1.png,48921,0,0,0.0,25713,0.5256025019930092,74634,0.8779643383964431,0
9357aeaf-ovo_16_t101_aug_2.png,48935,0,0,0.0,25706,0.5253090834780831,74641,0.7623646891719499,0
93c647d3-ovo_06_t146.png,30081,0,0,0.0,63610,2.114623848941192,93691,0.8845296237651985,0
93c647d3-ovo_06_t146_aug_0.png,30081,0,0,0.0,63610,2.114623848941192,93691,0.8845296237651985,0
93c647d3-ovo_06_t146_aug_1.png,30071,0,0,0.0,63037,2.096272155897709,93108,0.7939825827442952,0
93c647d3-ovo_06_t146_aug_2.png,30081,0,0,0.0,63610,2.114623848941192,93691,0.8845296237651985,0
940c350c-ovo_18_t106.png,45311,0,0,0.0,31033,0.6848888790801351,76344,0.8839318589119141,0
940c350c-ovo_18_t106_aug_0.png,45311,0,0,0.0,31033,0.6848888790801351,76344,0.8839318589119141,0
940c350c-ovo_18_t106_aug_1.png,45309,0,0,0.0,31035,0.6849632523339734,76344,0.8791260417204333,0
940c350c-ovo_18_t106_aug_2.png,45311,0,0,0.0,31033,0.6848888790801351,76344,0.8839318589119141,0
945bc8ac-ovo_55_t141.png,46171,0,0,0.0,33561,0.7268848411340452,79732,0.8769704150374027,0
945bc8ac-ovo_55_t141_aug_0.png,46171,0,0,0.0,33561,0.7268848411340452,79732,0.8769704150374027,0
945bc8ac-ovo_55_t141_aug_1.png,46171,0,0,0.0,33561,0.7268848411340452,79732,0.8769704150374027,0
945bc8ac-ovo_55_t141_aug_2.png,46171,0,0,0.0,33561,0.7268848411340452,79732,0.8769704150374027,0
945e5ac5-ovo_06_t166.png,30244,0,0,0.0,61912,2.0470837190847773,92156,0.8765324012307824,0
945e5ac5-ovo_06_t166_aug_0.png,30244,0,0,0.0,61912,2.0470837190847773,92156,0.8765324012307824,0
945e5ac5-ovo_06_t166_aug_1.png,30245,0,0,0.0,61686,2.039543726235741,91931,0.7971679606757387,0
945e5ac5-ovo_06_t166_aug_2.png,30240,0,0,0.0,61229,2.0247685185185187,91469,0.7908335190469847,0
95a865a6-eovo_88_t1.png,0,0,0,0.0,270817,0.0,270817,0.8385411974573496,2
95a865a6-eovo_88_t1_aug_0.png,0,0,0,0.0,270823,0.0,270823,0.7266767148028002,2
95a865a6-eovo_88_t1_aug_1.png,0,0,0,0.0,270816,0.0,270816,0.8049382293882965,2
95a865a6-eovo_88_t1_aug_2.png,0,0,0,0.0,270832,0.0,270832,0.7395979788585204,2
95ad4ae0-ovo_05_t191.png,48175,0,0,0.0,45141,0.9370212765957446,93316,0.8836508832988066,0
95ad4ae0-ovo_05_t191_aug_0.png,48181,0,0,0.0,45144,0.9369668541541272,93325,0.7632796668255145,0
95ad4ae0-ovo_05_t191_aug_1.png,48175,0,0,0.0,45141,0.9370212765957446,93316,0.8836508832988066,0
95ad4ae0-ovo_05_t191_aug_2.png,48177,0,0,0.0,45138,0.93692010710505,93315,0.830211026458577,0
95cc922e-ovo_22_t246.png,41518,0,0,0.0,42087,1.0137048990799171,83605,0.8770723175355251,0
95cc922e-ovo_22_t246_aug_0.png,41518,0,0,0.0,42087,1.0137048990799171,83605,0.8770723175355251,0
95cc922e-ovo_22_t246_aug_1.png,41519,0,0,0.0,42080,1.013511886124425,83599,0.7964444194290701,0
95cc922e-ovo_22_t246_aug_2.png,41519,0,0,0.0,42080,1.013511886124425,83599,0.7873288746239774,0
97e9ad0b-eovo_184_t1.png,0,0,0,0.0,232290,0.0,232290,0.8644539507396056,0
97e9ad0b-eovo_184_t1_aug_0.png,0,0,0,0.0,232290,0.0,232290,0.8644539507396056,0
97e9ad0b-eovo_184_t1_aug_1.png,0,0,0,0.0,232316,0.0,232316,0.7506751764932406,0
97e9ad0b-eovo_184_t1_aug_2.png,0,0,0,0.0,232290,0.0,232290,0.8644539507396056,0
980b70d7-ovo_10_t1.png,42749,0,0,0.0,41426,0.9690519076469624,84175,0.8684943557397351,0
980b70d7-ovo_10_t1_aug_0.png,42753,0,0,0.0,41421,0.9688442916286576,84174,0.7663324101789926,0
980b70d7-ovo_10_t1_aug_1.png,42754,0,0,0.0,41422,0.9688450203489732,84176,0.7802944658191203,0
980b70d7-ovo_10_t1_aug_2.png,42749,0,0,0.0,41426,0.9690519076469624,84175,0.8684943557397351,0
988ef852-ovo_53_t91.png,44314,0,0,0.0,31990,0.721893758180259,76304,0.8792832746126694,0
988ef852-ovo_53_t91_aug_0.png,44316,0,0,0.0,31993,0.7219288744471523,76309,0.8077702444135298,0
988ef852-ovo_53_t91_aug_1.png,44317,0,0,0.0,31985,0.7217320667012659,76302,0.7646687812434007,0
988ef852-ovo_53_t91_aug_2.png,44314,0,0,0.0,31990,0.721893758180259,76304,0.8792832746126694,0
990bce66-eovo_56_t1.png,0,2018,1,0.0,206167,0.0,208185,0.8708961829683336,0
990bce66-eovo_56_t1_aug_0.png,0,2018,1,0.0,206168,0.0,208186,0.8464596802068232,0
990bce66-eovo_56_t1_aug_1.png,0,2018,1,0.0,206167,0.0,208185,0.8708961829683336,0
990bce66-eovo_56_t1_aug_2.png,0,2018,1,0.0,206167,0.0,208185,0.8708961829683336,0
99b7ea5c-eovo_311_t1.png,0,0,0,0.0,211874,0.0,211874,0.8613264941259975,0
99b7ea5c-eovo_311_t1_aug_0.png,0,0,0,0.0,211874,0.0,211874,0.8613264941259975,0
99b7ea5c-eovo_311_t1_aug_1.png,0,0,0,0.0,211874,0.0,211874,0.8613264941259975,0
99b7ea5c-eovo_311_t1_aug_2.png,0,0,0,0.0,211874,0.0,211874,0.8613264941259975,0
99bbd9aa-ovo_34_t51.png,25340,0,0,0.0,26061,1.0284530386740331,51401,0.8749960970753522,0
99bbd9aa-ovo_34_t51_aug_0.png,25336,0,0,0.0,26068,1.0288916956109884,51404,0.7835584670221691,0
99bbd9aa-ovo_34_t51_aug_1.png,25339,0,0,0.0,26064,1.0286120209953036,51403,0.8241846820822832,0
99bbd9aa-ovo_34_t51_aug_2.png,25340,0,0,0.0,26061,1.0284530386740331,51401,0.8749960970753522,0
99e7a825-ovo_18_t21.png,40551,0,0,0.0,22149,0.5462010801213287,62700,0.8618373232587005,0
99e7a825-ovo_18_t21_aug_0.png,40551,0,0,0.0,22151,0.546250400729945,62702,0.8597360064501387,0
99e7a825-ovo_18_t21_aug_1.png,40551,0,0,0.0,22149,0.5462010801213287,62700,0.8618373232587005,0
99e7a825-ovo_18_t21_aug_2.png,40549,0,0,0.0,22158,0.5464499741054033,62707,0.7343761154237972,0
9a038136-ovo_51_t16.png,47012,0,0,0.0,39414,0.8383816897813324,86426,0.8805609138397675,0
9a038136-ovo_51_t16_aug_0.png,47006,0,0,0.0,39421,0.8386376207292686,86427,0.8114714289286746,0
9a038136-ovo_51_t16_aug_1.png,47020,0,0,0.0,39403,0.8380051042109741,86423,0.8625727309736293,0
9a038136-ovo_51_t16_aug_2.png,47012,0,0,0.0,39414,0.8383816897813324,86426,0.8805609138397675,0
9a25c5aa-ovo_39_t51.png,40640,0,0,0.0,40090,0.9864665354330708,80730,0.8809671585712946,0
9a25c5aa-ovo_39_t51_aug_0.png,40642,0,0,0.0,40088,0.986368781063924,80730,0.8654124643744894,0
9a25c5aa-ovo_39_t51_aug_1.png,40642,0,0,0.0,40085,0.9862949657989272,80727,0.7888334735073418,0
9a25c5aa-ovo_39_t51_aug_2.png,40640,0,0,0.0,40090,0.9864665354330708,80730,0.8809671585712946,0
9a2e4540-ovo_53_t226.png,45648,0,0,0.0,29420,0.6444970206799859,75068,0.8732443439533867,0
9a2e4540-ovo_53_t226_aug_0.png,45652,0,0,0.0,29415,0.6443310260229563,75067,0.8182243977057944,0
9a2e4540-ovo_53_t226_aug_1.png,45648,0,0,0.0,29420,0.6444970206799859,75068,0.8732443439533867,0
9a2e4540-ovo_53_t226_aug_2.png,45657,0,0,0.0,29414,0.6442385614473136,75071,0.7460876064653479,0
9acfb795-ovo_20_t226.png,43416,0,0,0.0,43957,1.0124608439285057,87373,0.8758515923759288,0
9acfb795-ovo_20_t226_aug_0.png,43416,0,0,0.0,43957,1.0124608439285057,87373,0.8758515923759288,0
9acfb795-ovo_20_t226_aug_1.png,43411,0,0,0.0,43962,1.0126926355071295,87373,0.7705086860339432,0
9acfb795-ovo_20_t226_aug_2.png,43416,0,0,0.0,43957,1.0124608439285057,87373,0.8758515923759288,0
9b44e868-eovo_123_t1.png,28,0,0,0.0,218143,7790.821428571428,218171,0.8551052001618019,0
9b44e868-eovo_123_t1_aug_0.png,0,0,0,0.0,218146,0.0,218146,0.7986257383746217,0
9b44e868-eovo_123_t1_aug_1.png,28,0,0,0.0,218143,7790.821428571428,218171,0.8551052001618019,0
9b44e868-eovo_123_t1_aug_2.png,28,0,0,0.0,218132,7790.428571428572,218160,0.8059878035880078,0
9b9c54c0-ovo_21_t131.png,45036,0,0,0.0,34124,0.7577049471533884,79160,0.8733554940466935,0
9b9c54c0-ovo_21_t131_aug_0.png,45036,0,0,0.0,34128,0.7577937649880095,79164,0.8702955951181895,0
9b9c54c0-ovo_21_t131_aug_1.png,45037,0,0,0.0,34124,0.7576881230987854,79161,0.7790913330552128,0
9b9c54c0-ovo_21_t131_aug_2.png,45036,0,0,0.0,34124,0.7577049471533884,79160,0.8733554940466935,0
9bf28d8a-ovo_55_t136.png,45441,0,0,0.0,36104,0.7945247683809775,81545,0.8715524285846533,0
9bf28d8a-ovo_55_t136_aug_0.png,45441,0,0,0.0,36104,0.7945247683809775,81545,0.8715524285846533,0
9bf28d8a-ovo_55_t136_aug_1.png,45441,0,0,0.0,36104,0.7945247683809775,81545,0.8715524285846533,0
9bf28d8a-ovo_55_t136_aug_2.png,45441,0,0,0.0,36104,0.7945247683809775,81545,0.8715524285846533,0
9c579b43-eovo_427_t1.png,87709,0,0,0.0,104662,1.1932868918811068,192371,0.8750937735515731,0
9c579b43-eovo_427_t1_aug_0.png,87709,0,0,0.0,104662,1.1932868918811068,192371,0.8750937735515731,0
9c579b43-eovo_427_t1_aug_1.png,87709,0,0,0.0,104662,1.1932868918811068,192371,0.8750937735515731,0
9c579b43-eovo_427_t1_aug_2.png,87705,0,0,0.0,104655,1.1932615016247647,192360,0.7589408321732396,0
9c84a9df-ovo_08_t131.png,46765,0,0,0.0,39255,0.8394098150326098,86020,0.8635522182717021,0
9c84a9df-ovo_08_t131_aug_0.png,46765,0,0,0.0,39255,0.8394098150326098,86020,0.8635522182717021,0
9c84a9df-ovo_08_t131_aug_1.png,46765,0,0,0.0,39255,0.8394098150326098,86020,0.8635522182717021,0
9c84a9df-ovo_08_t131_aug_2.png,46765,0,0,0.0,39255,0.8394098150326098,86020,0.8635522182717021,0
9c904778-eovo_203_t1.png,0,0,0,0.0,204688,0.0,204688,0.8735872775247424,0
9c904778-eovo_203_t1_aug_0.png,0,0,0,0.0,204688,0.0,204688,0.8735872775247424,0
9c904778-eovo_203_t1_aug_1.png,0,0,0,0.0,204675,0.0,204675,0.760474230100626,0
9c904778-eovo_203_t1_aug_2.png,0,0,0,0.0,204688,0.0,204688,0.8735872775247424,0
9ca3a97a-ovo_37_t141.png,46578,0,0,0.0,34145,0.7330714071020653,80723,0.8781686109690704,0
9ca3a97a-ovo_37_t141_aug_0.png,46581,0,0,0.0,34140,0.7329168545114961,80721,0.758342615731094,0
9ca3a97a-ovo_37_t141_aug_1.png,46572,0,0,0.0,34150,0.7332732113716396,80722,0.7765470547430258,0
9ca3a97a-ovo_37_t141_aug_2.png,46582,0,0,0.0,34136,0.7328152505259542,80718,0.7773121772955864,0
9ce0439b-ovo_14_t241.png,46083,0,0,0.0,36788,0.7982987218714059,82871,0.8650627656495151,0
9ce0439b-ovo_14_t241_aug_0.png,46083,0,0,0.0,36788,0.7982987218714059,82871,0.8650627656495151,0
9ce0439b-ovo_14_t241_aug_1.png,46083,0,0,0.0,36788,0.7982987218714059,82871,0.8650627656495151,0
9ce0439b-ovo_14_t241_aug_2.png,46081,0,0,0.0,36785,0.7982682667476835,82866,0.7569226999563211,0
9d37db74-ovo_24_t206.png,39901,843,1,0.021127290042856,36823,0.9228590762136288,77567,0.8765706496156047,1
9d37db74-ovo_24_t206_aug_0.png,39893,843,1,0.0211315268342817,36831,0.9232446795177098,77567,0.7867390157074453,1
9d37db74-ovo_24_t206_aug_1.png,39901,843,1,0.021127290042856,36823,0.9228590762136288,77567,0.8765706496156047,1
9d37db74-ovo_24_t206_aug_2.png,39902,845,1,0.0211768833642423,36817,0.922685579670192,77564,0.7946752875297649,1
9daa9cbd-ovo_51_t21.png,46756,0,0,0.0,38733,0.8284070493626486,85489,0.8843159478131064,0
9daa9cbd-ovo_51_t21_aug_0.png,46759,0,0,0.0,38725,0.8281828097264697,85484,0.8537103865857945,0
9daa9cbd-ovo_51_t21_aug_1.png,46754,0,0,0.0,38735,0.8284852632929803,85489,0.8174441092360882,0
9daa9cbd-ovo_51_t21_aug_2.png,46756,0,0,0.0,38733,0.8284070493626486,85489,0.8843159478131064,0
9e7191f8-eovo_383_t1.png,0,0,0,0.0,216747,0.0,216747,0.8588854029991568,0
9e7191f8-eovo_383_t1_aug_0.png,0,0,0,0.0,216747,0.0,216747,0.8588854029991568,0
9e7191f8-eovo_383_t1_aug_1.png,0,0,0,0.0,216747,0.0,216747,0.7346417060656094,0
9e7191f8-eovo_383_t1_aug_2.png,0,0,0,0.0,216749,0.0,216749,0.7736457503052667,0
9e8cba6e-eovo_445_t1.png,95916,0,0,0.0,90674,0.9453480128445724,186590,0.8710025039017814,0
9e8cba6e-eovo_445_t1_aug_0.png,95916,0,0,0.0,90674,0.9453480128445724,186590,0.8710025039017814,0
9e8cba6e-eovo_445_t1_aug_1.png,95914,0,0,0.0,90680,0.9454302812936588,186594,0.7557975228515686,0
9e8cba6e-eovo_445_t1_aug_2.png,95920,0,0,0.0,90675,0.9453190158465388,186595,0.8137171733696892,0
9f2cb7fd-ovo_34_t56.png,25362,0,0,0.0,29827,1.1760507846384354,55189,0.8782831049543245,0
9f2cb7fd-ovo_34_t56_aug_0.png,25358,0,0,0.0,29826,1.176196860951179,55184,0.8035960112104189,0
9f2cb7fd-ovo_34_t56_aug_1.png,25362,0,0,0.0,29827,1.1760507846384354,55189,0.8782831049543245,0
9f2cb7fd-ovo_34_t56_aug_2.png,25362,0,0,0.0,29827,1.1760507846384354,55189,0.8782831049543245,0
9f8238d7-ovo_04_t256.png,47726,0,0,0.0,30109,0.6308720613502075,77835,0.8731229210403095,0
9f8238d7-ovo_04_t256_aug_0.png,47726,0,0,0.0,30109,0.6308720613502075,77835,0.8731229210403095,0
9f8238d7-ovo_04_t256_aug_1.png,47726,0,0,0.0,30109,0.6308720613502075,77835,0.8731229210403095,0
9f8238d7-ovo_04_t256_aug_2.png,47726,0,0,0.0,30108,0.63085110841051,77834,0.7680577707698049,0
9ff01b06-eovo_138_t1.png,0,0,0,0.0,174303,0.0,174303,0.849218280745599,0
9ff01b06-eovo_138_t1_aug_0.png,0,0,0,0.0,174303,0.0,174303,0.849218280745599,0
9ff01b06-eovo_138_t1_aug_1.png,0,0,0,0.0,174304,0.0,174304,0.8062605166491197,0
9ff01b06-eovo_138_t1_aug_2.png,0,0,0,0.0,174303,0.0,174303,0.849218280745599,0
a031c328-ovo_51_t6.png,46980,0,0,0.0,45512,0.9687526607066836,92492,0.8868817189893583,0
a031c328-ovo_51_t6_aug_0.png,46978,0,0,0.0,45514,0.968836476648644,92492,0.8469840027699365,0
a031c328-ovo_51_t6_aug_1.png,46976,0,0,0.0,45520,0.9690054495912808,92496,0.786220881486283,0
a031c328-ovo_51_t6_aug_2.png,46980,0,0,0.0,45512,0.9687526607066836,92492,0.8868817189893583,0
a0c58e10-ovo_55_t61.png,45325,0,0,0.0,36177,0.7981687810259239,81502,0.8727540860049411,0
a0c58e10-ovo_55_t61_aug_0.png,45325,0,0,0.0,36177,0.7981687810259239,81502,0.8704679252380771,0
a0c58e10-ovo_55_t61_aug_1.png,45321,0,0,0.0,36182,0.7983495509807815,81503,0.8001325040621872,0
a0c58e10-ovo_55_t61_aug_2.png,45316,0,0,0.0,36186,0.7985259069644276,81502,0.7516398710622152,0
a0d4b82f-eovo_440_t1.png,104504,0,0,0.0,98978,0.9471216412768888,203482,0.8693434614844968,0
a0d4b82f-eovo_440_t1_aug_0.png,104504,0,0,0.0,98978,0.9471216412768888,203482,0.8693434614844968,0
a0d4b82f-eovo_440_t1_aug_1.png,104504,0,0,0.0,98976,0.947102503253464,203480,0.8681419607872148,0
a0d4b82f-eovo_440_t1_aug_2.png,104504,0,0,0.0,98978,0.9471216412768888,203482,0.8693434614844968,0
a0f75d4f-ovo_25_t166.png,41913,0,0,0.0,48015,1.1455872879536182,89928,0.8816959854672642,0
a0f75d4f-ovo_25_t166_aug_0.png,41915,0,0,0.0,48019,1.1456280567815815,89934,0.7577955858141873,0
a0f75d4f-ovo_25_t166_aug_1.png,41920,0,0,0.0,48011,1.145300572519084,89931,0.8464771613129409,0
a0f75d4f-ovo_25_t166_aug_2.png,41908,0,0,0.0,48021,1.145867137539372,89929,0.7812196674518207,0
a17da68c-ovo_04_t216.png,46256,0,0,0.0,32281,0.6978770321687997,78537,0.8722271755828656,0
a17da68c-ovo_04_t216_aug_0.png,46261,0,0,0.0,32281,0.6978016039428461,78542,0.8234915718994664,0
a17da68c-ovo_04_t216_aug_1.png,46253,0,0,0.0,32284,0.6979871575897779,78537,0.8551896305239413,0
a17da68c-ovo_04_t216_aug_2.png,46256,0,0,0.0,32281,0.6978770321687997,78537,0.8722271755828656,0
a19f45c1-ovo_06_t171.png,30823,0,0,0.0,58671,1.9034811666612597,89494,0.8826519582281713,0
a19f45c1-ovo_06_t171_aug_0.png,30827,0,0,0.0,58144,1.8861387744509683,88971,0.801225709931747,0
a19f45c1-ovo_06_t171_aug_1.png,30824,0,0,0.0,58333,1.892453932001038,89157,0.8059810918578604,0
a19f45c1-ovo_06_t171_aug_2.png,30823,0,0,0.0,58671,1.9034811666612597,89494,0.8826519582281713,0
a1ea3165-ovo_20_t221.png,45635,0,0,0.0,35399,0.7756984770461268,81034,0.8696685371119572,0
a1ea3165-ovo_20_t221_aug_0.png,45635,0,0,0.0,35399,0.7756984770461268,81034,0.8696685371119572,0
a1ea3165-ovo_20_t221_aug_1.png,45629,0,0,0.0,35407,0.7759758048609438,81036,0.8007135120835374,0
a1ea3165-ovo_20_t221_aug_2.png,45636,0,0,0.0,35400,0.7757033920589008,81036,0.7492838718789524,0
a2cd6590-ovo_51_t51.png,46696,0,0,0.0,33541,0.7182842213465821,80237,0.8961898113671584,0
a2cd6590-ovo_51_t51_aug_0.png,46696,0,0,0.0,33541,0.7182842213465821,80237,0.8961898113671584,0
a2cd6590-ovo_51_t51_aug_1.png,46693,0,0,0.0,33550,0.7185231190970809,80243,0.818766881658148,0
a2cd6590-ovo_51_t51_aug_2.png,46696,0,0,0.0,33541,0.7182842213465821,80237,0.8961898113671584,0
a3000c3b-ovo_27_t261.png,40987,0,0,0.0,45317,1.1056432527386733,86304,0.8793412453930474,0
a3000c3b-ovo_27_t261_aug_0.png,40987,0,0,0.0,45317,1.1056432527386733,86304,0.8793412453930474,0
a3000c3b-ovo_27_t261_aug_1.png,40978,0,0,0.0,45319,1.105934891893211,86297,0.7556963997800419,0
a3000c3b-ovo_27_t261_aug_2.png,40983,0,0,0.0,45321,1.1058487665617451,86304,0.7583262062956382,0
a3414efa-ovo_52_t61.png,44352,0,0,0.0,32948,0.7428751803751804,77300,0.8647607884066999,0
a3414efa-ovo_52_t61_aug_0.png,44352,0,0,0.0,32948,0.7428751803751804,77300,0.8647607884066999,0
a3414efa-ovo_52_t61_aug_1.png,44356,0,0,0.0,32937,0.7425601947876274,77293,0.8267174689761507,0
a3414efa-ovo_52_t61_aug_2.png,44352,0,0,0.0,32948,0.7428751803751804,77300,0.8647607884066999,0
a35d1328-ovo_53_t281.png,45663,0,0,0.0,39824,0.8721284190701443,85487,0.8828171831594825,0
a35d1328-ovo_53_t281_aug_0.png,45663,0,0,0.0,39824,0.8721284190701443,85487,0.8828171831594825,0
a35d1328-ovo_53_t281_aug_1.png,45663,0,0,0.0,39824,0.8721284190701443,85487,0.8828171831594825,0
a35d1328-ovo_53_t281_aug_2.png,45665,0,0,0.0,39827,0.8721559180992007,85492,0.8234559977502923,0
a36408b2-eovo_449_t1.png,89278,0,0,0.0,89570,1.0032706825869755,178848,0.8805902243315907,0
a36408b2-eovo_449_t1_aug_0.png,89278,0,0,0.0,89570,1.0032706825869755,178848,0.8805902243315907,0
a36408b2-eovo_449_t1_aug_1.png,89278,0,0,0.0,89570,1.0032706825869755,178848,0.8805902243315907,0
a36408b2-eovo_449_t1_aug_2.png,89278,0,0,0.0,89570,1.0032706825869755,178848,0.8805902243315907,0
a3819e9c-ovo_50_t176.png,48370,0,0,0.0,54249,1.121542278271656,102619,0.8822700263627922,0
a3819e9c-ovo_50_t176_aug_0.png,48370,0,0,0.0,54248,1.121521604300186,102618,0.7806296039216254,0
a3819e9c-ovo_50_t176_aug_1.png,48370,0,0,0.0,54249,1.121542278271656,102619,0.8822700263627922,0
a3819e9c-ovo_50_t176_aug_2.png,48376,0,0,0.0,54250,1.1214238465354722,102626,0.7841792786246414,0
a3850568-eovo_425_t1.png,93246,0,0,0.0,98287,1.0540613002166312,191533,0.876681491477943,0
a3850568-eovo_425_t1_aug_0.png,93246,0,0,0.0,98288,1.0540720245372457,191534,0.8657675151035534,0
a3850568-eovo_425_t1_aug_1.png,93246,0,0,0.0,98287,1.0540613002166312,191533,0.876681491477943,0
a3850568-eovo_425_t1_aug_2.png,93260,0,0,0.0,98274,1.053763671456144,191534,0.7539710202154073,0
a3eb56a9-ovo_51_t31.png,46638,0,0,0.0,34045,0.7299841331103392,80683,0.8779120082313366,0
a3eb56a9-ovo_51_t31_aug_0.png,46638,0,0,0.0,34045,0.7299841331103392,80683,0.8658504735054935,0
a3eb56a9-ovo_51_t31_aug_1.png,46632,0,0,0.0,34047,0.7301209469891919,80679,0.8534147002048759,0
a3eb56a9-ovo_51_t31_aug_2.png,46638,0,0,0.0,34045,0.7299841331103392,80683,0.8779120082313366,0
a4a132e0-ovo_18_t151.png,44650,0,0,0.0,28107,0.6294960806270997,72757,0.8820597741640764,0
a4a132e0-ovo_18_t151_aug_0.png,44650,0,0,0.0,28107,0.6294960806270997,72757,0.8820597741640764,0
a4a132e0-ovo_18_t151_aug_1.png,44652,0,0,0.0,28105,0.629423094150318,72757,0.854192051544953,0
a4a132e0-ovo_18_t151_aug_2.png,44652,0,0,0.0,28105,0.629423094150318,72757,0.868458571936302,0
a4e60e38-ovo_55_t281.png,45807,0,0,0.0,36059,0.7871940969720785,81866,0.8846472845715853,0
a4e60e38-ovo_55_t281_aug_0.png,45807,0,0,0.0,36059,0.7871940969720785,81866,0.8846472845715853,0
a4e60e38-ovo_55_t281_aug_1.png,45805,0,0,0.0,36058,0.7872066368300404,81863,0.8317081758170416,0
a4e60e38-ovo_55_t281_aug_2.png,45807,0,0,0.0,36059,0.7871940969720785,81866,0.8846472845715853,0
a548a72c-ovo_10_t176.png,43714,0,0,0.0,40350,0.923045248661756,84064,0.8844499368990415,0
a548a72c-ovo_10_t176_aug_0.png,43714,0,0,0.0,40350,0.923045248661756,84064,0.8844499368990415,0
a548a72c-ovo_10_t176_aug_1.png,43714,0,0,0.0,40350,0.923045248661756,84064,0.8844499368990415,0
a548a72c-ovo_10_t176_aug_2.png,43714,0,0,0.0,40350,0.923045248661756,84064,0.8844499368990415,0
a57dad3e-ovo_47_t101.png,42995,0,0,0.0,41166,0.9574601697871844,84161,0.877660832173197,0
a57dad3e-ovo_47_t101_aug_0.png,43001,0,0,0.0,41155,0.9570707657961444,84156,0.7756272245018278,0
a57dad3e-ovo_47_t101_aug_1.png,42987,0,0,0.0,41168,0.957684881475795,84155,0.822023957463083,0
a57dad3e-ovo_47_t101_aug_2.png,42993,0,0,0.0,41167,0.9575279696694812,84160,0.7547259154680814,0
a5fd3d4a-ovo_52_t26.png,42311,0,0,0.0,38325,0.9057928198340855,80636,0.8708913752135675,0
a5fd3d4a-ovo_52_t26_aug_0.png,42311,0,0,0.0,38326,0.9058164543499326,80637,0.8436227839432838,0
a5fd3d4a-ovo_52_t26_aug_1.png,42313,0,0,0.0,38324,0.9057263725096306,80637,0.867661425229414,0
a5fd3d4a-ovo_52_t26_aug_2.png,42308,0,0,0.0,38330,0.90597522927106,80638,0.7846830779062676,0
a61969cc-ovo_04_t181.png,47466,0,0,0.0,33565,0.7071377406986054,81031,0.8821144923919653,0
a61969cc-ovo_04_t181_aug_0.png,47466,0,0,0.0,33565,0.7071377406986054,81031,0.8821144923919653,0
a61969cc-ovo_04_t181_aug_1.png,47466,0,0,0.0,33565,0.7071377406986054,81031,0.8821144923919653,0
a61969cc-ovo_04_t181_aug_2.png,47466,0,0,0.0,33565,0.7071377406986054,81031,0.8821144923919653,0
a843a53a-ovo_52_t46.png,43993,0,0,0.0,35050,0.796717659627668,79043,0.8775138251460842,0
a843a53a-ovo_52_t46_aug_0.png,43996,0,0,0.0,35047,0.7965951450131831,79043,0.8755675777408164,0
a843a53a-ovo_52_t46_aug_1.png,43993,0,0,0.0,35050,0.796717659627668,79043,0.8775138251460842,0
a843a53a-ovo_52_t46_aug_2.png,43993,0,0,0.0,35050,0.796717659627668,79043,0.8775138251460842,0
a8754973-ovo_05_t166.png,48141,0,0,0.0,43543,0.9044888971978148,91684,0.8910012023876379,0
a8754973-ovo_05_t166_aug_0.png,48140,0,0,0.0,43544,0.9045284586622352,91684,0.8319223693785646,0
a8754973-ovo_05_t166_aug_1.png,48141,0,0,0.0,43543,0.9044888971978148,91684,0.8910012023876379,0
a8754973-ovo_05_t166_aug_2.png,48141,0,0,0.0,43543,0.9044888971978148,91684,0.8910012023876379,0
a8a02251-ovo_22_t201.png,43858,0,0,0.0,41193,0.9392357152628938,85051,0.8639161039194918,0
a8a02251-ovo_22_t201_aug_0.png,43856,0,0,0.0,41193,0.9392785479751916,85049,0.7466351229483565,0
a8a02251-ovo_22_t201_aug_1.png,43865,0,0,0.0,41190,0.9390174398723355,85055,0.7681604262293057,0
a8a02251-ovo_22_t201_aug_2.png,43855,0,0,0.0,41196,0.9393683730475432,85051,0.8033942385393961,0
a8ef8618-ovo_55_t96.png,45942,0,0,0.0,31057,0.6760045274476514,76999,0.8607744266425941,0
a8ef8618-ovo_55_t96_aug_0.png,45942,0,0,0.0,31057,0.6760045274476514,76999,0.8607744266425941,0
a8ef8618-ovo_55_t96_aug_1.png,45943,0,0,0.0,31054,0.6759245151600897,76997,0.8461285207741546,0
a8ef8618-ovo_55_t96_aug_2.png,45942,0,0,0.0,31043,0.6756997953941927,76985,0.788000647536257,0
a8ffe412-ovo_53_t251.png,46358,0,0,0.0,36635,0.7902627378230295,82993,0.8749791093043029,0
a8ffe412-ovo_53_t251_aug_0.png,46358,0,0,0.0,36635,0.7902627378230295,82993,0.8749791093043029,0
a8ffe412-ovo_53_t251_aug_1.png,46358,0,0,0.0,36635,0.7902627378230295,82993,0.8749791093043029,0
a8ffe412-ovo_53_t251_aug_2.png,46358,0,0,0.0,36635,0.7902627378230295,82993,0.8749791093043029,0
a9037a94-ovo_47_t201.png,42249,0,0,0.0,42189,0.9985798480437408,84438,0.8762584684597753,0
a9037a94-ovo_47_t201_aug_0.png,42249,0,0,0.0,42189,0.9985798480437408,84438,0.8762584684597753,0
a9037a94-ovo_47_t201_aug_1.png,42249,0,0,0.0,42189,0.9985798480437408,84438,0.8762584684597753,0
a9037a94-ovo_47_t201_aug_2.png,42248,0,0,0.0,42188,0.9985798144290854,84436,0.8120438844608157,0
a9658a83-eovo_598_t1.png,97836,0,0,0.0,100436,1.0265750848358477,198272,0.8462111641870913,0
a9658a83-eovo_598_t1_aug_0.png,97842,0,0,0.0,100418,1.0263281617301363,198260,0.7770992312692706,0
a9658a83-eovo_598_t1_aug_1.png,97836,0,0,0.0,100438,1.0265955272087983,198274,0.7724347063441854,0
a9658a83-eovo_598_t1_aug_2.png,97838,0,0,0.0,100438,1.0265745415891576,198276,0.8208036315535652,0
a9c3e908-ovo_29_t36.png,41670,0,0,0.0,38415,0.921886249100072,80085,0.8812413797143082,0
a9c3e908-ovo_29_t36_aug_0.png,41665,0,0,0.0,38415,0.921996879875195,80080,0.8070708385844557,0
a9c3e908-ovo_29_t36_aug_1.png,41670,0,0,0.0,38415,0.921886249100072,80085,0.8812413797143082,0
a9c3e908-ovo_29_t36_aug_2.png,41672,0,0,0.0,38407,0.921650028796314,80079,0.8380632272468275,0
a9eeb1c7-eovo_125_t1.png,91429,0,0,0.0,93843,1.0264030012359318,185272,0.8571708349195247,0
a9eeb1c7-eovo_125_t1_aug_0.png,91429,0,0,0.0,93844,1.0264139386846625,185273,0.7892429805388973,0
a9eeb1c7-eovo_125_t1_aug_1.png,91437,0,0,0.0,93846,1.0263460087273204,185283,0.7912344534867447,0
a9eeb1c7-eovo_125_t1_aug_2.png,91429,0,0,0.0,93843,1.0264030012359318,185272,0.8571708349195247,0
aa5f8a1a-ovo_47_t171.png,39679,0,0,0.0,49134,1.238287255223166,88813,0.8806717682185684,0
aa5f8a1a-ovo_47_t171_aug_0.png,39679,0,0,0.0,49134,1.238287255223166,88813,0.8806717682185684,0
aa5f8a1a-ovo_47_t171_aug_1.png,39678,0,0,0.0,49133,1.2382932607490298,88811,0.8032881632081912,0
aa5f8a1a-ovo_47_t171_aug_2.png,39679,0,0,0.0,49134,1.238287255223166,88813,0.8806717682185684,0
ab24fb08-ovo_21_t226.png,43556,0,0,0.0,47297,1.085889429699697,90853,0.8639353582577535,0
ab24fb08-ovo_21_t226_aug_0.png,43549,0,0,0.0,47306,1.0862706376725069,90855,0.806599603322052,0
ab24fb08-ovo_21_t226_aug_1.png,43562,0,0,0.0,47289,1.08555621872274,90851,0.748360567583942,0
ab24fb08-ovo_21_t226_aug_2.png,43556,0,0,0.0,47297,1.085889429699697,90853,0.8639353582577535,0
ab38a7c3-ovo_11_t236.png,42882,0,0,0.0,32432,0.7563080080220139,75314,0.8752854927149887,0
ab38a7c3-ovo_11_t236_aug_0.png,42882,0,0,0.0,32432,0.7563080080220139,75314,0.8752854927149887,0
ab38a7c3-ovo_11_t236_aug_1.png,42882,0,0,0.0,32432,0.7563080080220139,75314,0.8752854927149887,0
ab38a7c3-ovo_11_t236_aug_2.png,42882,0,0,0.0,32432,0.7563080080220139,75314,0.8752854927149887,0
ac9cee64-ovo_37_t96.png,46686,0,0,0.0,30777,0.6592340316154736,77463,0.8743785643448948,0
ac9cee64-ovo_37_t96_aug_0.png,46686,0,0,0.0,30777,0.6592340316154736,77463,0.8743785643448948,0
ac9cee64-ovo_37_t96_aug_1.png,46685,0,0,0.0,30787,0.6594623540751847,77472,0.747997900011101,0
ac9cee64-ovo_37_t96_aug_2.png,46683,0,0,0.0,30779,0.6593192382666067,77462,0.8310562582751242,0
ad327333-eovo_26_t1.png,0,0,0,0.0,183438,0.0,183438,0.8613442347486147,0
ad327333-eovo_26_t1_aug_0.png,0,0,0,0.0,183445,0.0,183445,0.8303489847990768,0
ad327333-eovo_26_t1_aug_1.png,0,0,0,0.0,183438,0.0,183438,0.8613442347486147,0
ad327333-eovo_26_t1_aug_2.png,0,0,0,0.0,183444,0.0,183444,0.7690971518536903,0
ad435451-ovo_25_t256.png,43405,0,0,0.0,48507,1.1175440617440386,91912,0.8758602966163745,0
ad435451-ovo_25_t256_aug_0.png,43405,0,0,0.0,48507,1.1175440617440386,91912,0.8758602966163745,0
ad435451-ovo_25_t256_aug_1.png,43405,0,0,0.0,48507,1.1175440617440386,91912,0.8758602966163745,0
ad435451-ovo_25_t256_aug_2.png,43405,0,0,0.0,48507,1.1175440617440386,91912,0.8758602966163745,0
ada50e16-ovo_02_t1.png,42237,0,0,0.0,36845,0.8723394180457892,79082,0.8738499465456983,0
ada50e16-ovo_02_t1_aug_0.png,42237,0,0,0.0,36845,0.8723394180457892,79082,0.8738499465456983,0
ada50e16-ovo_02_t1_aug_1.png,42237,0,0,0.0,36845,0.8723394180457892,79082,0.8738499465456983,0
ada50e16-ovo_02_t1_aug_2.png,42237,0,0,0.0,36845,0.8723394180457892,79082,0.8585014217922244,0
ae156246-ovo_55_t106.png,46668,0,0,0.0,33555,0.7190151709951145,80223,0.8755833356700209,0
ae156246-ovo_55_t106_aug_0.png,46669,0,0,0.0,33562,0.7191497567978744,80231,0.8036498417410013,0
ae156246-ovo_55_t106_aug_1.png,46672,0,0,0.0,33551,0.7188678436750086,80223,0.7765296781861094,0
ae156246-ovo_55_t106_aug_2.png,46672,0,0,0.0,33552,0.7188892697977374,80224,0.8419709024652863,0
ae6b4c03-eovo_453_t1.png,105719,0,0,0.0,114232,1.0805247874081292,219951,0.8368543346388673,0
ae6b4c03-eovo_453_t1_aug_0.png,105720,0,0,0.0,114229,1.0804861899356792,219949,0.7762019776786191,0
ae6b4c03-eovo_453_t1_aug_1.png,105719,0,0,0.0,114232,1.0805247874081292,219951,0.8368543346388673,0
ae6b4c03-eovo_453_t1_aug_2.png,105712,0,0,0.0,114236,1.080634175874073,219948,0.7509337137549212,0
aec63e43-ovo_30_t1.png,41159,0,0,0.0,25226,0.6128914696664156,66385,0.874692385856365,0
aec63e43-ovo_30_t1_aug_0.png,41159,0,0,0.0,25227,0.6129157656891567,66386,0.8662641505770354,0
aec63e43-ovo_30_t1_aug_1.png,41163,0,0,0.0,25212,0.612491800889148,66375,0.7944873866496326,0
aec63e43-ovo_30_t1_aug_2.png,41159,0,0,0.0,25226,0.6128914696664156,66385,0.874692385856365,0
af2040c8-ovo_19_t121.png,48339,0,0,0.0,18753,0.3879476199342146,67092,0.1606583510299926,2
af2040c8-ovo_19_t121_aug_0.png,48344,0,0,0.0,18753,0.3879074962766837,67097,0.153549854712965,2
af2040c8-ovo_19_t121_aug_1.png,48339,0,0,0.0,18753,0.3879476199342146,67092,0.1606583510299926,2
af2040c8-ovo_19_t121_aug_2.png,48342,0,0,0.0,18764,0.3881510901493525,67106,0.1488693763138244,2
af2cb2d5-eovo_133_t1.png,91765,0,0,0.0,117860,1.2843676783087234,209625,0.8465684997853535,0
af2cb2d5-eovo_133_t1_aug_0.png,91763,0,0,0.0,117866,1.2844610572888857,209629,0.7750341093751669,0
af2cb2d5-eovo_133_t1_aug_1.png,91765,0,0,0.0,117860,1.2843676783087234,209625,0.8465684997853535,0
af2cb2d5-eovo_133_t1_aug_2.png,91762,0,0,0.0,117864,1.2844532595191909,209626,0.7876500880460174,0
af88383e-ovo_51_t56.png,45177,0,0,0.0,37963,0.8403169754521106,83140,0.8884869017318134,0
af88383e-ovo_51_t56_aug_0.png,45180,0,0,0.0,37961,0.8402169101372289,83141,0.8259861566626665,0
af88383e-ovo_51_t56_aug_1.png,45182,0,0,0.0,37960,0.8401575848789341,83142,0.7885096239559862,0
af88383e-ovo_51_t56_aug_2.png,45181,0,0,0.0,37959,0.840154047055178,83140,0.7686872820388895,0
afae8a15-ovo_23_t146.png,48213,0,0,0.0,57707,1.1969178437350922,105920,0.8850090211284981,0
afae8a15-ovo_23_t146_aug_0.png,48209,0,0,0.0,57712,1.19712086954718,105921,0.8191805140377417,0
afae8a15-ovo_23_t146_aug_1.png,48217,0,0,0.0,57698,1.1966318933156357,105915,0.7658113744539421,0
afae8a15-ovo_23_t146_aug_2.png,48212,0,0,0.0,57703,1.1968597029785115,105915,0.7706592450853375,0
b0ae0f0d-eovo_325_t1.png,99044,0,0,0.0,115214,1.1632607729897824,214258,0.8620508431635038,0
b0ae0f0d-eovo_325_t1_aug_0.png,99044,0,0,0.0,115214,1.1632607729897824,214258,0.8620508431635038,0
b0ae0f0d-eovo_325_t1_aug_1.png,99044,0,0,0.0,115214,1.1632607729897824,214258,0.8620508431635038,0
b0ae0f0d-eovo_325_t1_aug_2.png,99048,0,0,0.0,115222,1.163294564251676,214270,0.7466937649150494,0
b0b03660-ovo_50_t136.png,47935,0,0,0.0,62495,1.3037446542192552,110430,0.8855676056889938,0
b0b03660-ovo_50_t136_aug_0.png,47935,0,0,0.0,62495,1.3037446542192552,110430,0.8855676056889938,0
b0b03660-ovo_50_t136_aug_1.png,47927,0,0,0.0,62506,1.3041917916831849,110433,0.7926960312318219,0
b0b03660-ovo_50_t136_aug_2.png,47936,0,0,0.0,62492,1.303654873164219,110428,0.8755869340446372,0
b0ed4224-eovo_174_t1.png,0,0,0,0.0,211197,0.0,211197,0.876325679608841,0
b0ed4224-eovo_174_t1_aug_0.png,0,0,0,0.0,211200,0.0,211200,0.7773225022490179,0
b0ed4224-eovo_174_t1_aug_1.png,0,0,0,0.0,211200,0.0,211200,0.8598844334657908,0
b0ed4224-eovo_174_t1_aug_2.png,0,0,0,0.0,211197,0.0,211197,0.876325679608841,0
b1f2b6c4-ovo_47_t161.png,40308,0,0,0.0,47084,1.168105586980252,87392,0.8704939707352404,0
b1f2b6c4-ovo_47_t161_aug_0.png,40308,0,0,0.0,47084,1.168105586980252,87392,0.8704939707352404,0
b1f2b6c4-ovo_47_t161_aug_1.png,40308,0,0,0.0,47084,1.168105586980252,87392,0.8704939707352404,0
b1f2b6c4-ovo_47_t161_aug_2.png,40307,0,0,0.0,47085,1.168159376783189,87392,0.848156805412004,0
b260ae33-ovo_09_t86.png,48125,0,0,0.0,35454,0.7367064935064935,83579,0.8779829783711898,0
b260ae33-ovo_09_t86_aug_0.png,48124,0,0,0.0,35459,0.7368257002742914,83583,0.8188015865579186,0
b260ae33-ovo_09_t86_aug_1.png,48128,0,0,0.0,35464,0.7368683510638298,83592,0.7792448470861573,0
b260ae33-ovo_09_t86_aug_2.png,48119,0,0,0.0,35472,0.737172426692159,83591,0.7591101455923851,0
b2c688c4-ovo_51_t71.png,46598,0,0,0.0,35649,0.7650328340272115,82247,0.8769474352015617,0
b2c688c4-ovo_51_t71_aug_0.png,46598,0,0,0.0,35649,0.7650328340272115,82247,0.8769474352015617,0
b2c688c4-ovo_51_t71_aug_1.png,46595,0,0,0.0,35645,0.7649962442322138,82240,0.8176544472951793,0
b2c688c4-ovo_51_t71_aug_2.png,46598,0,0,0.0,35649,0.7650328340272115,82247,0.8769474352015617,0
b3395a6f-ovo_50_t231.png,48840,0,0,0.0,55872,1.143980343980344,104712,0.874551666788045,0
b3395a6f-ovo_50_t231_aug_0.png,48836,0,0,0.0,55877,1.144176427225817,104713,0.7959700856723493,0
b3395a6f-ovo_50_t231_aug_1.png,48834,0,0,0.0,55883,1.1443461522709588,104717,0.800293010418852,0
b3395a6f-ovo_50_t231_aug_2.png,48848,0,0,0.0,55856,1.1434654438257452,104704,0.7827235648840637,0
b355961c-ovo_50_t91.png,45449,0,0,0.0,59622,1.3118440449734867,105071,0.8807958294964419,0
b355961c-ovo_50_t91_aug_0.png,45450,0,0,0.0,59620,1.311771177117712,105070,0.8656388745460967,0
b355961c-ovo_50_t91_aug_1.png,45461,0,0,0.0,59605,1.3111238204175006,105066,0.7811452736951159,0
b355961c-ovo_50_t91_aug_2.png,45438,0,0,0.0,59627,1.312271666886747,105065,0.7839836498970532,0
b39816ed-ovo_52_t146.png,45406,0,0,0.0,29821,0.656763423336123,75227,0.875538552599044,0
b39816ed-ovo_52_t146_aug_0.png,45407,0,0,0.0,29817,0.6566608672671614,75224,0.774325086585586,0
b39816ed-ovo_52_t146_aug_1.png,45414,0,0,0.0,29800,0.6561853173030343,75214,0.7690957827815498,0
b39816ed-ovo_52_t146_aug_2.png,45406,0,0,0.0,29820,0.6567413998150025,75226,0.8444200571844601,0
b3afe867-eovo_428_t1.png,0,0,0,0.0,180277,0.0,180277,0.8691386401186767,0
b3afe867-eovo_428_t1_aug_0.png,0,0,0,0.0,180277,0.0,180277,0.8691386401186767,0
b3afe867-eovo_428_t1_aug_1.png,0,0,0,0.0,180277,0.0,180277,0.8691386401186767,0
b3afe867-eovo_428_t1_aug_2.png,0,0,0,0.0,180277,0.0,180277,0.8691386401186767,0
b4020def-ovo_12_t91.png,47179,0,0,0.0,27448,0.5817842684245109,74627,0.8821314985363532,0
b4020def-ovo_12_t91_aug_0.png,47179,0,0,0.0,27448,0.5817842684245109,74627,0.8821314985363532,0
b4020def-ovo_12_t91_aug_1.png,47184,0,0,0.0,27444,0.5816378433367243,74628,0.8523016120562736,0
b4020def-ovo_12_t91_aug_2.png,47179,0,0,0.0,27448,0.5817842684245109,74627,0.8821314985363532,0
b4920604-ovo_55_t311.png,46032,0,0,0.0,35218,0.7650764685436219,81250,0.8676128416325736,0
b4920604-ovo_55_t311_aug_0.png,46021,0,0,0.0,35239,0.7657156515503791,81260,0.7738800633145458,0
b4920604-ovo_55_t311_aug_1.png,46032,0,0,0.0,35218,0.7650764685436219,81250,0.8676128416325736,0
b4920604-ovo_55_t311_aug_2.png,46035,0,0,0.0,35215,0.7649614423807972,81250,0.8215659146534144,0
b4bbee8b-eovo_450_t1.png,98753,0,0,0.0,82629,0.8367239476269075,181382,0.8802024150993808,0
b4bbee8b-eovo_450_t1_aug_0.png,98753,0,0,0.0,82629,0.8367239476269075,181382,0.8802024150993808,0
b4bbee8b-eovo_450_t1_aug_1.png,98757,0,0,0.0,82624,0.8366394280911733,181381,0.7764716908923641,0
b4bbee8b-eovo_450_t1_aug_2.png,98753,0,0,0.0,82629,0.8367239476269075,181382,0.8802024150993808,0
b532d22d-eovo_591_t1.png,97932,0,0,0.0,134020,1.368500592247682,231952,0.8724468509946216,0
b532d22d-eovo_591_t1_aug_0.png,97933,0,0,0.0,134016,1.368445774151716,231949,0.8068278394013393,0
b532d22d-eovo_591_t1_aug_1.png,97929,0,0,0.0,134016,1.3685016695769383,231945,0.7657467553972248,0
b532d22d-eovo_591_t1_aug_2.png,97932,0,0,0.0,134020,1.368500592247682,231952,0.8724468509946216,0
b564e0cb-ovo_32_t241.png,45597,0,0,0.0,30669,0.6726100401342193,76266,0.850482538081331,0
b564e0cb-ovo_32_t241_aug_0.png,45597,0,0,0.0,30669,0.6726100401342193,76266,0.850482538081331,0
b564e0cb-ovo_32_t241_aug_1.png,45602,0,0,0.0,30666,0.6724705056795754,76268,0.7501486209688741,0
b564e0cb-ovo_32_t241_aug_2.png,45597,0,0,0.0,30669,0.6726100401342193,76266,0.850482538081331,0
b588d103-ovo_55_t76.png,46224,0,0,0.0,34830,0.7535046728971962,81054,0.8796433764799356,0
b588d103-ovo_55_t76_aug_0.png,46224,0,0,0.0,34830,0.7535046728971962,81054,0.8796433764799356,0
b588d103-ovo_55_t76_aug_1.png,46224,0,0,0.0,34830,0.7535046728971962,81054,0.8796433764799356,0
b588d103-ovo_55_t76_aug_2.png,46228,0,0,0.0,34826,0.7533529462663321,81054,0.7606903927893072,0
b5f50b03-ovo_47_t136.png,39798,0,0,0.0,45157,1.1346550077893365,84955,0.8852746384107117,0
b5f50b03-ovo_47_t136_aug_0.png,39804,0,0,0.0,45152,1.1343583559441262,84956,0.7601787335150353,0
b5f50b03-ovo_47_t136_aug_1.png,39796,0,0,0.0,45155,1.1346617750527692,84951,0.810284594965527,0
b5f50b03-ovo_47_t136_aug_2.png,39797,0,0,0.0,45163,1.1348342839912555,84960,0.7733848254053035,0
b681f702-ovo_16_t51.png,47664,0,0,0.0,35646,0.747860020140987,83310,0.8780141373445123,0
b681f702-ovo_16_t51_aug_0.png,47664,0,0,0.0,35646,0.747860020140987,83310,0.8780141373445123,0
b681f702-ovo_16_t51_aug_1.png,47664,0,0,0.0,35646,0.747860020140987,83310,0.8780141373445123,0
b681f702-ovo_16_t51_aug_2.png,47672,0,0,0.0,35642,0.747650612518879,83314,0.7546109248685384,0
b6b4216d-ovo_51_t61.png,46616,0,0,0.0,36560,0.7842800755105543,83176,0.872546485624228,0
b6b4216d-ovo_51_t61_aug_0.png,46608,0,0,0.0,36553,0.7842645039478201,83161,0.7570109565165068,0
b6b4216d-ovo_51_t61_aug_1.png,46613,0,0,0.0,36564,0.7844163645334993,83177,0.8409444544828836,0
b6b4216d-ovo_51_t61_aug_2.png,46610,0,0,0.0,36563,0.7844453979832654,83173,0.7447126317294941,0
b6c0ea42-ovo_05_t206.png,48426,0,0,0.0,44811,0.9253500185850576,93237,0.8839428433069532,0
b6c0ea42-ovo_05_t206_aug_0.png,48416,0,0,0.0,44829,0.9259129213483146,93245,0.7748519288288298,0
b6c0ea42-ovo_05_t206_aug_1.png,48426,0,0,0.0,44811,0.9253500185850576,93237,0.8839428433069532,0
b6c0ea42-ovo_05_t206_aug_2.png,48425,0,0,0.0,44815,0.9254517294785752,93240,0.8214552436431625,0
b7084767-ovo_06_t156.png,30432,0,0,0.0,61883,2.033484490010516,92315,0.8782515547091553,0
b7084767-ovo_06_t156_aug_0.png,30432,0,0,0.0,61883,2.033484490010516,92315,0.8782515547091553,0
b7084767-ovo_06_t156_aug_1.png,30432,0,0,0.0,61883,2.033484490010516,92315,0.8782515547091553,0
b7084767-ovo_06_t156_aug_2.png,30431,0,0,0.0,61585,2.0237586671486314,92016,0.7955897716986181,0
b72e640d-ovo_05_t51.png,47016,0,0,0.0,42288,0.8994384890250128,89304,0.8752035233138978,0
b72e640d-ovo_05_t51_aug_0.png,47017,0,0,0.0,42285,0.8993555522470595,89302,0.8711748182656665,0
b72e640d-ovo_05_t51_aug_1.png,47016,0,0,0.0,42288,0.8994384890250128,89304,0.8752035233138978,0
b72e640d-ovo_05_t51_aug_2.png,47019,0,0,0.0,42285,0.8993172972628086,89304,0.8721018221634739,0
b772bc8f-ovo_17_t146.png,44771,0,0,0.0,39698,0.886690044895133,84469,0.8758475348277664,0
b772bc8f-ovo_17_t146_aug_0.png,44771,0,0,0.0,39698,0.886690044895133,84469,0.8758475348277664,0
b772bc8f-ovo_17_t146_aug_1.png,44769,0,0,0.0,39697,0.8867073197971811,84466,0.8481979266351503,0
b772bc8f-ovo_17_t146_aug_2.png,44771,0,0,0.0,39698,0.886690044895133,84469,0.8758475348277664,0
b7f2b662-ovo_15_t106.png,41929,0,0,0.0,25816,0.6157075055450881,67745,0.8699708561683246,0
b7f2b662-ovo_15_t106_aug_0.png,41929,0,0,0.0,25816,0.6157075055450881,67745,0.8699708561683246,0
b7f2b662-ovo_15_t106_aug_1.png,41929,0,0,0.0,25816,0.6157075055450881,67745,0.8699708561683246,0
b7f2b662-ovo_15_t106_aug_2.png,41929,0,0,0.0,25816,0.6157075055450881,67745,0.8699708561683246,0
b7f55246-ovo_47_t96.png,43337,0,0,0.0,41584,0.95954957657429,84921,0.8735141049928196,0
b7f55246-ovo_47_t96_aug_0.png,43337,0,0,0.0,41584,0.95954957657429,84921,0.8735141049928196,0
b7f55246-ovo_47_t96_aug_1.png,43343,0,0,0.0,41574,0.9591860277322752,84917,0.8139607471444885,0
b7f55246-ovo_47_t96_aug_2.png,43337,0,0,0.0,41584,0.95954957657429,84921,0.8735141049928196,0
b811172d-ovo_36_t211.png,46773,0,0,0.0,44085,0.942530947341415,90858,0.8715541831327968,0
b811172d-ovo_36_t211_aug_0.png,46769,0,0,0.0,44086,0.9426329406230622,90855,0.8525283720034548,0
b811172d-ovo_36_t211_aug_1.png,46766,0,0,0.0,44093,0.942843091134585,90859,0.8211475380439336,0
b811172d-ovo_36_t211_aug_2.png,46771,0,0,0.0,44086,0.9425926321866114,90857,0.744821185475783,0
b85b4b91-eovo_588_t1.png,103131,0,0,0.0,126714,1.2286703319079617,229845,0.8455644072230947,0
b85b4b91-eovo_588_t1_aug_0.png,103131,0,0,0.0,126714,1.2286703319079617,229845,0.8455644072230947,0
b85b4b91-eovo_588_t1_aug_1.png,103131,0,0,0.0,126714,1.2286703319079617,229845,0.8455644072230947,0
b85b4b91-eovo_588_t1_aug_2.png,103129,0,0,0.0,126712,1.2286747665545097,229841,0.7525258613564976,0
b867d481-ovo_25_t31.png,44987,0,0,0.0,45740,1.016738168804321,90727,0.8823960663865429,0
b867d481-ovo_25_t31_aug_0.png,44987,0,0,0.0,45740,1.016738168804321,90727,0.8823960663865429,0
b867d481-ovo_25_t31_aug_1.png,44987,0,0,0.0,45740,1.016738168804321,90727,0.8823960663865429,0
b867d481-ovo_25_t31_aug_2.png,44987,0,0,0.0,45740,1.016738168804321,90727,0.8823960663865429,0
b9ba8323-eovo_213_t1.png,4828,0,0,0.0,184374,38.18848384424192,189202,0.8684533247763074,0
b9ba8323-eovo_213_t1_aug_0.png,2944,0,0,0.0,184367,62.62466032608695,187311,0.8098825553235927,0
b9ba8323-eovo_213_t1_aug_1.png,3383,0,0,0.0,184367,54.498078628436296,187750,0.799367239680547,0
b9ba8323-eovo_213_t1_aug_2.png,4828,0,0,0.0,184374,38.18848384424192,189202,0.8684533247763074,0
ba045c6a-ovo_08_t91.png,47262,0,0,0.0,35209,0.7449748212094283,82471,0.8826791641065104,0
ba045c6a-ovo_08_t91_aug_0.png,47262,0,0,0.0,35209,0.7449748212094283,82471,0.8826791641065104,0
ba045c6a-ovo_08_t91_aug_1.png,47262,0,0,0.0,35209,0.7449748212094283,82471,0.8826791641065104,0
ba045c6a-ovo_08_t91_aug_2.png,47262,0,0,0.0,35209,0.7449748212094283,82471,0.8826791641065104,0
ba3ae29d-ovo_53_t116.png,42377,0,0,0.0,39530,0.9328173301555088,81907,0.8940701720231158,0
ba3ae29d-ovo_53_t116_aug_0.png,42377,0,0,0.0,39530,0.9328173301555088,81907,0.8940701720231158,0
ba3ae29d-ovo_53_t116_aug_1.png,42374,0,0,0.0,39533,0.9329541700099118,81907,0.7592158697828704,0
ba3ae29d-ovo_53_t116_aug_2.png,42381,0,0,0.0,39525,0.9326113116726836,81906,0.7929430157493864,0
ba713ee8-ovo_50_t256.png,48099,0,0,0.0,65513,1.3620449489594375,113612,0.8899257522322637,0
ba713ee8-ovo_50_t256_aug_0.png,48099,0,0,0.0,65513,1.3620449489594375,113612,0.8899257522322637,0
ba713ee8-ovo_50_t256_aug_1.png,48099,0,0,0.0,65513,1.3620449489594375,113612,0.8899257522322637,0
ba713ee8-ovo_50_t256_aug_2.png,48090,0,0,0.0,65479,1.3615928467456853,113569,0.8031203387798638,0
baf94437-eovo_553_t1.png,92671,0,0,0.0,123654,1.33433328657293,216325,0.8504939871251957,0
baf94437-eovo_553_t1_aug_0.png,92668,0,0,0.0,123654,1.3343764837916,216322,0.7657875384512581,0
baf94437-eovo_553_t1_aug_1.png,92668,0,0,0.0,123656,1.334398066214875,216324,0.8028454536032735,0
baf94437-eovo_553_t1_aug_2.png,92671,0,0,0.0,123660,1.3343980317467168,216331,0.7620894268219948,0
bbbfdfbc-eovo_166_t1.png,0,0,0,0.0,234933,0.0,234933,0.8739925126750658,0
bbbfdfbc-eovo_166_t1_aug_0.png,0,0,0,0.0,234933,0.0,234933,0.8739925126750658,0
bbbfdfbc-eovo_166_t1_aug_1.png,0,0,0,0.0,234922,0.0,234922,0.747512950330178,0
bbbfdfbc-eovo_166_t1_aug_2.png,0,0,0,0.0,234933,0.0,234933,0.8724161999757164,0
bbc7176d-ovo_31_t41.png,41322,0,0,0.0,27087,0.6555103818789023,68409,0.8712740685989109,0
bbc7176d-ovo_31_t41_aug_0.png,41324,0,0,0.0,27077,0.6552366663440131,68401,0.749672840905984,0
bbc7176d-ovo_31_t41_aug_1.png,41322,0,0,0.0,27087,0.6555103818789023,68409,0.8712740685989109,0
bbc7176d-ovo_31_t41_aug_2.png,41322,0,0,0.0,27087,0.6555103818789023,68409,0.8712740685989109,0
bbeb601f-eovo_103_t1.png,0,0,0,0.0,202414,0.0,202414,0.8506304235160349,0
bbeb601f-eovo_103_t1_aug_0.png,0,0,0,0.0,202407,0.0,202407,0.7444097850624847,0
bbeb601f-eovo_103_t1_aug_1.png,0,0,0,0.0,202419,0.0,202419,0.8290757360484947,0
bbeb601f-eovo_103_t1_aug_2.png,0,0,0,0.0,202414,0.0,202414,0.8506304235160349,0
bbfa9d19-ovo_10_t91.png,44312,0,0,0.0,37489,0.8460236504784258,81801,0.8707422011431947,0
bbfa9d19-ovo_10_t91_aug_0.png,44312,0,0,0.0,37489,0.8460236504784258,81801,0.8707422011431947,0
bbfa9d19-ovo_10_t91_aug_1.png,44316,0,0,0.0,37489,0.8459472876613413,81805,0.8471560908621064,0
bbfa9d19-ovo_10_t91_aug_2.png,44312,0,0,0.0,37489,0.8460236504784258,81801,0.8707422011431947,0
bc07e1ef-eovo_247_t1.png,93564,0,0,0.0,115802,1.2376768842717285,209366,0.7705670626478734,0
bc07e1ef-eovo_247_t1_aug_0.png,93564,0,0,0.0,115802,1.2376768842717285,209366,0.7705670626478734,0
bc07e1ef-eovo_247_t1_aug_1.png,93564,0,0,0.0,115802,1.2376768842717285,209366,0.7705670626478734,0
bc07e1ef-eovo_247_t1_aug_2.png,93564,0,0,0.0,115802,1.2376768842717285,209366,0.7705670626478734,0
bc74fa49-ovo_47_t151.png,39660,0,0,0.0,45855,1.156202723146747,85515,0.8938149197347208,0
bc74fa49-ovo_47_t151_aug_0.png,39660,0,0,0.0,45855,1.156202723146747,85515,0.8938149197347208,0
bc74fa49-ovo_47_t151_aug_1.png,39660,0,0,0.0,45855,1.156202723146747,85515,0.8938149197347208,0
bc74fa49-ovo_47_t151_aug_2.png,39656,0,0,0.0,45859,1.1564202138390156,85515,0.8482881382923921,0
bca1de89-ovo_53_t41.png,40547,0,0,0.0,31486,0.776530939403655,72033,0.876913844415793,0
bca1de89-ovo_53_t41_aug_0.png,40546,0,0,0.0,31492,0.7766980713263947,72038,0.8355236768013884,0
bca1de89-ovo_53_t41_aug_1.png,40550,0,0,0.0,31479,0.7763008631319359,72029,0.7732391962889106,0
bca1de89-ovo_53_t41_aug_2.png,40547,0,0,0.0,31486,0.776530939403655,72033,0.876913844415793,0
bd43763f-ovo_27_t31.png,43576,0,0,0.0,43484,0.99788874609877,87060,0.8756683804117967,0
bd43763f-ovo_27_t31_aug_0.png,43576,0,0,0.0,43483,0.9978657976868,87059,0.8156160271686189,0
bd43763f-ovo_27_t31_aug_1.png,43576,0,0,0.0,43484,0.99788874609877,87060,0.8756683804117967,0
bd43763f-ovo_27_t31_aug_2.png,43576,0,0,0.0,43484,0.99788874609877,87060,0.8555994658025784,0
bd904e66-eovo_149_t1.png,0,0,0,0.0,208058,0.0,208058,0.867145224949843,0
bd904e66-eovo_149_t1_aug_0.png,0,0,0,0.0,208058,0.0,208058,0.867145224949843,0
bd904e66-eovo_149_t1_aug_1.png,0,0,0,0.0,208058,0.0,208058,0.867145224949843,0
bd904e66-eovo_149_t1_aug_2.png,0,0,0,0.0,208058,0.0,208058,0.763081216523228,0
beb3d6b1-ovo_52_t191.png,46126,0,0,0.0,31759,0.6885270780037289,77885,0.8735332453485767,0
beb3d6b1-ovo_52_t191_aug_0.png,46126,0,0,0.0,31759,0.6885270780037289,77885,0.8735332453485767,0
beb3d6b1-ovo_52_t191_aug_1.png,46126,0,0,0.0,31759,0.6885270780037289,77885,0.8735332453485767,0
beb3d6b1-ovo_52_t191_aug_2.png,46126,0,0,0.0,31759,0.6885270780037289,77885,0.8735332453485767,0
beb81bd7-ovo_40_t66.png,46528,0,0,0.0,38636,0.8303817056396149,85164,0.8777577417912905,0
beb81bd7-ovo_40_t66_aug_0.png,46530,0,0,0.0,38631,0.8302385557704707,85161,0.7965893824094852,0
beb81bd7-ovo_40_t66_aug_1.png,46528,0,0,0.0,38636,0.8303817056396149,85164,0.8777577417912905,0
beb81bd7-ovo_40_t66_aug_2.png,46524,0,0,0.0,38638,0.8304960880405812,85162,0.842470995536045,0
bee4bb02-ovo_53_t206.png,42015,0,0,0.0,32318,0.7692014756634535,74333,0.8843574034422962,0
bee4bb02-ovo_53_t206_aug_0.png,42019,0,0,0.0,32310,0.7689378614436326,74329,0.7913412911056937,0
bee4bb02-ovo_53_t206_aug_1.png,42015,0,0,0.0,32318,0.7692014756634535,74333,0.8843574034422962,0
bee4bb02-ovo_53_t206_aug_2.png,42010,0,0,0.0,32323,0.7694120447512497,74333,0.7919199706788124,0
befa10f5-eovo_610_t1.png,92034,0,0,0.0,92492,1.0049764217571766,184526,0.8733475217845487,0
befa10f5-eovo_610_t1_aug_0.png,92034,0,0,0.0,92492,1.0049764217571766,184526,0.8733475217845487,0
befa10f5-eovo_610_t1_aug_1.png,92032,0,0,0.0,92497,1.005052590403338,184529,0.7673093375908864,0
befa10f5-eovo_610_t1_aug_2.png,92035,0,0,0.0,92497,1.0050198294127235,184532,0.7594178770111852,0
bf65c28d-eovo_416_t1.png,85431,0,0,0.0,132819,1.5546932612283595,218250,0.877639287354727,0
bf65c28d-eovo_416_t1_aug_0.png,85432,0,0,0.0,132818,1.5546633579923217,218250,0.7584534739239525,0
bf65c28d-eovo_416_t1_aug_1.png,85438,0,0,0.0,132816,1.5545307708513776,218254,0.7785045806222658,0
bf65c28d-eovo_416_t1_aug_2.png,85434,0,0,0.0,132806,1.554486504202074,218240,0.7794325436713534,0
bf855e18-ovo_04_t131.png,47079,0,0,0.0,31099,0.6605705303850974,78178,0.8734550454247462,0
bf855e18-ovo_04_t131_aug_0.png,47082,0,0,0.0,31097,0.6604859606643728,78179,0.8473313322809143,0
bf855e18-ovo_04_t131_aug_1.png,47079,0,0,0.0,31099,0.6605705303850974,78178,0.8734550454247462,0
bf855e18-ovo_04_t131_aug_2.png,47081,0,0,0.0,31101,0.6605849493426222,78182,0.7583759968349097,0
bfb10c9e-ovo_47_t61.png,41055,0,0,0.0,37698,0.91823164048228,78753,0.8729113608502483,0
bfb10c9e-ovo_47_t61_aug_0.png,41055,0,0,0.0,37698,0.91823164048228,78753,0.8729113608502483,0
bfb10c9e-ovo_47_t61_aug_1.png,41059,0,0,0.0,37696,0.918093475242943,78755,0.8568402301123458,0
bfb10c9e-ovo_47_t61_aug_2.png,41055,0,0,0.0,37706,0.9184265010351969,78761,0.7843550931121662,0
bfcc5c8c-ovo_51_t26.png,46300,0,0,0.0,31022,0.6700215982721383,77322,0.8806514529074267,0
bfcc5c8c-ovo_51_t26_aug_0.png,46300,0,0,0.0,31022,0.6700215982721383,77322,0.8806514529074267,0
bfcc5c8c-ovo_51_t26_aug_1.png,46300,0,0,0.0,31022,0.6700215982721383,77322,0.8806514529074267,0
bfcc5c8c-ovo_51_t26_aug_2.png,46300,0,0,0.0,31022,0.6700215982721383,77322,0.8806514529074267,0
c0526cc8-eovo_23_t1.png,0,0,0,0.0,211049,0.0,211049,0.8686132980376328,0
c0526cc8-eovo_23_t1_aug_0.png,0,0,0,0.0,211051,0.0,211051,0.7564903611953734,0
c0526cc8-eovo_23_t1_aug_1.png,0,0,0,0.0,211049,0.0,211049,0.8686132980376328,0
c0526cc8-eovo_23_t1_aug_2.png,0,0,0,0.0,211044,0.0,211044,0.8120284738507809,0
c0723fa3-ovo_04_t121.png,47614,0,0,0.0,30775,0.6463435124123157,78389,0.8715418454101814,0
c0723fa3-ovo_04_t121_aug_0.png,47610,0,0,0.0,30781,0.6465238395295106,78391,0.8106205092370448,0
c0723fa3-ovo_04_t121_aug_1.png,47614,0,0,0.0,30775,0.6463435124123157,78389,0.8715418454101814,0
c0723fa3-ovo_04_t121_aug_2.png,47614,0,0,0.0,30775,0.6463435124123157,78389,0.8715418454101814,0
c0792037-ovo_47_t71.png,41663,0,0,0.0,40860,0.9807263039147444,82523,0.8762971680146743,0
c0792037-ovo_47_t71_aug_0.png,41660,0,0,0.0,40864,0.9808929428708594,82524,0.7654754863176606,0
c0792037-ovo_47_t71_aug_1.png,41651,0,0,0.0,40874,0.9813449857146288,82525,0.7736622600454894,0
c0792037-ovo_47_t71_aug_2.png,41663,0,0,0.0,40860,0.9807263039147444,82523,0.8762971680146743,0
c17c7cc2-ovo_05_t126.png,49124,0,0,0.0,44733,0.9106139565181988,93857,0.8887704429442544,0
c17c7cc2-ovo_05_t126_aug_0.png,49124,0,0,0.0,44733,0.9106139565181988,93857,0.8887704429442544,0
c17c7cc2-ovo_05_t126_aug_1.png,49126,0,0,0.0,44736,0.9106379513903023,93862,0.7795157696094428,0
c17c7cc2-ovo_05_t126_aug_2.png,49124,0,0,0.0,44733,0.9106139565181988,93857,0.8887704429442544,0
c18d2e27-ovo_11_t101.png,40764,0,0,0.0,34497,0.8462614071239328,75261,0.8537920288660119,0
c18d2e27-ovo_11_t101_aug_0.png,40764,0,0,0.0,34497,0.8462614071239328,75261,0.8537920288660119,0
c18d2e27-ovo_11_t101_aug_1.png,40764,0,0,0.0,34498,0.846285938573251,75262,0.7645113854296993,0
c18d2e27-ovo_11_t101_aug_2.png,40763,0,0,0.0,34500,0.8463557638054118,75263,0.833971719065342,0
c1e61e1d-ovo_53_t26.png,40760,0,0,0.0,30714,0.7535328753680078,71474,0.8751221074392923,0
c1e61e1d-ovo_53_t26_aug_0.png,40760,0,0,0.0,30714,0.7535328753680078,71474,0.8751221074392923,0
c1e61e1d-ovo_53_t26_aug_1.png,40765,0,0,0.0,30708,0.75329326628235,71473,0.817866774467099,0
c1e61e1d-ovo_53_t26_aug_2.png,40760,0,0,0.0,30714,0.7535328753680078,71474,0.8751221074392923,0
c2118c32-eovo_493_t1.png,97550,0,0,0.0,125519,1.2867145053818554,223069,0.8655049663960659,0
c2118c32-eovo_493_t1_aug_0.png,97550,0,0,0.0,125519,1.2867145053818554,223069,0.8655049663960659,0
c2118c32-eovo_493_t1_aug_1.png,97550,0,0,0.0,125519,1.2867145053818554,223069,0.8655049663960659,0
c2118c32-eovo_493_t1_aug_2.png,97548,0,0,0.0,125523,1.286781891991635,223071,0.7876847975974651,0
c221e37e-ovo_19_t31.png,37313,0,0,0.0,12655,0.3391579342320371,49968,0.8832697124240889,0
c221e37e-ovo_19_t31_aug_0.png,37317,0,0,0.0,12648,0.3389339979097998,49965,0.798923148322255,0
c221e37e-ovo_19_t31_aug_1.png,37311,0,0,0.0,12655,0.3391761142826512,49966,0.7995343661670653,0
c221e37e-ovo_19_t31_aug_2.png,37313,0,0,0.0,12655,0.3391579342320371,49968,0.8832697124240889,0
c25bcdb2-ovo_51_t11.png,47258,0,0,0.0,42103,0.890917939819713,89361,0.887066317199377,0
c25bcdb2-ovo_51_t11_aug_0.png,47258,0,0,0.0,42103,0.890917939819713,89361,0.887066317199377,0
c25bcdb2-ovo_51_t11_aug_1.png,47258,0,0,0.0,42103,0.890917939819713,89361,0.887066317199377,0
c25bcdb2-ovo_51_t11_aug_2.png,47258,0,0,0.0,42103,0.890917939819713,89361,0.887066317199377,0
c27947f4-eovo_237_t1.png,0,0,0,0.0,199788,0.0,199788,0.8463280846858979,0
c27947f4-eovo_237_t1_aug_0.png,0,0,0,0.0,199788,0.0,199788,0.8463280846858979,0
c27947f4-eovo_237_t1_aug_1.png,0,0,0,0.0,199714,0.0,199714,0.7421862800775982,0
c27947f4-eovo_237_t1_aug_2.png,0,0,0,0.0,199788,0.0,199788,0.8463280846858979,0
c2b901d9-ovo_05_t201.png,48196,0,0,0.0,44616,0.9257199767615568,92812,0.8908854854633905,0
c2b901d9-ovo_05_t201_aug_0.png,48196,0,0,0.0,44616,0.9257199767615568,92812,0.8908854854633905,0
c2b901d9-ovo_05_t201_aug_1.png,48193,0,0,0.0,44619,0.9258398522607018,92812,0.8855638812570283,0
c2b901d9-ovo_05_t201_aug_2.png,48196,0,0,0.0,44616,0.9257199767615568,92812,0.8908854854633905,0
c31d358a-eovo_513_t1.png,99015,0,0,0.0,70055,0.7075190627682675,169070,0.8763565140338095,0
c31d358a-eovo_513_t1_aug_0.png,99016,0,0,0.0,67803,0.6847681182839137,166819,0.7802934034962886,0
c31d358a-eovo_513_t1_aug_1.png,99015,0,0,0.0,70055,0.7075190627682675,169070,0.8763565140338095,0
c31d358a-eovo_513_t1_aug_2.png,99011,0,0,0.0,67910,0.6858833866944077,166921,0.7795482827075394,0
c36d269f-ovo_05_t81.png,47155,0,0,0.0,43457,0.9215777754214824,90612,0.8895705634310682,0
c36d269f-ovo_05_t81_aug_0.png,47160,0,0,0.0,43445,0.921225614927905,90605,0.8252331491430436,0
c36d269f-ovo_05_t81_aug_1.png,47155,0,0,0.0,43457,0.9215777754214824,90612,0.8825303670687344,0
c36d269f-ovo_05_t81_aug_2.png,47151,0,0,0.0,43456,0.9216347479374776,90607,0.8713744008918217,0
c3b2e3c6-ovo_55_t81.png,45917,0,0,0.0,34366,0.7484373979136267,80283,0.8750673495360651,0
c3b2e3c6-ovo_55_t81_aug_0.png,45926,0,0,0.0,34351,0.7479641161869094,80277,0.7727152712137119,0
c3b2e3c6-ovo_55_t81_aug_1.png,45911,0,0,0.0,34373,0.7486876783341683,80284,0.7608826779632066,0
c3b2e3c6-ovo_55_t81_aug_2.png,45917,0,0,0.0,34366,0.7484373979136267,80283,0.8750673495360651,0
c3dccb40-ovo_05_t41.png,46838,0,0,0.0,43625,0.9314018531961228,90463,0.8814439510607797,0
c3dccb40-ovo_05_t41_aug_0.png,46838,0,0,0.0,43625,0.9314018531961228,90463,0.8814439510607797,0
c3dccb40-ovo_05_t41_aug_1.png,46832,0,0,0.0,43635,0.931734711308507,90467,0.8026119427542704,0
c3dccb40-ovo_05_t41_aug_2.png,46838,0,0,0.0,43625,0.9314018531961228,90463,0.8814439510607797,0
c4ce4d7f-ovo_24_t121.png,43172,0,0,0.0,36825,0.8529834151765033,79997,0.8740646753302548,0
c4ce4d7f-ovo_24_t121_aug_0.png,43176,0,0,0.0,36826,0.8529275523438947,80002,0.8138793318857462,0
c4ce4d7f-ovo_24_t121_aug_1.png,43172,0,0,0.0,36825,0.8529834151765033,79997,0.8740646753302548,0
c4ce4d7f-ovo_24_t121_aug_2.png,43165,0,0,0.0,36830,0.8532375767404147,79995,0.8174449380161397,0
c4da6a97-ovo_05_t261.png,48107,0,0,0.0,44635,0.9278275510840418,92742,0.8831819345377949,0
c4da6a97-ovo_05_t261_aug_0.png,48107,0,0,0.0,44635,0.9278275510840418,92742,0.8831819345377949,0
c4da6a97-ovo_05_t261_aug_1.png,48108,0,0,0.0,44634,0.9277874781741082,92742,0.7884913702579306,0
c4da6a97-ovo_05_t261_aug_2.png,48108,0,0,0.0,44638,0.9278706244283697,92746,0.7752841564559435,0
c4e0977a-eovo_657_t1.png,104174,0,0,0.0,111056,1.0660625491965363,215230,0.8570979989812045,0
c4e0977a-eovo_657_t1_aug_0.png,104174,0,0,0.0,111058,1.0660817478449518,215232,0.7761431657739399,0
c4e0977a-eovo_657_t1_aug_1.png,104169,0,0,0.0,111062,1.066171317762482,215231,0.7677697642323976,0
c4e0977a-eovo_657_t1_aug_2.png,104170,0,0,0.0,111057,1.0661130843812998,215227,0.7478042500227582,0
c50375b0-ovo_27_t121.png,41420,0,0,0.0,43086,1.0402221149203283,84506,0.8695694216117837,0
c50375b0-ovo_27_t121_aug_0.png,41420,0,0,0.0,43087,1.040246257846451,84507,0.8315354719899282,0
c50375b0-ovo_27_t121_aug_1.png,41420,0,0,0.0,43086,1.0402221149203283,84506,0.8695694216117837,0
c50375b0-ovo_27_t121_aug_2.png,41424,0,0,0.0,43086,1.0401216685979142,84510,0.8391153671597422,0
c55d8342-eovo_267_t1.png,0,0,0,0.0,196797,0.0,196797,0.8646714646842136,0
c55d8342-eovo_267_t1_aug_0.png,0,0,0,0.0,196795,0.0,196795,0.7518050831597478,0
c55d8342-eovo_267_t1_aug_1.png,0,0,0,0.0,196795,0.0,196795,0.8061036127933312,0
c55d8342-eovo_267_t1_aug_2.png,0,0,0,0.0,196797,0.0,196797,0.8646714646842136,0
c59e2f4e-ovo_25_t121.png,43545,0,0,0.0,45929,1.0547479618785165,89474,0.8865367846043187,0
c59e2f4e-ovo_25_t121_aug_0.png,43545,0,0,0.0,45929,1.0547479618785165,89474,0.8865367846043187,0
c59e2f4e-ovo_25_t121_aug_1.png,43545,0,0,0.0,45929,1.0547479618785165,89474,0.8865367846043187,0
c59e2f4e-ovo_25_t121_aug_2.png,43545,0,0,0.0,45929,1.0547479618785165,89474,0.8865367846043187,0
c5fb62b0-ovo_53_t121.png,43430,0,0,0.0,33331,0.7674648860234861,76761,0.8868057188378762,0
c5fb62b0-ovo_53_t121_aug_0.png,43438,0,0,0.0,33325,0.7671854136930798,76763,0.82081969541133,0
c5fb62b0-ovo_53_t121_aug_1.png,43443,0,0,0.0,33318,0.766935985083903,76761,0.7604377006495894,0
c5fb62b0-ovo_53_t121_aug_2.png,43430,0,0,0.0,33331,0.7674648860234861,76761,0.8868057188378762,0
c6c7955e-ovo_50_t261.png,48626,0,0,0.0,58353,1.2000370172335788,106979,0.8814478555418972,0
c6c7955e-ovo_50_t261_aug_0.png,48626,0,0,0.0,58353,1.2000370172335788,106979,0.8814478555418972,0
c6c7955e-ovo_50_t261_aug_1.png,48620,0,0,0.0,58363,1.2003907856849034,106983,0.7656030797586905,0
c6c7955e-ovo_50_t261_aug_2.png,48626,0,0,0.0,58353,1.2000370172335788,106979,0.8814478555418972,0
c7537f3a-ovo_05_t36.png,47429,0,0,0.0,45770,0.9650214004090324,93199,0.8892763735105293,0
c7537f3a-ovo_05_t36_aug_0.png,47429,0,0,0.0,45770,0.9650214004090324,93199,0.8892763735105293,0
c7537f3a-ovo_05_t36_aug_1.png,47428,0,0,0.0,45774,0.965126085856456,93202,0.8231030239447645,0
c7537f3a-ovo_05_t36_aug_2.png,47429,0,0,0.0,45770,0.9650214004090324,93199,0.8892763735105293,0
c7b6c192-ovo_05_t241.png,47728,0,0,0.0,43866,0.9190831377807576,91594,0.8815801942711838,0
c7b6c192-ovo_05_t241_aug_0.png,47728,0,0,0.0,43875,0.9192717063359036,91603,0.7749021446545541,0
c7b6c192-ovo_05_t241_aug_1.png,47728,0,0,0.0,43866,0.9190831377807576,91594,0.8815801942711838,0
c7b6c192-ovo_05_t241_aug_2.png,47723,0,0,0.0,43865,0.9191584770446116,91588,0.7628720848562771,0
c7c57372-eovo_61_t1.png,0,0,0,0.0,177276,0.0,177276,0.8604579417946184,0
c7c57372-eovo_61_t1_aug_0.png,0,0,0,0.0,177276,0.0,177276,0.8604579417946184,0
c7c57372-eovo_61_t1_aug_1.png,0,0,0,0.0,177277,0.0,177277,0.7884979971913958,0
c7c57372-eovo_61_t1_aug_2.png,0,0,0,0.0,177274,0.0,177274,0.8384810161052966,0
c7e1c534-ovo_20_t46.png,44763,0,0,0.0,39385,0.879856131179769,84148,0.894805167522242,0
c7e1c534-ovo_20_t46_aug_0.png,44763,0,0,0.0,39385,0.879856131179769,84148,0.894805167522242,0
c7e1c534-ovo_20_t46_aug_1.png,44760,0,0,0.0,39387,0.8799597855227882,84147,0.7984059399375201,0
c7e1c534-ovo_20_t46_aug_2.png,44764,0,0,0.0,39384,0.8798141363595746,84148,0.8878261413071216,0
c84db49b-ovo_04_t171.png,46935,0,0,0.0,32917,0.7013316288484074,79852,0.8798777360609513,0
c84db49b-ovo_04_t171_aug_0.png,46936,0,0,0.0,32923,0.7014445201977161,79859,0.7637682381308069,0
c84db49b-ovo_04_t171_aug_1.png,46935,0,0,0.0,32917,0.7013316288484074,79852,0.8798777360609513,0
c84db49b-ovo_04_t171_aug_2.png,46939,0,0,0.0,32907,0.7010588210230299,79846,0.8423800480226646,0
c851392c-ovo_35_t206.png,44736,1481,1,0.0331053290414878,34090,0.7620261087267525,80307,0.8759622887848016,1
c851392c-ovo_35_t206_aug_0.png,44736,1481,1,0.0331053290414878,34090,0.7620261087267525,80307,0.8759622887848016,1
c851392c-ovo_35_t206_aug_1.png,44737,1482,1,0.0331269419049109,34089,0.7619867223998033,80308,0.7886653039928363,1
c851392c-ovo_35_t206_aug_2.png,44736,1479,1,0.0330606223175965,34086,0.76193669527897,80301,0.8004692526372598,1
c895143f-ovo_53_t246.png,45402,0,0,0.0,33200,0.7312453195894454,78602,0.8758702528805615,0
c895143f-ovo_53_t246_aug_0.png,45402,0,0,0.0,33200,0.7312453195894454,78602,0.8758702528805615,0
c895143f-ovo_53_t246_aug_1.png,45402,0,0,0.0,33200,0.7312453195894454,78602,0.8758702528805615,0
c895143f-ovo_53_t246_aug_2.png,45413,0,0,0.0,33178,0.7305837535507453,78591,0.7671863778139607,0
c9d8c11e-ovo_50_t46.png,44810,0,0,0.0,52350,1.1682660120508814,97160,0.8842764363950364,0
c9d8c11e-ovo_50_t46_aug_0.png,44810,0,0,0.0,52350,1.1682660120508814,97160,0.8842764363950364,0
c9d8c11e-ovo_50_t46_aug_1.png,44810,0,0,0.0,52350,1.1682660120508814,97160,0.8842764363950364,0
c9d8c11e-ovo_50_t46_aug_2.png,44804,0,0,0.0,52355,1.1685340594589768,97159,0.762011477782632,0
ca1e2031-ovo_33_t96.png,41516,0,0,0.0,33627,0.8099768763850081,75143,0.8741220377287825,0
ca1e2031-ovo_33_t96_aug_0.png,41516,0,0,0.0,33627,0.8099768763850081,75143,0.8741220377287825,0
ca1e2031-ovo_33_t96_aug_1.png,41516,0,0,0.0,33627,0.8099768763850081,75143,0.8741220377287825,0
ca1e2031-ovo_33_t96_aug_2.png,41516,0,0,0.0,33627,0.8099768763850081,75143,0.8741220377287825,0
cb0da0c8-ovo_36_t206.png,46711,0,0,0.0,41617,0.8909464580077497,88328,0.8787417028894159,0
cb0da0c8-ovo_36_t206_aug_0.png,46711,0,0,0.0,41617,0.8909464580077497,88328,0.8787417028894159,0
cb0da0c8-ovo_36_t206_aug_1.png,46711,0,0,0.0,41617,0.8909464580077497,88328,0.8730256118197571,0
cb0da0c8-ovo_36_t206_aug_2.png,46711,0,0,0.0,41617,0.8909464580077497,88328,0.8787417028894159,0
cb106189-ovo_23_t56.png,44396,0,0,0.0,44605,1.004707631318137,89001,0.8667841510759065,0
cb106189-ovo_23_t56_aug_0.png,44396,0,0,0.0,44605,1.004707631318137,89001,0.8667841510759065,0
cb106189-ovo_23_t56_aug_1.png,44396,0,0,0.0,44605,1.004707631318137,89001,0.8667841510759065,0
cb106189-ovo_23_t56_aug_2.png,44399,0,0,0.0,44600,1.0045271289893916,88999,0.7969640706902797,0
cb504e49-ovo_55_t31.png,45202,0,0,0.0,38496,0.8516437325782045,83698,0.8705489823626346,0
cb504e49-ovo_55_t31_aug_0.png,45202,0,0,0.0,38496,0.8516437325782045,83698,0.8705489823626346,0
cb504e49-ovo_55_t31_aug_1.png,45202,0,0,0.0,38496,0.8516437325782045,83698,0.8705489823626346,0
cb504e49-ovo_55_t31_aug_2.png,45202,0,0,0.0,38496,0.8516437325782045,83698,0.8705489823626346,0
cb6dd165-ovo_05_t86.png,47077,0,0,0.0,43557,0.9252288803449668,90634,0.8903701890669863,0
cb6dd165-ovo_05_t86_aug_0.png,47071,0,0,0.0,43562,0.925453039026152,90633,0.8063428261793423,0
cb6dd165-ovo_05_t86_aug_1.png,47077,0,0,0.0,43557,0.9252288803449668,90634,0.8903701890669863,0
cb6dd165-ovo_05_t86_aug_2.png,47077,0,0,0.0,43557,0.9252288803449668,90634,0.8903701890669863,0
cb892b0c-ovo_37_t136.png,46842,0,0,0.0,36764,0.7848512019128133,83606,0.8604862619787026,0
cb892b0c-ovo_37_t136_aug_0.png,46842,0,0,0.0,36764,0.7848512019128133,83606,0.8604862619787026,0
cb892b0c-ovo_37_t136_aug_1.png,46843,0,0,0.0,36767,0.7848984907029866,83610,0.8271923851768991,0
cb892b0c-ovo_37_t136_aug_2.png,46849,0,0,0.0,36753,0.784499135520502,83602,0.7809512074363565,0
cbd128a2-eovo_570_t1.png,111528,0,0,0.0,89972,0.8067211821246683,201500,0.870274751263152,0
cbd128a2-eovo_570_t1_aug_0.png,111531,0,0,0.0,89967,0.8066546520698281,201498,0.8108241426162711,0
cbd128a2-eovo_570_t1_aug_1.png,111528,0,0,0.0,89972,0.8067211821246683,201500,0.870274751263152,0
cbd128a2-eovo_570_t1_aug_2.png,111531,0,0,0.0,89979,0.8067622454743524,201510,0.7774204832641219,0
cc37bd8f-ovo_51_t1.png,47930,0,0,0.0,45878,0.9571875651992487,93808,0.8826973281700662,0
cc37bd8f-ovo_51_t1_aug_0.png,47930,0,0,0.0,45878,0.9571875651992487,93808,0.8826973281700662,0
cc37bd8f-ovo_51_t1_aug_1.png,47930,0,0,0.0,45878,0.9571875651992487,93808,0.8826973281700662,0
cc37bd8f-ovo_51_t1_aug_2.png,47936,0,0,0.0,45875,0.957005173564753,93811,0.8032812016822607,0
cc44347c-eovo_576_t1.png,90960,0,0,0.0,124842,1.3724934036939314,215802,0.793933290466903,0
cc44347c-eovo_576_t1_aug_0.png,90960,0,0,0.0,124842,1.3724934036939314,215802,0.793933290466903,0
cc44347c-eovo_576_t1_aug_1.png,90960,0,0,0.0,124842,1.3724934036939314,215802,0.793933290466903,0
cc44347c-eovo_576_t1_aug_2.png,90963,0,0,0.0,124841,1.3724371447731496,215804,0.7132642539516189,0
ccf71e28-ovo_06_t246.png,28564,0,0,0.0,63169,2.2114899873967238,91733,0.8797946784513326,0
ccf71e28-ovo_06_t246_aug_0.png,28563,0,0,0.0,62062,2.1728109792388755,90625,0.7848884179628738,0
ccf71e28-ovo_06_t246_aug_1.png,28564,0,0,0.0,63169,2.2114899873967238,91733,0.8797946784513326,0
ccf71e28-ovo_06_t246_aug_2.png,28564,0,0,0.0,63169,2.2114899873967238,91733,0.8797946784513326,0
cd239140-ovo_53_t176.png,42750,0,0,0.0,31253,0.7310643274853801,74003,0.8644963698500546,0
cd239140-ovo_53_t176_aug_0.png,42750,0,0,0.0,31253,0.7310643274853801,74003,0.8644963698500546,0
cd239140-ovo_53_t176_aug_1.png,42750,0,0,0.0,31253,0.7310643274853801,74003,0.8644963698500546,0
cd239140-ovo_53_t176_aug_2.png,42750,0,0,0.0,31253,0.7310643274853801,74003,0.8644963698500546,0
cde424fd-ovo_55_t306.png,46437,0,0,0.0,33731,0.7263819798867283,80168,0.8776659796512375,0
cde424fd-ovo_55_t306_aug_0.png,46437,0,0,0.0,33731,0.7263819798867283,80168,0.8776659796512375,0
cde424fd-ovo_55_t306_aug_1.png,46437,0,0,0.0,33731,0.7263819798867283,80168,0.8776659796512375,0
cde424fd-ovo_55_t306_aug_2.png,46437,0,0,0.0,33731,0.7263819798867283,80168,0.8776659796512375,0
ce5413fb-eovo_143_t1.png,0,0,0,0.0,211253,0.0,211253,0.8601540643526344,0
ce5413fb-eovo_143_t1_aug_0.png,0,0,0,0.0,211245,0.0,211245,0.7568856493427366,0
ce5413fb-eovo_143_t1_aug_1.png,0,0,0,0.0,211253,0.0,211253,0.8601540643526344,0
ce5413fb-eovo_143_t1_aug_2.png,0,0,0,0.0,211253,0.0,211253,0.8601540643526344,0
cf128a1f-ovo_17_t61.png,44710,0,0,0.0,42115,0.9419592932229928,86825,0.8802282142877604,0
cf128a1f-ovo_17_t61_aug_0.png,44711,0,0,0.0,42118,0.9420053230748584,86829,0.790350469694252,0
cf128a1f-ovo_17_t61_aug_1.png,44710,0,0,0.0,42115,0.9419592932229928,86825,0.8802282142877604,0
cf128a1f-ovo_17_t61_aug_2.png,44711,0,0,0.0,42114,0.941915859631858,86825,0.7988272551289822,0
cf161178-ovo_02_t86.png,41823,0,0,0.0,37960,0.9076345551490806,79783,0.873124090022277,0
cf161178-ovo_02_t86_aug_0.png,41818,0,0,0.0,37968,0.9079343823234014,79786,0.8199012420692325,0
cf161178-ovo_02_t86_aug_1.png,41823,0,0,0.0,37960,0.9076345551490806,79783,0.873124090022277,0
cf161178-ovo_02_t86_aug_2.png,41823,0,0,0.0,37957,0.907562824283289,79780,0.8555765668296331,0
cf1e96a7-eovo_421_t1.png,100747,0,0,0.0,97846,0.9712050979185484,198593,0.8630831744318815,0
cf1e96a7-eovo_421_t1_aug_0.png,100745,0,0,0.0,97851,0.9712740086356644,198596,0.8574706217876741,0
cf1e96a7-eovo_421_t1_aug_1.png,100749,0,0,0.0,97843,0.9711560412510298,198592,0.8502589295244944,0
cf1e96a7-eovo_421_t1_aug_2.png,100743,0,0,0.0,97852,0.9713032170969697,198595,0.7554012495168824,0
cf39711c-ovo_52_t196.png,46569,0,0,0.0,23379,0.5020292469239194,69948,0.8723461829937538,0
cf39711c-ovo_52_t196_aug_0.png,46557,0,0,0.0,23385,0.5022875185256782,69942,0.781179452179337,0
cf39711c-ovo_52_t196_aug_1.png,46569,0,0,0.0,23379,0.5020292469239194,69948,0.8723461829937538,0
cf39711c-ovo_52_t196_aug_2.png,46569,0,0,0.0,23379,0.5020292469239194,69948,0.8723461829937538,0
cf958581-ovo_14_t246.png,48433,0,0,0.0,39731,0.8203291144467615,88164,0.8659735111295709,0
cf958581-ovo_14_t246_aug_0.png,48433,0,0,0.0,39731,0.8203291144467615,88164,0.8659735111295709,0
cf958581-ovo_14_t246_aug_1.png,48433,0,0,0.0,39731,0.8203291144467615,88164,0.8659735111295709,0
cf958581-ovo_14_t246_aug_2.png,48435,0,0,0.0,39724,0.8201507174563848,88159,0.8569219446106466,0
cff912b9-ovo_24_t251.png,41127,0,0,0.0,38931,0.9466044204537164,80058,0.8796043612738497,0
cff912b9-ovo_24_t251_aug_0.png,41127,0,0,0.0,38931,0.9466044204537164,80058,0.8796043612738497,0
cff912b9-ovo_24_t251_aug_1.png,41127,0,0,0.0,38950,0.9470664040654558,80077,0.7553412813796612,0
cff912b9-ovo_24_t251_aug_2.png,41127,0,0,0.0,38931,0.9466044204537164,80058,0.8796043612738497,0
d0d6a056-eovo_523_t1.png,89318,0,0,0.0,115334,1.2912738753666675,204652,0.8383810548289549,0
d0d6a056-eovo_523_t1_aug_0.png,89318,0,0,0.0,115334,1.2912738753666675,204652,0.8383810548289549,0
d0d6a056-eovo_523_t1_aug_1.png,89318,0,0,0.0,115334,1.2912738753666675,204652,0.8383810548289549,0
d0d6a056-eovo_523_t1_aug_2.png,89324,0,0,0.0,115319,1.2910192109623393,204643,0.7640157277171222,0
d0dbebc8-ovo_55_t91.png,46572,0,0,0.0,33478,0.7188439405651464,80050,0.8679393535556973,0
d0dbebc8-ovo_55_t91_aug_0.png,46572,0,0,0.0,33478,0.7188439405651464,80050,0.8679393535556973,0
d0dbebc8-ovo_55_t91_aug_1.png,46572,0,0,0.0,33478,0.7188439405651464,80050,0.8679393535556973,0
d0dbebc8-ovo_55_t91_aug_2.png,46574,0,0,0.0,33474,0.7187271868424443,80048,0.7796949302310399,0
d0e323d6-eovo_36_t1.png,0,0,0,0.0,211092,0.0,211092,0.8662682875577248,0
d0e323d6-eovo_36_t1_aug_0.png,0,0,0,0.0,211092,0.0,211092,0.8662682875577248,0
d0e323d6-eovo_36_t1_aug_1.png,0,0,0,0.0,211092,0.0,211092,0.8662682875577248,0
d0e323d6-eovo_36_t1_aug_2.png,0,0,0,0.0,211091,0.0,211091,0.796837043114321,0
d14baf08-ovo_03_t36.png,43433,0,0,0.0,36160,0.83254668109502,79593,0.8655675047840846,0
d14baf08-ovo_03_t36_aug_0.png,43431,0,0,0.0,36158,0.8325389698602381,79589,0.8300216294132864,0
d14baf08-ovo_03_t36_aug_1.png,43433,0,0,0.0,36160,0.83254668109502,79593,0.8655675047840846,0
d14baf08-ovo_03_t36_aug_2.png,43434,0,0,0.0,36159,0.8325044895703827,79593,0.7830364256736582,0
d2989c6c-eovo_333_t1.png,103479,0,0,0.0,145633,1.4073676784661622,249112,0.8768347058338624,0
d2989c6c-eovo_333_t1_aug_0.png,103479,0,0,0.0,145633,1.4073676784661622,249112,0.8768347058338624,0
d2989c6c-eovo_333_t1_aug_1.png,103479,0,0,0.0,145633,1.4073676784661622,249112,0.8768347058338624,0
d2989c6c-eovo_333_t1_aug_2.png,103479,0,0,0.0,145633,1.4073676784661622,249112,0.8768347058338624,0
d2abb08b-ovo_15_t61.png,40397,0,0,0.0,26460,0.6549991335990296,66857,0.8762986649562661,0
d2abb08b-ovo_15_t61_aug_0.png,40397,0,0,0.0,26460,0.6549991335990296,66857,0.8762986649562661,0
d2abb08b-ovo_15_t61_aug_1.png,40397,0,0,0.0,26460,0.6549991335990296,66857,0.8762986649562661,0
d2abb08b-ovo_15_t61_aug_2.png,40394,0,0,0.0,26463,0.6551220478288855,66857,0.8697558445208184,0
d2b0ddd6-ovo_06_t111.png,31916,0,0,0.0,62965,1.9728349417220203,94881,0.8792576081562411,0
d2b0ddd6-ovo_06_t111_aug_0.png,31916,0,0,0.0,62965,1.9728349417220203,94881,0.8792576081562411,0
d2b0ddd6-ovo_06_t111_aug_1.png,31916,0,0,0.0,62965,1.9728349417220203,94881,0.8792576081562411,0
d2b0ddd6-ovo_06_t111_aug_2.png,31909,0,0,0.0,62585,1.9613588642702688,94494,0.8152389309939724,0
d2cb3730-eovo_343_t1.png,388085,0,0,0.0,421379,1.085790484043444,809464,0.8391201965935587,2
d2cb3730-eovo_343_t1_aug_0.png,387966,0,0,0.0,417842,1.077006748014001,805808,0.7670759865654035,2
d2cb3730-eovo_343_t1_aug_1.png,387979,0,0,0.0,409656,1.0558715806783356,797635,0.7780424309611925,2
d2cb3730-eovo_343_t1_aug_2.png,387963,0,0,0.0,415906,1.072024909591894,803869,0.8050149762694128,2
d43c2617-ovo_50_t281.png,47299,0,0,0.0,69483,1.4690162582718451,116782,0.8800437246158452,0
d43c2617-ovo_50_t281_aug_0.png,47301,0,0,0.0,69487,1.4690387095410244,116788,0.785136562093937,0
d43c2617-ovo_50_t281_aug_1.png,47297,0,0,0.0,69484,1.469099520054126,116781,0.8411613803394026,0
d43c2617-ovo_50_t281_aug_2.png,47299,0,0,0.0,69482,1.4689951161758177,116781,0.7682450014222894,0
d4a251b0-ovo_25_t251.png,42793,0,0,0.0,49597,1.1589979669572126,92390,0.8836722295138013,0
d4a251b0-ovo_25_t251_aug_0.png,42793,0,0,0.0,49597,1.1589979669572126,92390,0.8836722295138013,0
d4a251b0-ovo_25_t251_aug_1.png,42793,0,0,0.0,49597,1.1589979669572126,92390,0.8836722295138013,0
d4a251b0-ovo_25_t251_aug_2.png,42793,0,0,0.0,49597,1.1589979669572126,92390,0.8836722295138013,0
d587dbb4-ovo_04_t236.png,46486,0,0,0.0,30228,0.6502602934216754,76714,0.8656626845459926,0
d587dbb4-ovo_04_t236_aug_0.png,46486,0,0,0.0,30228,0.6502602934216754,76714,0.8656626845459926,0
d587dbb4-ovo_04_t236_aug_1.png,46486,0,0,0.0,30228,0.6502602934216754,76714,0.8656626845459926,0
d587dbb4-ovo_04_t236_aug_2.png,46490,0,0,0.0,30224,0.6501183050118305,76714,0.7740729755025703,0
d596b513-eovo_173_t1.png,0,0,0,0.0,208226,0.0,208226,0.8702075259445585,0
d596b513-eovo_173_t1_aug_0.png,0,0,0,0.0,208226,0.0,208226,0.8421795479428015,0
d596b513-eovo_173_t1_aug_1.png,0,0,0,0.0,208224,0.0,208224,0.8687768353430899,0
d596b513-eovo_173_t1_aug_2.png,0,0,0,0.0,208224,0.0,208224,0.8419412219542582,0
d61bffe5-eovo_240_t1.png,0,0,0,0.0,213017,0.0,213017,0.8633060853167219,0
d61bffe5-eovo_240_t1_aug_0.png,0,0,0,0.0,213017,0.0,213017,0.8633060853167219,0
d61bffe5-eovo_240_t1_aug_1.png,0,0,0,0.0,213004,0.0,213004,0.7568349947928159,0
d61bffe5-eovo_240_t1_aug_2.png,0,0,0,0.0,213017,0.0,213017,0.8633060853167219,0
d6828d43-ovo_18_t61.png,43079,0,0,0.0,23779,0.5519858863947631,66858,0.8711853749931481,0
d6828d43-ovo_18_t61_aug_0.png,43071,0,0,0.0,23787,0.5522741519816118,66858,0.7949645639759159,0
d6828d43-ovo_18_t61_aug_1.png,43079,0,0,0.0,23780,0.5520090995612712,66859,0.8290371076184243,0
d6828d43-ovo_18_t61_aug_2.png,43079,0,0,0.0,23779,0.5519858863947631,66858,0.8711853749931481,0
d6e7ad06-eovo_100_t1.png,0,0,0,0.0,207888,0.0,207888,0.8655795626659095,0
d6e7ad06-eovo_100_t1_aug_0.png,0,0,0,0.0,207884,0.0,207884,0.7769382201252215,0
d6e7ad06-eovo_100_t1_aug_1.png,0,0,0,0.0,207890,0.0,207890,0.860197797538804,0
d6e7ad06-eovo_100_t1_aug_2.png,0,0,0,0.0,207892,0.0,207892,0.806581510146521,0
d72a9164-ovo_04_t251.png,47750,0,0,0.0,35513,0.7437277486910995,83263,0.8786745126194242,0
d72a9164-ovo_04_t251_aug_0.png,47756,0,0,0.0,35504,0.7434458497361588,83260,0.792073515412654,0
d72a9164-ovo_04_t251_aug_1.png,47750,0,0,0.0,35513,0.7437277486910995,83263,0.8786745126194242,0
d72a9164-ovo_04_t251_aug_2.png,47750,0,0,0.0,35513,0.7437277486910995,83263,0.8786745126194242,0
d849b01b-ovo_52_t166.png,46382,0,0,0.0,31406,0.6771161226337803,77788,0.8718018369153656,0
d849b01b-ovo_52_t166_aug_0.png,46376,0,0,0.0,31419,0.6774840434707607,77795,0.7662158419485745,0
d849b01b-ovo_52_t166_aug_1.png,46378,0,0,0.0,31406,0.6771745224028635,77784,0.7606733202154256,0
d849b01b-ovo_52_t166_aug_2.png,46382,0,0,0.0,31406,0.6771161226337803,77788,0.8718018369153656,0
d85b2ccc-ovo_06_t61.png,32595,0,0,0.0,52669,1.615861328424605,85264,0.8810612406841053,0
d85b2ccc-ovo_06_t61_aug_0.png,32589,0,0,0.0,52632,1.6150234741784038,85221,0.8076955832511733,0
d85b2ccc-ovo_06_t61_aug_1.png,32597,0,0,0.0,52626,1.614443046906157,85223,0.8181235895604927,0
d85b2ccc-ovo_06_t61_aug_2.png,32595,0,0,0.0,52669,1.615861328424605,85264,0.8810612406841053,0
d878a00d-ovo_53_t236.png,45937,0,0,0.0,34456,0.7500707490693777,80393,0.8733577200922628,0
d878a00d-ovo_53_t236_aug_0.png,45937,0,0,0.0,34456,0.7500707490693777,80393,0.8733577200922628,0
d878a00d-ovo_53_t236_aug_1.png,45941,0,0,0.0,34449,0.7498530724189721,80390,0.763949032834423,0
d878a00d-ovo_53_t236_aug_2.png,45937,0,0,0.0,34456,0.7500707490693777,80393,0.8733577200922628,0
d8e06f7d-ovo_06_t21.png,34054,0,0,0.0,50484,1.4824690197920949,84538,0.8846770593059667,0
d8e06f7d-ovo_06_t21_aug_0.png,34054,0,0,0.0,50484,1.4824690197920949,84538,0.8846770593059667,0
d8e06f7d-ovo_06_t21_aug_1.png,34054,0,0,0.0,50484,1.4824690197920949,84538,0.8846770593059667,0
d8e06f7d-ovo_06_t21_aug_2.png,34050,0,0,0.0,50449,1.4816152716593245,84499,0.8325435534618658,0
d957af7c-ovo_40_t21.png,46732,0,0,0.0,35393,0.7573611229992296,82125,0.8874622266097919,0
d957af7c-ovo_40_t21_aug_0.png,46732,0,0,0.0,35393,0.7573611229992296,82125,0.8874622266097919,0
d957af7c-ovo_40_t21_aug_1.png,46736,0,0,0.0,35388,0.7571893187264636,82124,0.7757351642821386,0
d957af7c-ovo_40_t21_aug_2.png,46732,0,0,0.0,35393,0.7573611229992296,82125,0.8874622266097919,0
d96d6675-eovo_335_t1.png,92422,0,0,0.0,122502,1.3254636341996495,214924,0.834289109643399,0
d96d6675-eovo_335_t1_aug_0.png,92421,0,0,0.0,122501,1.3254671557330044,214922,0.7260473127940349,0
d96d6675-eovo_335_t1_aug_1.png,92422,0,0,0.0,122502,1.3254636341996495,214924,0.834289109643399,0
d96d6675-eovo_335_t1_aug_2.png,92422,0,0,0.0,122502,1.3254636341996495,214924,0.834289109643399,0
d9b6fadb-ovo_47_t181.png,40559,0,0,0.0,46875,1.1557237604477428,87434,0.8773919287854682,0
d9b6fadb-ovo_47_t181_aug_0.png,40555,0,0,0.0,46875,1.1558377512020712,87430,0.7878363429525292,0
d9b6fadb-ovo_47_t181_aug_1.png,40559,0,0,0.0,46875,1.1557237604477428,87434,0.8773919287854682,0
d9b6fadb-ovo_47_t181_aug_2.png,40563,0,0,0.0,46874,1.1555851391662353,87437,0.8269367144619253,0
d9c2d558-ovo_06_t196.png,29555,0,0,0.0,65593,2.219353747250888,95148,0.8772913293629571,0
d9c2d558-ovo_06_t196_aug_0.png,29555,0,0,0.0,65593,2.219353747250888,95148,0.8772913293629571,0
d9c2d558-ovo_06_t196_aug_1.png,29555,0,0,0.0,65593,2.219353747250888,95148,0.8772913293629571,0
d9c2d558-ovo_06_t196_aug_2.png,29555,0,0,0.0,65593,2.219353747250888,95148,0.8772913293629571,0
d9fbc8ea-ovo_51_t201.png,45577,0,0,0.0,32907,0.722008908001843,78484,0.8879902408353173,0
d9fbc8ea-ovo_51_t201_aug_0.png,45577,0,0,0.0,32907,0.722008908001843,78484,0.8879902408353173,0
d9fbc8ea-ovo_51_t201_aug_1.png,45577,0,0,0.0,32907,0.722008908001843,78484,0.8879902408353173,0
d9fbc8ea-ovo_51_t201_aug_2.png,45568,0,0,0.0,32918,0.7223929073033708,78486,0.8016105713078716,0
da1c7ba7-ovo_50_t276.png,47476,0,0,0.0,64544,1.3595079619176005,112020,0.8850437458991474,0
da1c7ba7-ovo_50_t276_aug_0.png,47476,0,0,0.0,64544,1.3595079619176005,112020,0.8850437458991474,0
da1c7ba7-ovo_50_t276_aug_1.png,47476,0,0,0.0,64544,1.3595079619176005,112020,0.8850437458991474,0
da1c7ba7-ovo_50_t276_aug_2.png,47476,0,0,0.0,64544,1.3595079619176005,112020,0.8850437458991474,0
da331081-eovo_430_t1.png,90849,2279,1,0.0250855815694173,73294,0.8067672731675638,166422,0.8602537300871834,1
da331081-eovo_430_t1_aug_0.png,90849,2279,1,0.0250855815694173,73294,0.8067672731675638,166422,0.8602537300871834,1
da331081-eovo_430_t1_aug_1.png,90849,2279,1,0.0250855815694173,73294,0.8067672731675638,166422,0.8602537300871834,1
da331081-eovo_430_t1_aug_2.png,90852,2280,1,0.0250957601373662,73291,0.806707612380575,166423,0.8185993605575471,1
da76e464-eovo_117_t1.png,0,0,0,0.0,211332,0.0,211332,0.8507783042118582,0
da76e464-eovo_117_t1_aug_0.png,0,0,0,0.0,211332,0.0,211332,0.8507783042118582,0
da76e464-eovo_117_t1_aug_1.png,0,0,0,0.0,211328,0.0,211328,0.783984464581608,0
da76e464-eovo_117_t1_aug_2.png,0,0,0,0.0,211332,0.0,211332,0.8507783042118582,0
db004bb2-ovo_51_t206.png,45893,0,0,0.0,33625,0.7326825441788508,79518,0.8812273720105541,0
db004bb2-ovo_51_t206_aug_0.png,45897,0,0,0.0,33621,0.7325315380090202,79518,0.8128931449493256,0
db004bb2-ovo_51_t206_aug_1.png,45893,0,0,0.0,33625,0.7326825441788508,79518,0.8812273720105541,0
db004bb2-ovo_51_t206_aug_2.png,45893,0,0,0.0,33623,0.7326389645479703,79516,0.8705160145572528,0
db4273be-eovo_242_t1.png,0,0,0,0.0,188879,0.0,188879,0.8697372122639561,0
db4273be-eovo_242_t1_aug_0.png,0,0,0,0.0,188879,0.0,188879,0.7917028783812925,0
db4273be-eovo_242_t1_aug_1.png,0,0,0,0.0,188879,0.0,188879,0.7787626090543919,0
db4273be-eovo_242_t1_aug_2.png,0,0,0,0.0,188879,0.0,188879,0.8697372122639561,0
dc0c3ada-eovo_651_t1.png,102410,0,0,0.0,94373,0.92152133580705,196783,0.8686204950222128,0
dc0c3ada-eovo_651_t1_aug_0.png,102410,0,0,0.0,94373,0.92152133580705,196783,0.8686204950222128,0
dc0c3ada-eovo_651_t1_aug_1.png,102410,0,0,0.0,94373,0.92152133580705,196783,0.8686204950222128,0
dc0c3ada-eovo_651_t1_aug_2.png,102401,0,0,0.0,94383,0.9216999833985996,196784,0.7965563971098925,0
dc19de08-eovo_193_t1.png,0,0,0,0.0,209690,0.0,209690,0.8322468016698649,0
dc19de08-eovo_193_t1_aug_0.png,0,0,0,0.0,209710,0.0,209710,0.718956327915812,0
dc19de08-eovo_193_t1_aug_1.png,0,0,0,0.0,209690,0.0,209690,0.8322468016698649,0
dc19de08-eovo_193_t1_aug_2.png,0,0,0,0.0,209690,0.0,209690,0.8322468016698649,0
dc475036-ovo_30_t221.png,42352,0,0,0.0,0,0.0,42352,0.8735167738935772,0
dc475036-ovo_30_t221_aug_0.png,42352,0,0,0.0,0,0.0,42352,0.8735167738935772,0
dc475036-ovo_30_t221_aug_1.png,42352,0,0,0.0,0,0.0,42352,0.8640296584409481,0
dc475036-ovo_30_t221_aug_2.png,42352,0,0,0.0,0,0.0,42352,0.8735167738935772,0
dc64bb97-eovo_45_t1.png,0,0,0,0.0,198840,0.0,198840,0.862774720570853,0
dc64bb97-eovo_45_t1_aug_0.png,0,0,0,0.0,198839,0.0,198839,0.7578062370105298,0
dc64bb97-eovo_45_t1_aug_1.png,0,0,0,0.0,198840,0.0,198840,0.862774720570853,0
dc64bb97-eovo_45_t1_aug_2.png,0,0,0,0.0,198840,0.0,198840,0.862774720570853,0
dcd70322-ovo_55_t241.png,46207,0,0,0.0,34694,0.7508386175254832,80901,0.8841822843248837,0
dcd70322-ovo_55_t241_aug_0.png,46207,0,0,0.0,34694,0.7508386175254832,80901,0.8841822843248837,0
dcd70322-ovo_55_t241_aug_1.png,46207,0,0,0.0,34694,0.7508386175254832,80901,0.8841822843248837,0
dcd70322-ovo_55_t241_aug_2.png,46207,0,0,0.0,34693,0.7508169757828901,80900,0.881831520760361,0
dcfa5a16-ovo_22_t241.png,41651,0,0,0.0,42404,1.018078797627908,84055,0.8761659271791904,0
dcfa5a16-ovo_22_t241_aug_0.png,41651,0,0,0.0,42404,1.018078797627908,84055,0.8761659271791904,0
dcfa5a16-ovo_22_t241_aug_1.png,41650,0,0,0.0,42406,1.0181512605042016,84056,0.8579332415444876,0
dcfa5a16-ovo_22_t241_aug_2.png,41651,0,0,0.0,42404,1.018078797627908,84055,0.8761659271791904,0
dd2d3ffe-ovo_53_t286.png,46566,0,0,0.0,32890,0.7063093243997767,79456,0.8781897198819774,0
dd2d3ffe-ovo_53_t286_aug_0.png,46566,0,0,0.0,32890,0.7063093243997767,79456,0.8781897198819774,0
dd2d3ffe-ovo_53_t286_aug_1.png,46566,0,0,0.0,32890,0.7063093243997767,79456,0.8781897198819774,0
dd2d3ffe-ovo_53_t286_aug_2.png,46566,0,0,0.0,32890,0.7063093243997767,79456,0.8781897198819774,0
dd808986-eovo_473_t1.png,92283,0,0,0.0,116420,1.261554132397083,208703,0.8727736098917258,0
dd808986-eovo_473_t1_aug_0.png,92283,0,0,0.0,116416,1.2615107874689813,208699,0.8121630194272114,0
dd808986-eovo_473_t1_aug_1.png,92283,0,0,0.0,116420,1.261554132397083,208703,0.8727736098917258,0
dd808986-eovo_473_t1_aug_2.png,92283,0,0,0.0,116420,1.261554132397083,208703,0.8727736098917258,0
dd91b65d-ovo_36_t121.png,45927,0,0,0.0,38586,0.8401593833692599,84513,0.8812052179020299,0
dd91b65d-ovo_36_t121_aug_0.png,45926,0,0,0.0,38590,0.8402647737664939,84516,0.7702168359365125,0
dd91b65d-ovo_36_t121_aug_1.png,45926,0,0,0.0,38594,0.840351870400209,84520,0.7713446875492916,0
dd91b65d-ovo_36_t121_aug_2.png,45927,0,0,0.0,38586,0.8401593833692599,84513,0.8812052179020299,0
de451bb3-ovo_53_t211.png,41758,0,0,0.0,32327,0.774151060874563,74085,0.8726818406226912,0
de451bb3-ovo_53_t211_aug_0.png,41758,0,0,0.0,32327,0.774151060874563,74085,0.8726818406226912,0
de451bb3-ovo_53_t211_aug_1.png,41757,0,0,0.0,32330,0.7742414445482194,74087,0.8295001950375199,0
de451bb3-ovo_53_t211_aug_2.png,41758,0,0,0.0,32327,0.774151060874563,74085,0.8726818406226912,0
de6fbbe4-ovo_35_t256.png,46447,1130,1,0.0243288048743729,38170,0.8217968867741727,85747,0.8699286796210809,1
de6fbbe4-ovo_35_t256_aug_0.png,46447,1130,1,0.0243288048743729,38170,0.8217968867741727,85747,0.8699286796210809,1
de6fbbe4-ovo_35_t256_aug_1.png,46444,1130,1,0.0243303763672379,38181,0.8220868142278873,85755,0.7657204850862137,1
de6fbbe4-ovo_35_t256_aug_2.png,46446,1129,1,0.0243077983034061,38173,0.821879171511002,85748,0.7561175598066378,1
dee68895-eovo_233_t1.png,0,0,0,0.0,205139,0.0,205139,0.8620711527389363,0
dee68895-eovo_233_t1_aug_0.png,0,0,0,0.0,205139,0.0,205139,0.8620711527389363,0
dee68895-eovo_233_t1_aug_1.png,0,0,0,0.0,205138,0.0,205138,0.7394628242220045,0
dee68895-eovo_233_t1_aug_2.png,0,0,0,0.0,205123,0.0,205123,0.7533220992753509,0
df47fc60-ovo_40_t141.png,46706,0,0,0.0,34281,0.7339742217274012,80987,0.8710332265442177,0
df47fc60-ovo_40_t141_aug_0.png,46703,0,0,0.0,34291,0.7342354880842772,80994,0.8149618922910317,0
df47fc60-ovo_40_t141_aug_1.png,46707,0,0,0.0,34273,0.7337872267540198,80980,0.7484550340676794,0
df47fc60-ovo_40_t141_aug_2.png,46706,0,0,0.0,34281,0.7339742217274012,80987,0.8710332265442177,0
df4ef2a8-ovo_10_t226.png,43321,0,0,0.0,40352,0.9314651093003392,83673,0.8797482101553501,0
df4ef2a8-ovo_10_t226_aug_0.png,43330,0,0,0.0,40339,0.9309716132010156,83669,0.7641345429150994,0
df4ef2a8-ovo_10_t226_aug_1.png,43315,0,0,0.0,40354,0.931640309361653,83669,0.8275900388430464,0
df4ef2a8-ovo_10_t226_aug_2.png,43323,0,0,0.0,40346,0.9312836137848256,83669,0.8169292781851004,0
df642c76-ovo_53_t46.png,40895,0,0,0.0,32723,0.8001711700696906,73618,0.8713192804373335,0
df642c76-ovo_53_t46_aug_0.png,40895,0,0,0.0,32723,0.8001711700696906,73618,0.8713192804373335,0
df642c76-ovo_53_t46_aug_1.png,40895,0,0,0.0,32723,0.8001711700696906,73618,0.8713192804373335,0
df642c76-ovo_53_t46_aug_2.png,40895,0,0,0.0,32723,0.8001711700696906,73618,0.8713192804373335,0
dfd6ceae-ovo_07_t16.png,30384,0,0,0.0,22852,0.7521063717746183,53236,0.8672206133369573,0
dfd6ceae-ovo_07_t16_aug_0.png,30387,0,0,0.0,22843,0.7517359397110607,53230,0.7602673241423892,0
dfd6ceae-ovo_07_t16_aug_1.png,30384,0,0,0.0,22852,0.7521063717746183,53236,0.8672206133369573,0
dfd6ceae-ovo_07_t16_aug_2.png,30385,0,0,0.0,22853,0.7521145301958203,53238,0.8228815053046571,0
e0b20579-ovo_08_t176.png,44626,0,0,0.0,38896,0.871599515977233,83522,0.8719566890541596,0
e0b20579-ovo_08_t176_aug_0.png,44626,0,0,0.0,38896,0.871599515977233,83522,0.8719566890541596,0
e0b20579-ovo_08_t176_aug_1.png,44626,0,0,0.0,38896,0.871599515977233,83522,0.8719566890541596,0
e0b20579-ovo_08_t176_aug_2.png,44626,0,0,0.0,38896,0.871599515977233,83522,0.8719566890541596,0
e0f5a0b1-ovo_47_t191.png,39970,0,0,0.0,49619,1.2414060545409056,89589,0.8807659331540261,0
e0f5a0b1-ovo_47_t191_aug_0.png,39970,0,0,0.0,49619,1.2414060545409056,89589,0.8807659331540261,0
e0f5a0b1-ovo_47_t191_aug_1.png,39970,0,0,0.0,49619,1.2414060545409056,89589,0.8807659331540261,0
e0f5a0b1-ovo_47_t191_aug_2.png,39972,0,0,0.0,49619,1.241343940758531,89591,0.8423977523338054,0
e114f52f-eovo_46_t1.png,0,0,0,0.0,204541,0.0,204541,0.8632337218613408,0
e114f52f-eovo_46_t1_aug_0.png,0,0,0,0.0,204541,0.0,204541,0.8632337218613408,0
e114f52f-eovo_46_t1_aug_1.png,0,0,0,0.0,204544,0.0,204544,0.7691634273000006,0
e114f52f-eovo_46_t1_aug_2.png,0,0,0,0.0,204541,0.0,204541,0.8632337218613408,0
e186ed0d-eovo_113_t1.png,22,0,0,0.0,199841,9083.681818181818,199863,0.8532036167691518,0
e186ed0d-eovo_113_t1_aug_0.png,22,0,0,0.0,199841,9083.681818181818,199863,0.8532036167691518,0
e186ed0d-eovo_113_t1_aug_1.png,22,0,0,0.0,199841,9083.681818181818,199863,0.8532036167691518,0
e186ed0d-eovo_113_t1_aug_2.png,22,0,0,0.0,199841,9083.681818181818,199863,0.8532036167691518,0
e19ee1ef-ovo_23_t96.png,44293,0,0,0.0,63492,1.4334544961957871,107785,0.8737426083720543,0
e19ee1ef-ovo_23_t96_aug_0.png,44292,0,0,0.0,63491,1.433464282488937,107783,0.8524938273662807,0
e19ee1ef-ovo_23_t96_aug_1.png,44291,0,0,0.0,63496,1.4336095369262378,107787,0.7719936248203904,0
e19ee1ef-ovo_23_t96_aug_2.png,44290,0,0,0.0,63492,1.4335515917814403,107782,0.7701294032333043,0
e248ca3c-ovo_06_t81.png,31770,0,0,0.0,61543,1.9371419578218445,93313,0.8852674191416121,0
e248ca3c-ovo_06_t81_aug_0.png,31770,0,0,0.0,61543,1.9371419578218445,93313,0.8852674191416121,0
e248ca3c-ovo_06_t81_aug_1.png,31770,0,0,0.0,61543,1.9371419578218445,93313,0.8852674191416121,0
e248ca3c-ovo_06_t81_aug_2.png,31772,0,0,0.0,61538,1.9368626463552812,93310,0.8503839841993475,0
e30ccecb-ovo_55_t271.png,47341,0,0,0.0,35919,0.7587292199150841,83260,0.8757357791722926,0
e30ccecb-ovo_55_t271_aug_0.png,47344,0,0,0.0,35922,0.7587445082798243,83266,0.7862599178481957,0
e30ccecb-ovo_55_t271_aug_1.png,47346,0,0,0.0,35911,0.7584801250369619,83257,0.7994268042972368,0
e30ccecb-ovo_55_t271_aug_2.png,47334,0,0,0.0,35925,0.7589681835467106,83259,0.8275183769802842,0
e384ab30-eovo_543_t1.png,98341,0,0,0.0,102449,1.0417730143073591,200790,0.8555016602548057,0
e384ab30-eovo_543_t1_aug_0.png,98342,0,0,0.0,102449,1.0417624209391714,200791,0.8316105408945051,0
e384ab30-eovo_543_t1_aug_1.png,98341,0,0,0.0,102449,1.0417730143073591,200790,0.8555016602548057,0
e384ab30-eovo_543_t1_aug_2.png,98341,0,0,0.0,102449,1.0417730143073591,200790,0.8555016602548057,0
e3c4424a-ovo_55_t21.png,45144,0,0,0.0,32716,0.7247031720715931,77860,0.8726135662059801,0
e3c4424a-ovo_55_t21_aug_0.png,45147,0,0,0.0,32713,0.7245885662391742,77860,0.7929596767231127,0
e3c4424a-ovo_55_t21_aug_1.png,45144,0,0,0.0,32716,0.7247031720715931,77860,0.8726135662059801,0
e3c4424a-ovo_55_t21_aug_2.png,45144,0,0,0.0,32716,0.7247031720715931,77860,0.8726135662059801,0
e512c858-eovo_70_t1.png,0,0,0,0.0,208427,0.0,208427,0.8627466447597012,0
e512c858-eovo_70_t1_aug_0.png,0,0,0,0.0,208427,0.0,208427,0.8627466447597012,0
e512c858-eovo_70_t1_aug_1.png,0,0,0,0.0,208427,0.0,208427,0.8627466447597012,0
e512c858-eovo_70_t1_aug_2.png,0,0,0,0.0,208431,0.0,208431,0.83075263672664,0
e5d71df7-ovo_06_t121.png,30946,0,0,0.0,62724,2.0268855425580043,93670,0.8859433667246069,0
e5d71df7-ovo_06_t121_aug_0.png,30950,0,0,0.0,61942,2.001357027463651,92892,0.7963146374861664,0
e5d71df7-ovo_06_t121_aug_1.png,30946,0,0,0.0,62724,2.0268855425580043,93670,0.8859433667246069,0
e5d71df7-ovo_06_t121_aug_2.png,30944,0,0,0.0,62571,2.0220721302998967,93515,0.843253414473908,0
e687b404-ovo_47_t166.png,39631,0,0,0.0,46255,1.1671418838787817,85886,0.8803186647586136,0
e687b404-ovo_47_t166_aug_0.png,39631,0,0,0.0,46255,1.1671418838787817,85886,0.8803186647586136,0
e687b404-ovo_47_t166_aug_1.png,39631,0,0,0.0,46255,1.1671418838787817,85886,0.8803186647586136,0
e687b404-ovo_47_t166_aug_2.png,39635,0,0,0.0,46248,1.1668474832849751,85883,0.794446978762506,0
e693fe94-ovo_53_t136.png,43542,0,0,0.0,31957,0.733935051214919,75499,0.8701370138523413,0
e693fe94-ovo_53_t136_aug_0.png,43542,0,0,0.0,31957,0.733935051214919,75499,0.8701370138523413,0
e693fe94-ovo_53_t136_aug_1.png,43542,0,0,0.0,31957,0.733935051214919,75499,0.8278827220954821,0
e693fe94-ovo_53_t136_aug_2.png,43543,0,0,0.0,31952,0.7338033667868544,75495,0.8020623007052011,0
e6ef738c-ovo_29_t126.png,41009,0,0,0.0,34746,0.8472774269062888,75755,0.8814427170758475,0
e6ef738c-ovo_29_t126_aug_0.png,41008,0,0,0.0,34738,0.8471030042918455,75746,0.8142880893031929,0
e6ef738c-ovo_29_t126_aug_1.png,41013,0,0,0.0,34741,0.8470728793309439,75754,0.826814723580491,0
e6ef738c-ovo_29_t126_aug_2.png,41009,0,0,0.0,34746,0.8472774269062888,75755,0.8814427170758475,0
e77f64ef-eovo_614_t1.png,90802,0,0,0.0,138657,1.5270258364353209,229459,0.8672471757105851,0
e77f64ef-eovo_614_t1_aug_0.png,90802,0,0,0.0,138657,1.5270258364353209,229459,0.8672471757105851,0
e77f64ef-eovo_614_t1_aug_1.png,90802,0,0,0.0,138657,1.5270258364353209,229459,0.8672471757105851,0
e77f64ef-eovo_614_t1_aug_2.png,90802,0,0,0.0,138657,1.5270258364353209,229459,0.8672471757105851,0
e7b5b904-ovo_52_t176.png,46231,0,0,0.0,32393,0.7006770348900089,78624,0.8663893412424947,0
e7b5b904-ovo_52_t176_aug_0.png,46231,0,0,0.0,32393,0.7006770348900089,78624,0.8663893412424947,0
e7b5b904-ovo_52_t176_aug_1.png,46237,0,0,0.0,32383,0.7003698336829811,78620,0.849487754027954,0
e7b5b904-ovo_52_t176_aug_2.png,46226,0,0,0.0,32400,0.7009042530177823,78626,0.7559444814806494,0
e7fc025d-ovo_37_t1.png,43791,0,0,0.0,33180,0.7576899362882784,76971,0.8558901686187231,0
e7fc025d-ovo_37_t1_aug_0.png,43791,0,0,0.0,33180,0.7576899362882784,76971,0.8558901686187231,0
e7fc025d-ovo_37_t1_aug_1.png,43791,0,0,0.0,33179,0.7576671005457742,76970,0.8464132212142176,0
e7fc025d-ovo_37_t1_aug_2.png,43791,0,0,0.0,33180,0.7576899362882784,76971,0.8558901686187231,0
e80dec7b-ovo_04_t151.png,46622,0,0,0.0,28969,0.6213590150572691,75591,0.8777728193247832,0
e80dec7b-ovo_04_t151_aug_0.png,46619,0,0,0.0,28971,0.6214419013706858,75590,0.7812997417226673,0
e80dec7b-ovo_04_t151_aug_1.png,46626,0,0,0.0,28965,0.6212199202161884,75591,0.7592535899232147,0
e80dec7b-ovo_04_t151_aug_2.png,46622,0,0,0.0,28969,0.6213590150572691,75591,0.8777728193247832,0
e8279d76-ovo_23_t186.png,47395,0,0,0.0,51492,1.0864437176917396,98887,0.880668288355241,0
e8279d76-ovo_23_t186_aug_0.png,47394,0,0,0.0,51492,1.086466641347006,98886,0.8552270775082458,0
e8279d76-ovo_23_t186_aug_1.png,47388,0,0,0.0,51499,1.08675192031738,98887,0.7670025547664981,0
e8279d76-ovo_23_t186_aug_2.png,47395,0,0,0.0,51492,1.0864437176917396,98887,0.880668288355241,0
e841cf0c-eovo_37_t1.png,76,0,0,0.0,193732,2549.1052631578946,193808,0.8485459969660791,0
e841cf0c-eovo_37_t1_aug_0.png,76,0,0,0.0,193732,2549.1052631578946,193808,0.8485459969660791,0
e841cf0c-eovo_37_t1_aug_1.png,76,0,0,0.0,193740,2549.2105263157896,193816,0.8072547021426065,0
e841cf0c-eovo_37_t1_aug_2.png,76,0,0,0.0,193732,2549.1052631578946,193808,0.8485459969660791,0
e8afbefa-ovo_29_t166.png,41681,0,0,0.0,32366,0.7765168781939012,74047,0.87098840834721,0
e8afbefa-ovo_29_t166_aug_0.png,41681,0,0,0.0,32366,0.7765168781939012,74047,0.87098840834721,0
e8afbefa-ovo_29_t166_aug_1.png,41680,0,0,0.0,32366,0.7765355086372361,74046,0.7504637262770041,0
e8afbefa-ovo_29_t166_aug_2.png,41684,0,0,0.0,32368,0.7765089722675367,74052,0.7742333341433613,0
e8aff029-ovo_17_t106.png,47505,0,0,0.0,39474,0.8309441111461952,86979,0.8642270632584064,0
e8aff029-ovo_17_t106_aug_0.png,47505,0,0,0.0,39474,0.8309441111461952,86979,0.8642270632584064,0
e8aff029-ovo_17_t106_aug_1.png,47505,0,0,0.0,39474,0.8309441111461952,86979,0.8642270632584064,0
e8aff029-ovo_17_t106_aug_2.png,47503,0,0,0.0,39476,0.8310211986611372,86979,0.8595079987740036,0
e8d9bb0b-ovo_29_t171.png,42019,0,0,0.0,33114,0.7880720626383303,75133,0.8914037344387995,0
e8d9bb0b-ovo_29_t171_aug_0.png,42019,0,0,0.0,33114,0.7880720626383303,75133,0.8914037344387995,0
e8d9bb0b-ovo_29_t171_aug_1.png,42019,0,0,0.0,33114,0.7880720626383303,75133,0.8914037344387995,0
e8d9bb0b-ovo_29_t171_aug_2.png,42021,0,0,0.0,33112,0.7879869589015016,75133,0.8806261516879371,0
e91e8f4b-ovo_06_t186.png,30627,0,0,0.0,61397,2.004669082835407,92024,0.8841932790582808,0
e91e8f4b-ovo_06_t186_aug_0.png,30627,0,0,0.0,61315,2.0019917066640547,91942,0.8479219521283223,0
e91e8f4b-ovo_06_t186_aug_1.png,30637,0,0,0.0,61081,1.9937004275875576,91718,0.8159243420107936,0
e91e8f4b-ovo_06_t186_aug_2.png,30627,0,0,0.0,61305,2.0016651973748654,91932,0.8697489595809608,0
e93385fa-eovo_593_t1.png,95166,0,0,0.0,101589,1.0674925918920624,196755,0.860721411685418,0
e93385fa-eovo_593_t1_aug_0.png,95168,0,0,0.0,101579,1.0673650806993948,196747,0.7415148532826261,0
e93385fa-eovo_593_t1_aug_1.png,95165,0,0,0.0,101581,1.067419744654022,196746,0.756769233478895,0
e93385fa-eovo_593_t1_aug_2.png,95165,0,0,0.0,101587,1.067482793043661,196752,0.758860427081663,0
e9445702-ovo_52_t126.png,45950,0,0,0.0,34920,0.7599564744287268,80870,0.869618470294852,0
e9445702-ovo_52_t126_aug_0.png,45950,0,0,0.0,34920,0.7599564744287268,80870,0.869618470294852,0
e9445702-ovo_52_t126_aug_1.png,45950,0,0,0.0,34920,0.7599564744287268,80870,0.869618470294852,0
e9445702-ovo_52_t126_aug_2.png,45949,0,0,0.0,34920,0.7599730135585105,80869,0.7551026952575952,0
e98ef409-eovo_362_t1.png,0,0,0,0.0,203212,0.0,203212,0.8729214794541653,0
e98ef409-eovo_362_t1_aug_0.png,0,0,0,0.0,203212,0.0,203212,0.8729214794541653,0
e98ef409-eovo_362_t1_aug_1.png,0,0,0,0.0,203214,0.0,203214,0.818400152755779,0
e98ef409-eovo_362_t1_aug_2.png,0,0,0,0.0,203212,0.0,203212,0.8729214794541653,0
e9a1f3bf-ovo_06_t256.png,29267,0,0,0.0,63286,2.162367171216729,92553,0.8871594178352887,0
e9a1f3bf-ovo_06_t256_aug_0.png,29267,0,0,0.0,63221,2.1601462397922573,92488,0.8679376123442818,0
e9a1f3bf-ovo_06_t256_aug_1.png,29268,0,0,0.0,62639,2.140187235205685,91907,0.7995322241352703,0
e9a1f3bf-ovo_06_t256_aug_2.png,29267,0,0,0.0,63286,2.162367171216729,92553,0.8871594178352887,0
e9c52698-ovo_53_t191.png,42270,0,0,0.0,37724,0.8924532765554767,79994,0.8847529771689012,0
e9c52698-ovo_53_t191_aug_0.png,42269,0,0,0.0,37728,0.892569022214862,79997,0.8515161997403015,0
e9c52698-ovo_53_t191_aug_1.png,42270,0,0,0.0,37724,0.8924532765554767,79994,0.8847529771689012,0
e9c52698-ovo_53_t191_aug_2.png,42270,0,0,0.0,37724,0.8924532765554767,79994,0.8847529771689012,0
e9ce9f2a-ovo_06_t216.png,30099,0,0,0.0,61756,2.051762517027144,91855,0.8776534318207437,0
e9ce9f2a-ovo_06_t216_aug_0.png,30099,0,0,0.0,61756,2.051762517027144,91855,0.8776534318207437,0
e9ce9f2a-ovo_06_t216_aug_1.png,30099,0,0,0.0,61756,2.051762517027144,91855,0.8776534318207437,0
e9ce9f2a-ovo_06_t216_aug_2.png,30101,0,0,0.0,61753,2.051526527357895,91854,0.8724129367648197,0
e9d3283c-ovo_05_t31.png,47376,0,0,0.0,42130,0.8892688280986153,89506,0.8808654818290206,0
e9d3283c-ovo_05_t31_aug_0.png,47376,0,0,0.0,42130,0.8892688280986153,89506,0.8808654818290206,0
e9d3283c-ovo_05_t31_aug_1.png,47377,0,0,0.0,42123,0.8891023070266163,89500,0.7969982100493667,0
e9d3283c-ovo_05_t31_aug_2.png,47382,0,0,0.0,42133,0.8892195348444557,89515,0.8004879827988959,0
e9fc4fa2-ovo_52_t66.png,44137,0,0,0.0,34829,0.7891111765638806,78966,0.8715943955602354,0
e9fc4fa2-ovo_52_t66_aug_0.png,44137,0,0,0.0,34829,0.7891111765638806,78966,0.8715943955602354,0
e9fc4fa2-ovo_52_t66_aug_1.png,44132,0,0,0.0,34842,0.7894951509109036,78974,0.7659776234380927,0
e9fc4fa2-ovo_52_t66_aug_2.png,44137,0,0,0.0,34829,0.7891111765638806,78966,0.8715943955602354,0
ea1cd5f4-ovo_53_t231.png,44967,0,0,0.0,35731,0.79460493250606,80698,0.8753373549210279,0
ea1cd5f4-ovo_53_t231_aug_0.png,44967,0,0,0.0,35731,0.79460493250606,80698,0.8753373549210279,0
ea1cd5f4-ovo_53_t231_aug_1.png,44967,0,0,0.0,35731,0.79460493250606,80698,0.8753373549210279,0
ea1cd5f4-ovo_53_t231_aug_2.png,44965,0,0,0.0,35732,0.7946625152896697,80697,0.8178117015828047,0
ea5f7ca0-ovo_09_t261.png,45620,0,0,0.0,35538,0.7790004384042086,81158,0.86869359824907,0
ea5f7ca0-ovo_09_t261_aug_0.png,45620,0,0,0.0,35538,0.7790004384042086,81158,0.86869359824907,0
ea5f7ca0-ovo_09_t261_aug_1.png,45619,0,0,0.0,35539,0.7790394353230014,81158,0.8641522579615912,0
ea5f7ca0-ovo_09_t261_aug_2.png,45618,0,0,0.0,35535,0.7789688280941733,81153,0.7686993937966634,0
ea7aaf34-ovo_06_t136.png,30803,0,0,0.0,63218,2.052332565009902,94021,0.8854484008954411,0
ea7aaf34-ovo_06_t136_aug_0.png,30804,0,0,0.0,62885,2.041455655109726,93689,0.829095694262241,0
ea7aaf34-ovo_06_t136_aug_1.png,30803,0,0,0.0,63218,2.052332565009902,94021,0.8854484008954411,0
ea7aaf34-ovo_06_t136_aug_2.png,30803,0,0,0.0,63218,2.052332565009902,94021,0.8854484008954411,0
eae7e93b-ovo_35_t76.png,49608,0,0,0.0,33603,0.6773705853894533,83211,0.882506492207928,0
eae7e93b-ovo_35_t76_aug_0.png,49606,0,0,0.0,33601,0.6773575777123735,83207,0.8456122901670632,0
eae7e93b-ovo_35_t76_aug_1.png,49610,0,0,0.0,33596,0.6772021769804475,83206,0.8646761300660577,0
eae7e93b-ovo_35_t76_aug_2.png,49612,0,0,0.0,33607,0.6773965975973555,83219,0.8470001619685591,0
eaed65e2-ovo_19_t211.png,46170,0,0,0.0,15884,0.3440329218106996,62054,0.1416295065905757,2
eaed65e2-ovo_19_t211_aug_0.png,46170,0,0,0.0,15884,0.3440329218106996,62054,0.1416295065905757,2
eaed65e2-ovo_19_t211_aug_1.png,46170,0,0,0.0,15884,0.3440329218106996,62054,0.1416295065905757,2
eaed65e2-ovo_19_t211_aug_2.png,46170,0,0,0.0,15884,0.3440329218106996,62054,0.1416295065905757,2
ebadd791-ovo_52_t221.png,46019,0,0,0.0,35050,0.7616419305069645,81069,0.8731125401541311,0
ebadd791-ovo_52_t221_aug_0.png,46019,0,0,0.0,35050,0.7616419305069645,81069,0.8731125401541311,0
ebadd791-ovo_52_t221_aug_1.png,46018,0,0,0.0,35052,0.7617019427180668,81070,0.8094038438413547,0
ebadd791-ovo_52_t221_aug_2.png,46019,0,0,0.0,35050,0.7616419305069645,81069,0.8731125401541311,0
ebede86a-ovo_06_t261.png,29659,0,0,0.0,62946,2.1223237465861966,92605,0.8939318701256128,0
ebede86a-ovo_06_t261_aug_0.png,29661,0,0,0.0,62887,2.120191497252284,92548,0.88545415358622,0
ebede86a-ovo_06_t261_aug_1.png,29659,0,0,0.0,62815,2.117906874810344,92474,0.8540991988425405,0
ebede86a-ovo_06_t261_aug_2.png,29659,0,0,0.0,62694,2.1138271688189083,92353,0.8317293635423897,0
ec7699ff-ovo_18_t196.png,42612,0,0,0.0,29524,0.6928564723552051,72136,0.8833074321193057,0
ec7699ff-ovo_18_t196_aug_0.png,42613,0,0,0.0,29520,0.6927463450120855,72133,0.8309326671320485,0
ec7699ff-ovo_18_t196_aug_1.png,42615,0,0,0.0,29524,0.6928076968203685,72139,0.8478601097987968,0
ec7699ff-ovo_18_t196_aug_2.png,42612,0,0,0.0,29524,0.6928564723552051,72136,0.8833074321193057,0
ecc99390-eovo_373_t1.png,0,0,0,0.0,185217,0.0,185217,0.8496404387193622,0
ecc99390-eovo_373_t1_aug_0.png,0,0,0,0.0,185217,0.0,185217,0.7452446176483407,0
ecc99390-eovo_373_t1_aug_1.png,0,0,0,0.0,185217,0.0,185217,0.8496404387193622,0
ecc99390-eovo_373_t1_aug_2.png,0,0,0,0.0,185220,0.0,185220,0.8364489713893566,0
ed2c7930-ovo_18_t201.png,33771,0,0,0.0,13895,0.4114476918065796,47666,0.7838205650239536,0
ed2c7930-ovo_18_t201_aug_0.png,33771,0,0,0.0,13895,0.4114476918065796,47666,0.7838205650239536,0
ed2c7930-ovo_18_t201_aug_1.png,33764,0,0,0.0,13892,0.4114441416893733,47656,0.6872050033042831,0
ed2c7930-ovo_18_t201_aug_2.png,33771,0,0,0.0,13895,0.4114476918065796,47666,0.7838205650239536,0
ede43a6a-ovo_01_t256.png,46129,0,0,0.0,34344,0.7445208003641961,80473,0.8545778612617697,0
ede43a6a-ovo_01_t256_aug_0.png,46129,0,0,0.0,34353,0.7447159053957381,80482,0.7525234022952128,0
ede43a6a-ovo_01_t256_aug_1.png,46135,0,0,0.0,34338,0.7442939200173404,80473,0.7623891721351292,0
ede43a6a-ovo_01_t256_aug_2.png,46126,0,0,0.0,34348,0.7446559424185926,80474,0.783077518290185,0
ee5e3ab0-ovo_10_t86.png,44649,0,0,0.0,35223,0.7888866491970705,79872,0.8790963531680019,0
ee5e3ab0-ovo_10_t86_aug_0.png,44649,0,0,0.0,35222,0.7888642522788865,79871,0.8158172878922142,0
ee5e3ab0-ovo_10_t86_aug_1.png,44646,0,0,0.0,35227,0.7890292523406353,79873,0.7929675247622195,0
ee5e3ab0-ovo_10_t86_aug_2.png,44642,0,0,0.0,35238,0.7893463554500246,79880,0.760510281064406,0
ee7aeb4d-ovo_47_t201.png,41195,0,0,0.0,46813,1.1363757737589513,88008,0.872414378330545,0
ee7aeb4d-ovo_47_t201_aug_0.png,41195,0,0,0.0,46813,1.1363757737589513,88008,0.872414378330545,0
ee7aeb4d-ovo_47_t201_aug_1.png,41195,0,0,0.0,46813,1.1363757737589513,88008,0.872414378330545,0
ee7aeb4d-ovo_47_t201_aug_2.png,41195,0,0,0.0,46813,1.1363757737589513,88008,0.872414378330545,0
eed0ba04-ovo_55_t161.png,46199,0,0,0.0,32473,0.7028940020346761,78672,0.8774477683441829,0
eed0ba04-ovo_55_t161_aug_0.png,46199,0,0,0.0,32476,0.7029589385051624,78675,0.8284949378700384,0
eed0ba04-ovo_55_t161_aug_1.png,46202,0,0,0.0,32473,0.7028483615427904,78675,0.8137646882249789,0
eed0ba04-ovo_55_t161_aug_2.png,46200,0,0,0.0,32480,0.703030303030303,78680,0.7472676197977693,0
eee0814a-ovo_32_t106.png,44849,0,0,0.0,33779,0.7531717541082298,78628,0.8890369712941392,0
eee0814a-ovo_32_t106_aug_0.png,44855,0,0,0.0,33764,0.7527365956972467,78619,0.7722829109793791,0
eee0814a-ovo_32_t106_aug_1.png,44849,0,0,0.0,33779,0.7531717541082298,78628,0.8890369712941392,0
eee0814a-ovo_32_t106_aug_2.png,44849,0,0,0.0,33779,0.7531717541082298,78628,0.8890369712941392,0
ef311b88-ovo_53_t256.png,45225,0,0,0.0,39571,0.8749806522940852,84796,0.88031849043317,0
ef311b88-ovo_53_t256_aug_0.png,45222,0,0,0.0,39577,0.8751713767635222,84799,0.752768580315468,0
ef311b88-ovo_53_t256_aug_1.png,45219,0,0,0.0,39566,0.8749861783763462,84785,0.7611243701803374,0
ef311b88-ovo_53_t256_aug_2.png,45225,0,0,0.0,39571,0.8749806522940852,84796,0.88031849043317,0
ef893fe5-ovo_51_t236.png,46207,0,0,0.0,36439,0.7886034583504664,82646,0.8789227330676526,0
ef893fe5-ovo_51_t236_aug_0.png,46207,0,0,0.0,36439,0.7886034583504664,82646,0.8789227330676526,0
ef893fe5-ovo_51_t236_aug_1.png,46207,0,0,0.0,36439,0.7886034583504664,82646,0.8789227330676526,0
ef893fe5-ovo_51_t236_aug_2.png,46207,0,0,0.0,36439,0.7886034583504664,82646,0.8789227330676526,0
efd9b4b8-ovo_06_t16.png,34269,0,0,0.0,56002,1.6341883334792378,90271,0.8649696459359635,0
efd9b4b8-ovo_06_t16_aug_0.png,34267,0,0,0.0,55866,1.6303148802054457,90133,0.7992105986918688,0
efd9b4b8-ovo_06_t16_aug_1.png,34269,0,0,0.0,56002,1.6341883334792378,90271,0.8649696459359635,0
efd9b4b8-ovo_06_t16_aug_2.png,34269,0,0,0.0,56002,1.6341883334792378,90271,0.8649696459359635,0
f039bc58-ovo_55_t1.png,40896,0,0,0.0,41456,1.0136932707355242,82352,0.8714216547797358,0
f039bc58-ovo_55_t1_aug_0.png,40896,0,0,0.0,41456,1.0136932707355242,82352,0.8714216547797358,0
f039bc58-ovo_55_t1_aug_1.png,40892,0,0,0.0,41460,1.01389024748117,82352,0.7890546744157123,0
f039bc58-ovo_55_t1_aug_2.png,40904,0,0,0.0,41454,1.0134461177390963,82358,0.7700235821084797,0
f0c85e10-ovo_52_t76.png,43885,0,0,0.0,34554,0.7873760966161558,78439,0.8805225171807789,0
f0c85e10-ovo_52_t76_aug_0.png,43884,0,0,0.0,34555,0.7874168261781059,78439,0.8290473886690052,0
f0c85e10-ovo_52_t76_aug_1.png,43881,0,0,0.0,34557,0.7875162370957818,78438,0.7900836289751506,0
f0c85e10-ovo_52_t76_aug_2.png,43885,0,0,0.0,34554,0.7873760966161558,78439,0.8805225171807789,0
f0edf92a-ovo_12_t46.png,45768,0,0,0.0,25275,0.5522417409543786,71043,0.8637812420072866,0
f0edf92a-ovo_12_t46_aug_0.png,45768,0,0,0.0,25275,0.5522417409543786,71043,0.8637812420072866,0
f0edf92a-ovo_12_t46_aug_1.png,45766,0,0,0.0,25278,0.5523314250753835,71044,0.760280217191799,0
f0edf92a-ovo_12_t46_aug_2.png,45769,0,0,0.0,25277,0.5522733728069217,71046,0.779453059437429,0
f1d4ae79-eovo_83_t1.png,0,0,0,0.0,215763,0.0,215763,0.8633870061713456,0
f1d4ae79-eovo_83_t1_aug_0.png,0,0,0,0.0,215761,0.0,215761,0.7850226712876859,0
f1d4ae79-eovo_83_t1_aug_1.png,0,0,0,0.0,215768,0.0,215768,0.7421905658406726,0
f1d4ae79-eovo_83_t1_aug_2.png,0,0,0,0.0,215763,0.0,215763,0.8633870061713456,0
f1f3d2c4-ovo_21_t91.png,45086,0,0,0.0,29359,0.651177749190436,74445,0.8715476019528178,0
f1f3d2c4-ovo_21_t91_aug_0.png,45085,0,0,0.0,29359,0.6511921925252301,74444,0.8471401863634532,0
f1f3d2c4-ovo_21_t91_aug_1.png,45086,0,0,0.0,29359,0.651177749190436,74445,0.8715476019528178,0
f1f3d2c4-ovo_21_t91_aug_2.png,45086,0,0,0.0,29359,0.651177749190436,74445,0.8715476019528178,0
f242df37-ovo_11_t146.png,43668,0,0,0.0,29063,0.6655445635247779,72731,0.8607569675855294,0
f242df37-ovo_11_t146_aug_0.png,43668,0,0,0.0,29067,0.6656361637812586,72735,0.8153506748368553,0
f242df37-ovo_11_t146_aug_1.png,43668,0,0,0.0,29063,0.6655445635247779,72731,0.8607569675855294,0
f242df37-ovo_11_t146_aug_2.png,43668,0,0,0.0,29063,0.6655445635247779,72731,0.8607569675855294,0
f27efc34-ovo_52_t261.png,44903,0,0,0.0,34030,0.7578558225508318,78933,0.8673517409405329,0
f27efc34-ovo_52_t261_aug_0.png,44903,0,0,0.0,34030,0.7578558225508318,78933,0.8673517409405329,0
f27efc34-ovo_52_t261_aug_1.png,44896,0,0,0.0,34037,0.7581299002138275,78933,0.7432694214457766,0
f27efc34-ovo_52_t261_aug_2.png,44909,0,0,0.0,34021,0.757554165089403,78930,0.8386370450013543,0
f2b72162-ovo_08_t181.png,44285,0,0,0.0,29389,0.663633284407813,73674,0.8632653626533712,0
f2b72162-ovo_08_t181_aug_0.png,44285,0,0,0.0,29389,0.663633284407813,73674,0.8632653626533712,0
f2b72162-ovo_08_t181_aug_1.png,44285,0,0,0.0,29389,0.663633284407813,73674,0.8632653626533712,0
f2b72162-ovo_08_t181_aug_2.png,44285,0,0,0.0,29389,0.663633284407813,73674,0.8632653626533712,0
f2f74ea4-eovo_413_t1.png,98471,0,0,0.0,111988,1.1372688405723512,210459,0.8363919782337078,0
f2f74ea4-eovo_413_t1_aug_0.png,98474,0,0,0.0,111987,1.1372240388325852,210461,0.7355875650768965,0
f2f74ea4-eovo_413_t1_aug_1.png,98471,0,0,0.0,111988,1.1372688405723512,210459,0.8363919782337078,0
f2f74ea4-eovo_413_t1_aug_2.png,98471,0,0,0.0,111988,1.1372688405723512,210459,0.8363919782337078,0
f34aee18-ovo_20_t86.png,47004,0,0,0.0,37104,0.7893796272657646,84108,0.8664061682684767,0
f34aee18-ovo_20_t86_aug_0.png,47006,0,0,0.0,37102,0.7893034931710845,84108,0.8450565627635719,0
f34aee18-ovo_20_t86_aug_1.png,46999,0,0,0.0,37106,0.7895061597055256,84105,0.7443296689242165,0
f34aee18-ovo_20_t86_aug_2.png,47004,0,0,0.0,37104,0.7893796272657646,84108,0.8664061682684767,0
f3c8df61-ovo_51_t241.png,45711,0,0,0.0,34665,0.7583513815055457,80376,0.8743717533900247,0
f3c8df61-ovo_51_t241_aug_0.png,45711,0,0,0.0,34665,0.7583513815055457,80376,0.8743717533900247,0
f3c8df61-ovo_51_t241_aug_1.png,45711,0,0,0.0,34665,0.7583513815055457,80376,0.8743717533900247,0
f3c8df61-ovo_51_t241_aug_2.png,45707,0,0,0.0,34669,0.7585052617760956,80376,0.796971615214215,0
f4e9852a-ovo_55_t51.png,45632,0,0,0.0,36484,0.7995266479663394,82116,0.878797599301632,0
f4e9852a-ovo_55_t51_aug_0.png,45625,0,0,0.0,36494,0.799868493150685,82119,0.788435663311007,0
f4e9852a-ovo_55_t51_aug_1.png,45640,0,0,0.0,36473,0.799145486415425,82113,0.8151790166614197,0
f4e9852a-ovo_55_t51_aug_2.png,45632,0,0,0.0,36484,0.7995266479663394,82116,0.878797599301632,0
f53291ae-eovo_14_t1.png,0,0,0,0.0,217671,0.0,217671,0.8763097781588337,0
f53291ae-eovo_14_t1_aug_0.png,0,0,0,0.0,217675,0.0,217675,0.8318342250441528,0
f53291ae-eovo_14_t1_aug_1.png,0,0,0,0.0,217671,0.0,217671,0.8763097781588337,0
f53291ae-eovo_14_t1_aug_2.png,0,0,0,0.0,217668,0.0,217668,0.8198307911042049,0
f55bd045-ovo_06_t46.png,32398,0,0,0.0,59474,1.8357306006543612,91872,0.860830309970739,0
f55bd045-ovo_06_t46_aug_0.png,32396,0,0,0.0,59294,1.830287689838252,91690,0.7563288582565737,0
f55bd045-ovo_06_t46_aug_1.png,32398,0,0,0.0,59474,1.8357306006543612,91872,0.860830309970739,0
f55bd045-ovo_06_t46_aug_2.png,32401,0,0,0.0,59053,1.822567204715904,91454,0.7616679497716744,0
f5c4827b-eovo_503_t1.png,86615,0,0,0.0,121099,1.398129654216937,207714,0.874013992215863,0
f5c4827b-eovo_503_t1_aug_0.png,86630,0,0,0.0,121078,1.3976451575666629,207708,0.7524911746872611,0
f5c4827b-eovo_503_t1_aug_1.png,86615,0,0,0.0,121099,1.398129654216937,207714,0.874013992215863,0
f5c4827b-eovo_503_t1_aug_2.png,86614,0,0,0.0,121100,1.398157341769229,207714,0.8403309060851832,0
f5c6b8f6-ovo_50_t86.png,44495,0,0,0.0,49072,1.1028654905045512,93567,0.8815469327311868,0
f5c6b8f6-ovo_50_t86_aug_0.png,44495,0,0,0.0,49072,1.1028654905045512,93567,0.8815469327311868,0
f5c6b8f6-ovo_50_t86_aug_1.png,44495,0,0,0.0,49072,1.1028654905045512,93567,0.8815469327311868,0
f5c6b8f6-ovo_50_t86_aug_2.png,44500,0,0,0.0,49068,1.1026516853932584,93568,0.7997993802772427,0
f5d68cb4-ovo_47_t111.png,40168,0,0,0.0,44158,1.0993328022306317,84326,0.8777682956426653,0
f5d68cb4-ovo_47_t111_aug_0.png,40170,0,0,0.0,44156,1.0992282798108042,84326,0.8644698799397788,0
f5d68cb4-ovo_47_t111_aug_1.png,40168,0,0,0.0,44158,1.0993328022306317,84326,0.8777682956426653,0
f5d68cb4-ovo_47_t111_aug_2.png,40168,0,0,0.0,44158,1.0993328022306317,84326,0.8777682956426653,0
f674d71f-ovo_05_t156.png,48099,0,0,0.0,41815,0.8693527931973638,89914,0.8880929999090023,0
f674d71f-ovo_05_t156_aug_0.png,48098,0,0,0.0,41819,0.869454031352655,89917,0.7978534225965719,0
f674d71f-ovo_05_t156_aug_1.png,48099,0,0,0.0,41815,0.8693527931973638,89914,0.8880929999090023,0
f674d71f-ovo_05_t156_aug_2.png,48099,0,0,0.0,41815,0.8693527931973638,89914,0.8880929999090023,0
f6bc0a19-ovo_11_t276.png,43365,0,0,0.0,31517,0.7267842730312464,74882,0.875854104524984,0
f6bc0a19-ovo_11_t276_aug_0.png,43365,0,0,0.0,31517,0.7267842730312464,74882,0.8258270868739769,0
f6bc0a19-ovo_11_t276_aug_1.png,43365,0,0,0.0,31517,0.7267842730312464,74882,0.875854104524984,0
f6bc0a19-ovo_11_t276_aug_2.png,43365,0,0,0.0,31517,0.7267842730312464,74882,0.875854104524984,0
f6f4969f-eovo_583_t1.png,97249,0,0,0.0,121936,1.2538535100618,219185,0.8677451148792669,0
f6f4969f-eovo_583_t1_aug_0.png,97249,0,0,0.0,121936,1.2538535100618,219185,0.8677451148792669,0
f6f4969f-eovo_583_t1_aug_1.png,97249,0,0,0.0,121936,1.2538535100618,219185,0.8677451148792669,0
f6f4969f-eovo_583_t1_aug_2.png,97252,0,0,0.0,121934,1.2537942664418211,219186,0.7542233839521277,0
f6f5794d-ovo_55_t181.png,45338,0,0,0.0,33604,0.7411884070757422,78942,0.8761734488706808,0
f6f5794d-ovo_55_t181_aug_0.png,45338,0,0,0.0,33604,0.7411884070757422,78942,0.8761734488706808,0
f6f5794d-ovo_55_t181_aug_1.png,45338,0,0,0.0,33604,0.7411884070757422,78942,0.8761734488706808,0
f6f5794d-ovo_55_t181_aug_2.png,45338,0,0,0.0,33604,0.7411884070757422,78942,0.8761734488706808,0
f89cb0ed-ovo_05_t26.png,47363,0,0,0.0,44262,0.9345269514177734,91625,0.8874852886103585,0
f89cb0ed-ovo_05_t26_aug_0.png,47363,0,0,0.0,44262,0.9345269514177734,91625,0.8874852886103585,0
f89cb0ed-ovo_05_t26_aug_1.png,47369,0,0,0.0,44245,0.9340496949481728,91614,0.7940870304163317,0
f89cb0ed-ovo_05_t26_aug_2.png,47363,0,0,0.0,44262,0.9345269514177734,91625,0.8874852886103585,0
f89e8609-ovo_38_t231.png,51229,0,0,0.0,36001,0.7027464912451932,87230,0.8910774375039395,0
f89e8609-ovo_38_t231_aug_0.png,51229,0,0,0.0,36001,0.7027464912451932,87230,0.8910774375039395,0
f89e8609-ovo_38_t231_aug_1.png,51227,0,0,0.0,36001,0.7027739278115056,87228,0.8865069706266059,0
f89e8609-ovo_38_t231_aug_2.png,51232,0,0,0.0,35992,0.7025296689569019,87224,0.809025427671937,0
f8d978b2-ovo_55_t6.png,43584,0,0,0.0,39019,0.8952597283406755,82603,0.8754272406717944,0
f8d978b2-ovo_55_t6_aug_0.png,43584,0,0,0.0,39019,0.8952597283406755,82603,0.8754272406717944,0
f8d978b2-ovo_55_t6_aug_1.png,43584,0,0,0.0,39019,0.8952597283406755,82603,0.8754272406717944,0
f8d978b2-ovo_55_t6_aug_2.png,43584,0,0,0.0,39019,0.8952597283406755,82603,0.8754272406717944,0
f8eb4c31-eovo_656_t1.png,95803,0,0,0.0,119882,1.2513386845923404,215685,0.8667375220829103,0
f8eb4c31-eovo_656_t1_aug_0.png,95813,0,0,0.0,119861,1.2509889054721175,215674,0.7522830434330238,0
f8eb4c31-eovo_656_t1_aug_1.png,95795,0,0,0.0,119888,1.251505819719192,215683,0.7794958229564996,0
f8eb4c31-eovo_656_t1_aug_2.png,95797,0,0,0.0,119883,1.251427497729574,215680,0.8190489620440948,0
f92f5781-ovo_24_t256.png,41505,0,0,0.0,37137,0.8947596675099385,78642,0.8833704393135412,0
f92f5781-ovo_24_t256_aug_0.png,41499,0,0,0.0,37147,0.8951300031326056,78646,0.8322937174894921,0
f92f5781-ovo_24_t256_aug_1.png,41508,0,0,0.0,37137,0.8946949985544955,78645,0.835564049222041,0
f92f5781-ovo_24_t256_aug_2.png,41498,0,0,0.0,37134,0.8948383054605041,78632,0.7553688094304651,0
f945fc33-ovo_06_t51.png,33384,0,0,0.0,59803,1.7913671219745986,93187,0.8902789440529549,0
f945fc33-ovo_06_t51_aug_0.png,33383,0,0,0.0,59797,1.7912410508342569,93180,0.8740744944087517,0
f945fc33-ovo_06_t51_aug_1.png,33382,0,0,0.0,59593,1.7851836318974297,92975,0.8557686855568134,0
f945fc33-ovo_06_t51_aug_2.png,33384,0,0,0.0,59803,1.7913671219745986,93187,0.8902789440529549,0
fa3caf2a-ovo_05_t76.png,47021,0,0,0.0,42374,0.9011718168477916,89395,0.8751871141504112,0
fa3caf2a-ovo_05_t76_aug_0.png,47021,0,0,0.0,42374,0.9011718168477916,89395,0.8751871141504112,0
fa3caf2a-ovo_05_t76_aug_1.png,47021,0,0,0.0,42374,0.9011718168477916,89395,0.8751871141504112,0
fa3caf2a-ovo_05_t76_aug_2.png,47016,0,0,0.0,42373,0.9012463842096308,89389,0.7683183711498563,0
faad23d4-ovo_53_t266.png,45742,0,0,0.0,36944,0.80766035590923,82686,0.8799484246837073,0
faad23d4-ovo_53_t266_aug_0.png,45742,0,0,0.0,36944,0.80766035590923,82686,0.8799484246837073,0
faad23d4-ovo_53_t266_aug_1.png,45742,0,0,0.0,36944,0.80766035590923,82686,0.8799484246837073,0
faad23d4-ovo_53_t266_aug_2.png,45742,0,0,0.0,36944,0.80766035590923,82686,0.8799484246837073,0
facfd83d-ovo_55_t206.png,44150,0,0,0.0,36766,0.8327519818799547,80916,0.8741128419873787,0
facfd83d-ovo_55_t206_aug_0.png,44152,0,0,0.0,36773,0.8328728030440297,80925,0.7835424476109801,0
facfd83d-ovo_55_t206_aug_1.png,44150,0,0,0.0,36765,0.8327293318233295,80915,0.8689473704544852,0
facfd83d-ovo_55_t206_aug_2.png,44153,0,0,0.0,36764,0.8326501030507554,80917,0.7798949046641483,0
fb099c06-ovo_05_t161.png,48252,0,0,0.0,41622,0.8625963690624223,89874,0.8847102994946503,0
fb099c06-ovo_05_t161_aug_0.png,48252,0,0,0.0,41622,0.8625963690624223,89874,0.8847102994946503,0
fb099c06-ovo_05_t161_aug_1.png,48249,0,0,0.0,41628,0.8627743580177828,89877,0.8737148466527769,0
fb099c06-ovo_05_t161_aug_2.png,48254,0,0,0.0,41623,0.8625813404070128,89877,0.79276678501831,0
fb9968b8-eovo_147_t1.png,0,0,0,0.0,199995,0.0,199995,0.8724379625149498,0
fb9968b8-eovo_147_t1_aug_0.png,0,0,0,0.0,200000,0.0,200000,0.8641249653396698,0
fb9968b8-eovo_147_t1_aug_1.png,0,0,0,0.0,199989,0.0,199989,0.7616215484851656,0
fb9968b8-eovo_147_t1_aug_2.png,0,0,0,0.0,199995,0.0,199995,0.8116001370367217,0
fbbb4b8b-ovo_35_t166.png,47918,0,0,0.0,33460,0.6982762218790434,81378,0.8744860737355331,0
fbbb4b8b-ovo_35_t166_aug_0.png,47927,0,0,0.0,33452,0.6979781751413608,81379,0.8019163211982893,0
fbbb4b8b-ovo_35_t166_aug_1.png,47923,0,0,0.0,33462,0.6982451015170169,81385,0.7680739479868502,0
fbbb4b8b-ovo_35_t166_aug_2.png,47918,0,0,0.0,33460,0.6982762218790434,81378,0.8744860737355331,0
fc43f0ce-eovo_561_t1.png,94019,0,0,0.0,126412,1.3445367425733097,220431,0.8858227479970404,0
fc43f0ce-eovo_561_t1_aug_0.png,94019,0,0,0.0,126412,1.3445367425733097,220431,0.8858227479970404,0
fc43f0ce-eovo_561_t1_aug_1.png,94019,0,0,0.0,126412,1.3445367425733097,220431,0.8858227479970404,0
fc43f0ce-eovo_561_t1_aug_2.png,94019,0,0,0.0,126412,1.3445367425733097,220431,0.8858227479970404,0
fc89c51f-ovo_14_t106.png,47287,0,0,0.0,38263,0.80916530970457,85550,0.872369885116164,0
fc89c51f-ovo_14_t106_aug_0.png,47287,0,0,0.0,38263,0.80916530970457,85550,0.872369885116164,0
fc89c51f-ovo_14_t106_aug_1.png,47287,0,0,0.0,38263,0.80916530970457,85550,0.872369885116164,0
fc89c51f-ovo_14_t106_aug_2.png,47297,0,0,0.0,38241,0.8085290821828023,85538,0.7555878719438583,0
fc97fdb4-ovo_52_t226.png,46185,0,0,0.0,36977,0.8006279094944246,83162,0.8687319609895378,0
fc97fdb4-ovo_52_t226_aug_0.png,46185,0,0,0.0,36977,0.8006279094944246,83162,0.8687319609895378,0
fc97fdb4-ovo_52_t226_aug_1.png,46178,0,0,0.0,36986,0.800944172549699,83164,0.777501450514393,0
fc97fdb4-ovo_52_t226_aug_2.png,46180,0,0,0.0,36996,0.8011260285838026,83176,0.8098973060876449,0
fd8fbc05-ovo_05_t71.png,46635,0,0,0.0,45088,0.966827490082556,91723,0.8880651078860786,0
fd8fbc05-ovo_05_t71_aug_0.png,46640,0,0,0.0,45085,0.9666595197255574,91725,0.7897663137463576,0
fd8fbc05-ovo_05_t71_aug_1.png,46635,0,0,0.0,45088,0.966827490082556,91723,0.8880651078860786,0
fd8fbc05-ovo_05_t71_aug_2.png,46636,0,0,0.0,45082,0.9666781027532378,91718,0.7791211731811559,0
fda3b745-ovo_05_t141.png,47918,0,0,0.0,44322,0.9249551316832922,92240,0.8873668405456953,0
fda3b745-ovo_05_t141_aug_0.png,47918,0,0,0.0,44322,0.9249551316832922,92240,0.8873668405456953,0
fda3b745-ovo_05_t141_aug_1.png,47917,0,0,0.0,44324,0.92501617380053,92241,0.8553391098310175,0
fda3b745-ovo_05_t141_aug_2.png,47918,0,0,0.0,44322,0.9249551316832922,92240,0.8873668405456953,0
fdc73c80-ovo_04_t156.png,46632,0,0,0.0,30865,0.6618845428032253,77497,0.8741828876746983,0
fdc73c80-ovo_04_t156_aug_0.png,46636,0,0,0.0,30861,0.6617420018869543,77497,0.8269117299921042,0
fdc73c80-ovo_04_t156_aug_1.png,46632,0,0,0.0,30855,0.6616700977869274,77487,0.7713917142727093,0
fdc73c80-ovo_04_t156_aug_2.png,46640,0,0,0.0,30850,0.6614493996569468,77490,0.7433750039348873,0
fdd64983-ovo_51_t211.png,45498,0,0,0.0,38114,0.8377071519627236,83612,0.889890272379723,0
fdd64983-ovo_51_t211_aug_0.png,45492,0,0,0.0,38120,0.8379495295876198,83612,0.8789252645793818,0
fdd64983-ovo_51_t211_aug_1.png,45498,0,0,0.0,38121,0.8378610048793353,83619,0.8128623972862178,0
fdd64983-ovo_51_t211_aug_2.png,45498,0,0,0.0,38114,0.8377071519627236,83612,0.889890272379723,0
fdf033b6-ovo_43_t251.png,43976,0,0,0.0,38495,0.8753638348189922,82471,0.8770211152310616,0
fdf033b6-ovo_43_t251_aug_0.png,43978,0,0,0.0,38505,0.8755514120696712,82483,0.7765837005032312,0
fdf033b6-ovo_43_t251_aug_1.png,43967,0,0,0.0,38507,0.8758159528737463,82474,0.7531127422749674,0
fdf033b6-ovo_43_t251_aug_2.png,43976,0,0,0.0,38495,0.8753638348189922,82471,0.8770211152310616,0
fe036454-eovo_404_t1.png,102777,0,0,0.0,117437,1.142638917267482,220214,0.8649053500209181,0
fe036454-eovo_404_t1_aug_0.png,102777,0,0,0.0,117437,1.142638917267482,220214,0.8649053500209181,0
fe036454-eovo_404_t1_aug_1.png,102777,0,0,0.0,117437,1.142638917267482,220214,0.8649053500209181,0
fe036454-eovo_404_t1_aug_2.png,102769,0,0,0.0,117449,1.14284463213615,220218,0.7607729594840209,0
fe07c03e-ovo_04_t226.png,45704,0,0,0.0,33731,0.7380316821284789,79435,0.8679174283814384,0
fe07c03e-ovo_04_t226_aug_0.png,45704,0,0,0.0,33731,0.7380316821284789,79435,0.8679174283814384,0
fe07c03e-ovo_04_t226_aug_1.png,45706,0,0,0.0,33730,0.7379775084234017,79436,0.7685867705941647,0
fe07c03e-ovo_04_t226_aug_2.png,45704,0,0,0.0,33731,0.7380316821284789,79435,0.8679174283814384,0
fe91c6be-ovo_37_t46.png,45804,0,0,0.0,32949,0.7193476552266178,78753,0.8828662468832479,0
fe91c6be-ovo_37_t46_aug_0.png,45800,0,0,0.0,32957,0.7195851528384279,78757,0.7896297901598778,0
fe91c6be-ovo_37_t46_aug_1.png,45804,0,0,0.0,32949,0.7193476552266178,78753,0.8828662468832479,0
fe91c6be-ovo_37_t46_aug_2.png,45804,0,0,0.0,32949,0.7193476552266178,78753,0.8828662468832479,0
fed934ff-eovo_71_t1.png,0,0,0,0.0,220930,0.0,220930,0.8689512679309233,0
fed934ff-eovo_71_t1_aug_0.png,0,0,0,0.0,220930,0.0,220930,0.8689512679309233,0
fed934ff-eovo_71_t1_aug_1.png,0,0,0,0.0,220930,0.0,220930,0.8689512679309233,0
fed934ff-eovo_71_t1_aug_2.png,0,0,0,0.0,220919,0.0,220919,0.7462598368254938,0
ff19d012-eovo_27_t1.png,60,0,0,0.0,207259,3454.3166666666666,207319,0.8239261165594117,0
ff19d012-eovo_27_t1_aug_0.png,60,0,0,0.0,207259,3454.3166666666666,207319,0.8239261165594117,0
ff19d012-eovo_27_t1_aug_1.png,60,0,0,0.0,207258,3454.3,207318,0.728315655692861,0
ff19d012-eovo_27_t1_aug_2.png,59,0,0,0.0,207256,3512.813559322034,207315,0.7758269964361347,0
ffacb006-ovo_29_t211.png,41739,0,0,0.0,31178,0.7469752509643259,72917,0.8725502023096898,0
ffacb006-ovo_29_t211_aug_0.png,41740,0,0,0.0,31181,0.7470292285577383,72921,0.7985351216536694,0
ffacb006-ovo_29_t211_aug_1.png,41739,0,0,0.0,31178,0.7469752509643259,72917,0.8725502023096898,0
ffacb006-ovo_29_t211_aug_2.png,41739,0,0,0.0,31179,0.7469992093725293,72918,0.861565389270557,0
fff50bbd-ovo_31_t226.png,44942,0,0,0.0,24531,0.5458368563926839,69473,0.8767109110827155,0
fff50bbd-ovo_31_t226_aug_0.png,44942,0,0,0.0,24531,0.5458368563926839,69473,0.8767109110827155,0
fff50bbd-ovo_31_t226_aug_1.png,44942,0,0,0.0,24531,0.5458368563926839,69473,0.8767109110827155,0
fff50bbd-ovo_31_t226_aug_2.png,44938,0,0,0.0,24536,0.5459967065735013,69474,0.858670698544159,0
