image_name,cytoplasm_area,polar_body_area,polar_present,polar_ratio,zona_area,zona_ratio,total_area,circularity
0013e016-ovo_55_t16.png,44158,0,0,0,33839,0.766316409,77997,0.876296705
0013e016-ovo_55_t16_aug_0.png,44157,0,0,0,33831,0.766152592,77988,0.755866974
0013e016-ovo_55_t16_aug_1.png,44165,0,0,0,33827,0.765923242,77992,0.820705704
0013e016-ovo_55_t16_aug_2.png,44158,0,0,0,33840,0.766339055,77998,0.8126459
006083a8-eovo_252_t1.png,97701,0,0,0,113191,1.158544948,210892,0.872049384
006083a8-eovo_252_t1_aug_0.png,97706,0,0,0,113188,1.158454957,210894,0.822450951
006083a8-eovo_252_t1_aug_1.png,97699,0,0,0,113196,1.158619843,210895,0.787703363
006083a8-eovo_252_t1_aug_2.png,97701,0,0,0,113191,1.158544948,210892,0.872049384
0096d2c0-ovo_04_t231.png,46362,0,0,0,33903,0.731266986,80265,0.867782319
0096d2c0-ovo_04_t231_aug_0.png,46362,0,0,0,33903,0.731266986,80265,0.867782319
0096d2c0-ovo_04_t231_aug_1.png,46356,0,0,0,33918,0.731685219,80274,0.769175759
0096d2c0-ovo_04_t231_aug_2.png,46362,0,0,0,33903,0.731266986,80265,0.867782319
00d2826d-eovo_33_t1.png,0,0,0,0,214484,0,214484,0.85437462
00d2826d-eovo_33_t1_aug_0.png,0,0,0,0,214484,0,214484,0.85437462
00d2826d-eovo_33_t1_aug_1.png,0,0,0,0,214484,0,214484,0.85437462
00d2826d-eovo_33_t1_aug_2.png,0,0,0,0,214488,0,214488,0.768966071
00e841ce-ovo_47_t231.png,42940,0,0,0,43930,1.023055426,86870,0.879139296
00e841ce-ovo_47_t231_aug_0.png,42940,0,0,0,43930,1.023055426,86870,0.879139296
00e841ce-ovo_47_t231_aug_1.png,42940,0,0,0,43930,1.023055426,86870,0.879139296
00e841ce-ovo_47_t231_aug_2.png,42940,0,0,0,43930,1.023055426,86870,0.879139296
017e0b07-eovo_324_t1.png,94586,0,0,0,141065,1.491394075,235651,0.85669888
017e0b07-eovo_324_t1_aug_0.png,94586,0,0,0,141068,1.491425792,235654,0.773952867
017e0b07-eovo_324_t1_aug_1.png,94586,0,0,0,141065,1.491394075,235651,0.85669888
017e0b07-eovo_324_t1_aug_2.png,94586,0,0,0,141065,1.491394075,235651,0.85669888
0187cfe9-eovo_39_t1.png,0,0,0,0,194872,0,194872,0.848613905
0187cfe9-eovo_39_t1_aug_0.png,0,0,0,0,194872,0,194872,0.848613905
0187cfe9-eovo_39_t1_aug_1.png,0,0,0,0,194873,0,194873,0.846615394
0187cfe9-eovo_39_t1_aug_2.png,0,0,0,0,194872,0,194872,0.848613905
0197f9d0-ovo_55_t261.png,45389,0,0,0,34100,0.751283351,79489,0.883629557
0197f9d0-ovo_55_t261_aug_0.png,45383,0,0,0,34104,0.751470815,79487,0.807724376
0197f9d0-ovo_55_t261_aug_1.png,45389,0,0,0,34100,0.751283351,79489,0.883629557
0197f9d0-ovo_55_t261_aug_2.png,45389,0,0,0,34100,0.751283351,79489,0.883629557
01989a13-ovo_50_t291.png,46664,0,0,0,64887,1.390515172,111551,0.877210358
01989a13-ovo_50_t291_aug_0.png,46664,0,0,0,64887,1.390515172,111551,0.877210358
01989a13-ovo_50_t291_aug_1.png,46666,0,0,0,64885,1.39041272,111551,0.814369401
01989a13-ovo_50_t291_aug_2.png,46664,0,0,0,64887,1.390515172,111551,0.877210358
0257f921-ovo_22_t196.png,43791,0,0,0,43498,0.993309127,87289,0.877404028
0257f921-ovo_22_t196_aug_0.png,43791,0,0,0,43498,0.993309127,87289,0.877404028
0257f921-ovo_22_t196_aug_1.png,43791,0,0,0,43498,0.993309127,87289,0.877404028
0257f921-ovo_22_t196_aug_2.png,43790,0,0,0,43502,0.993423156,87292,0.750030691
0329a8b5-eovo_53_t1.png,85552,3292,1,0.038479521,110226,1.288409388,199070,0.867621362
0329a8b5-eovo_53_t1_aug_0.png,85552,3292,1,0.038479521,110226,1.288409388,199070,0.867621362
0329a8b5-eovo_53_t1_aug_1.png,85552,3292,1,0.038479521,110226,1.288409388,199070,0.867621362
0329a8b5-eovo_53_t1_aug_2.png,85552,3292,1,0.038479521,110226,1.288409388,199070,0.867621362
0404c227-eovo_414_t1.png,84840,0,0,0,105295,1.241100896,190135,0.874012479
0404c227-eovo_414_t1_aug_0.png,84837,0,0,0,105306,1.241274444,190143,0.764893621
0404c227-eovo_414_t1_aug_1.png,84850,0,0,0,105289,1.240883913,190139,0.758842409
0404c227-eovo_414_t1_aug_2.png,84840,0,0,0,105295,1.241100896,190135,0.874012479
040dfa1f-eovo_265_t1.png,113830,0,0,0,112096,0.984766757,225926,0.86752216
040dfa1f-eovo_265_t1_aug_0.png,113830,0,0,0,112096,0.984766757,225926,0.86752216
040dfa1f-eovo_265_t1_aug_1.png,113830,0,0,0,112096,0.984766757,225926,0.86752216
040dfa1f-eovo_265_t1_aug_2.png,113826,0,0,0,112102,0.984854076,225928,0.833083828
047163ba-ovo_29_t81.png,41451,0,0,0,30875,0.744855371,72326,0.890551645
047163ba-ovo_29_t81_aug_0.png,41451,0,0,0,30875,0.744855371,72326,0.887433632
047163ba-ovo_29_t81_aug_1.png,41450,0,0,0,30880,0.744993969,72330,0.847913839
047163ba-ovo_29_t81_aug_2.png,41451,0,0,0,30875,0.744855371,72326,0.890551645
04d27599-ovo_39_t6.png,41496,0,0,0,39302,0.947127434,80798,0.880895122
04d27599-ovo_39_t6_aug_0.png,41496,0,0,0,39302,0.947127434,80798,0.880895122
04d27599-ovo_39_t6_aug_1.png,41502,0,0,0,39291,0.946725459,80793,0.802999745
04d27599-ovo_39_t6_aug_2.png,41496,0,0,0,39302,0.947127434,80798,0.880895122
0579a6be-eovo_301_t1.png,91356,0,0,0,111311,1.218431192,202667,0.853538478
0579a6be-eovo_301_t1_aug_0.png,91321,0,0,0,111315,1.218941974,202636,0.754331138
0579a6be-eovo_301_t1_aug_1.png,91356,0,0,0,111311,1.218431192,202667,0.853538478
0579a6be-eovo_301_t1_aug_2.png,91339,0,0,0,111308,1.218625122,202647,0.759412259
058bb2bc-ovo_25_t71.png,44712,0,0,0,44466,0.994498121,89178,0.885035455
058bb2bc-ovo_25_t71_aug_0.png,44709,0,0,0,44470,0.99465432,89179,0.817585864
058bb2bc-ovo_25_t71_aug_1.png,44712,0,0,0,44466,0.994498121,89178,0.885035455
058bb2bc-ovo_25_t71_aug_2.png,44712,0,0,0,44466,0.994498121,89178,0.885035455
06240844-ovo_55_t186.png,44961,0,0,0,35287,0.784835747,80248,0.873151363
06240844-ovo_55_t186_aug_0.png,44961,0,0,0,35287,0.784835747,80248,0.873151363
06240844-ovo_55_t186_aug_1.png,44964,0,0,0,35284,0.784716662,80248,0.768925113
06240844-ovo_55_t186_aug_2.png,44955,0,0,0,35282,0.784829274,80237,0.791556792
0641f274-ovo_47_t116.png,39307,0,0,0,44790,1.139491694,84097,0.874722723
0641f274-ovo_47_t116_aug_0.png,39307,0,0,0,44790,1.139491694,84097,0.874722723
0641f274-ovo_47_t116_aug_1.png,39307,0,0,0,44790,1.139491694,84097,0.874722723
0641f274-ovo_47_t116_aug_2.png,39307,0,0,0,44790,1.139491694,84097,0.874722723
06841d9e-eovo_232_t1.png,0,0,0,0,190285,0,190285,0.872724659
06841d9e-eovo_232_t1_aug_0.png,0,0,0,0,190285,0,190285,0.872724659
06841d9e-eovo_232_t1_aug_1.png,0,0,0,0,190288,0,190288,0.816028691
06841d9e-eovo_232_t1_aug_2.png,0,0,0,0,190285,0,190285,0.872724659
06865ecf-ovo_21_t181.png,44779,0,0,0,37507,0.837602448,82286,0.870542239
06865ecf-ovo_21_t181_aug_0.png,44781,0,0,0,37491,0.837207744,82272,0.769214689
06865ecf-ovo_21_t181_aug_1.png,44779,0,0,0,37507,0.837602448,82286,0.870542239
06865ecf-ovo_21_t181_aug_2.png,44773,0,0,0,37505,0.837670024,82278,0.766923214
06af8819-ovo_16_t186.png,49221,0,0,0,31447,0.638893968,80668,0.866456992
06af8819-ovo_16_t186_aug_0.png,49219,0,0,0,31450,0.638980881,80669,0.80415976
06af8819-ovo_16_t186_aug_1.png,49221,0,0,0,31447,0.638893968,80668,0.866456992
06af8819-ovo_16_t186_aug_2.png,49221,0,0,0,31447,0.638893968,80668,0.866456992
06cf03b6-ovo_04_t106.png,47014,0,0,0,31216,0.663972434,78230,0.867499866
06cf03b6-ovo_04_t106_aug_0.png,47019,0,0,0,31212,0.663816755,78231,0.757598658
06cf03b6-ovo_04_t106_aug_1.png,47011,0,0,0,31220,0.664099892,78231,0.761396393
06cf03b6-ovo_04_t106_aug_2.png,47014,0,0,0,31216,0.663972434,78230,0.867499866
0719e91e-ovo_05_t46.png,47137,0,0,0,44173,0.93711946,91310,0.869639355
0719e91e-ovo_05_t46_aug_0.png,47140,0,0,0,44167,0.936932541,91307,0.780293355
0719e91e-ovo_05_t46_aug_1.png,47141,0,0,0,44174,0.937061157,91315,0.837251289
0719e91e-ovo_05_t46_aug_2.png,47137,0,0,0,44173,0.93711946,91310,0.869639355
071a46b5-ovo_51_t216.png,45742,0,0,0,34659,0.757706266,80401,0.888726265
071a46b5-ovo_51_t216_aug_0.png,45742,0,0,0,34648,0.757465786,80390,0.78322333
071a46b5-ovo_51_t216_aug_1.png,45736,0,0,0,34680,0.758264824,80416,0.773910252
071a46b5-ovo_51_t216_aug_2.png,45747,0,0,0,34651,0.757448576,80398,0.830829467
0783d82c-ovo_52_t136.png,46713,0,0,0,35139,0.752231713,81852,0.865924234
0783d82c-ovo_52_t136_aug_0.png,46706,0,0,0,35140,0.752365863,81846,0.755141883
0783d82c-ovo_52_t136_aug_1.png,46713,0,0,0,35139,0.752231713,81852,0.865924234
0783d82c-ovo_52_t136_aug_2.png,46717,0,0,0,35138,0.7521459,81855,0.800599702
0790713d-ovo_55_t41.png,45421,0,0,0,36879,0.81193721,82300,0.877515773
0790713d-ovo_55_t41_aug_0.png,45421,0,0,0,36879,0.81193721,82300,0.877515773
0790713d-ovo_55_t41_aug_1.png,45421,0,0,0,36877,0.811893177,82298,0.757634963
0790713d-ovo_55_t41_aug_2.png,45421,0,0,0,36879,0.81193721,82300,0.877515773
07964567-ovo_50_t236.png,48162,0,0,0,63307,1.314459532,111469,0.882410961
07964567-ovo_50_t236_aug_0.png,48159,0,0,0,63309,1.314582944,111468,0.810465288
07964567-ovo_50_t236_aug_1.png,48162,0,0,0,63307,1.314459532,111469,0.882410961
07964567-ovo_50_t236_aug_2.png,48153,0,0,0,63321,1.31499595,111474,0.807605795
07ab2318-ovo_50_t131.png,47998,0,0,0,54061,1.126317763,102059,0.882846738
07ab2318-ovo_50_t131_aug_0.png,47998,0,0,0,54061,1.126317763,102059,0.882846738
07ab2318-ovo_50_t131_aug_1.png,47998,0,0,0,54061,1.126317763,102059,0.882846738
07ab2318-ovo_50_t131_aug_2.png,47998,0,0,0,54061,1.126317763,102059,0.882846738
07afc3c8-ovo_52_t286.png,45157,0,0,0,30877,0.683769958,76034,0.876801889
07afc3c8-ovo_52_t286_aug_0.png,45152,0,0,0,30882,0.683956414,76034,0.791552349
07afc3c8-ovo_52_t286_aug_1.png,45155,0,0,0,30883,0.683933119,76038,0.780610324
07afc3c8-ovo_52_t286_aug_2.png,45153,0,0,0,30879,0.683874826,76032,0.854893087
07b5da9b-ovo_47_t136.png,39529,0,0,0,48911,1.237344734,88440,0.876376693
07b5da9b-ovo_47_t136_aug_0.png,39524,0,0,0,48920,1.237728975,88444,0.814118239
07b5da9b-ovo_47_t136_aug_1.png,39534,0,0,0,48909,1.237137654,88443,0.800416998
07b5da9b-ovo_47_t136_aug_2.png,39536,0,0,0,48897,1.23677155,88433,0.760752826
08538d6c-ovo_33_t56.png,42136,0,0,0,34543,0.819797798,76679,0.866658398
08538d6c-ovo_33_t56_aug_0.png,42136,0,0,0,34543,0.819797798,76679,0.866658398
08538d6c-ovo_33_t56_aug_1.png,42136,0,0,0,34543,0.819797798,76679,0.866658398
08538d6c-ovo_33_t56_aug_2.png,42132,0,0,0,34545,0.819923099,76677,0.753089127
085acc92-eovo_31_t1.png,0,0,0,0,183714,0,183714,0.788638596
085acc92-eovo_31_t1_aug_0.png,0,0,0,0,183713,0,183713,0.772324884
085acc92-eovo_31_t1_aug_1.png,0,0,0,0,183713,0,183713,0.693130813
085acc92-eovo_31_t1_aug_2.png,0,0,0,0,183714,0,183714,0.781698252
086ede93-ovo_01_t1.png,42227,0,0,0,35274,0.835342317,77501,0.886342996
086ede93-ovo_01_t1_aug_0.png,42227,0,0,0,35282,0.835531769,77509,0.8330399
086ede93-ovo_01_t1_aug_1.png,42228,0,0,0,35270,0.835227811,77498,0.87401026
086ede93-ovo_01_t1_aug_2.png,42227,0,0,0,35274,0.835342317,77501,0.886342996
09309e77-eovo_427_t1.png,88163,0,0,0,100061,1.134954573,188224,0.877141376
09309e77-eovo_427_t1_aug_0.png,88163,0,0,0,100061,1.134954573,188224,0.877141376
09309e77-eovo_427_t1_aug_1.png,88163,0,0,0,100061,1.134954573,188224,0.877141376
09309e77-eovo_427_t1_aug_2.png,88164,0,0,0,100055,1.134873645,188219,0.849498225
0940d426-ovo_06_t71.png,32275,0,0,0,63302,1.961332301,95577,0.876827823
0940d426-ovo_06_t71_aug_0.png,32270,0,0,0,62881,1.948590022,95151,0.785395582
0940d426-ovo_06_t71_aug_1.png,32275,0,0,0,63302,1.961332301,95577,0.876827823
0940d426-ovo_06_t71_aug_2.png,32275,0,0,0,63302,1.961332301,95577,0.876827823
097b661e-ovo_52_t96.png,44933,0,0,0,31169,0.693677253,76102,0.871785429
097b661e-ovo_52_t96_aug_0.png,44929,0,0,0,31175,0.693872554,76104,0.803652477
097b661e-ovo_52_t96_aug_1.png,44933,0,0,0,31169,0.693677253,76102,0.871785429
097b661e-ovo_52_t96_aug_2.png,44933,0,0,0,31169,0.693677253,76102,0.871785429
0abb6366-ovo_35_t161.png,48260,0,0,0,34528,0.715457936,82788,0.874964787
0abb6366-ovo_35_t161_aug_0.png,48260,0,0,0,34528,0.715457936,82788,0.874964787
0abb6366-ovo_35_t161_aug_1.png,48260,0,0,0,34528,0.715457936,82788,0.874964787
0abb6366-ovo_35_t161_aug_2.png,48261,0,0,0,34529,0.715463832,82790,0.8397591
0b633a27-ovo_50_t41.png,46102,0,0,0,45452,0.985900829,91554,0.876734974
0b633a27-ovo_50_t41_aug_0.png,46103,0,0,0,45451,0.985857753,91554,0.79622308
0b633a27-ovo_50_t41_aug_1.png,46106,0,0,0,45448,0.985728539,91554,0.773510958
0b633a27-ovo_50_t41_aug_2.png,46102,0,0,0,45452,0.985900829,91554,0.876734974
0b72dfad-ovo_37_t186.png,46815,0,0,0,33051,0.705991669,79866,0.880185658
0b72dfad-ovo_37_t186_aug_0.png,46815,0,0,0,33051,0.705991669,79866,0.880185658
0b72dfad-ovo_37_t186_aug_1.png,46808,0,0,0,33060,0.706289523,79868,0.805774216
0b72dfad-ovo_37_t186_aug_2.png,46815,0,0,0,33051,0.705991669,79866,0.849939824
0b7dd9a1-ovo_04_t161.png,46504,0,0,0,31204,0.670996043,77708,0.871843504
0b7dd9a1-ovo_04_t161_aug_0.png,46504,0,0,0,31204,0.670996043,77708,0.871843504
0b7dd9a1-ovo_04_t161_aug_1.png,46508,0,0,0,31206,0.670981337,77714,0.804627389
0b7dd9a1-ovo_04_t161_aug_2.png,46504,0,0,0,31204,0.670996043,77708,0.871843504
0bcee63e-eovo_394_t1.png,0,0,0,0,214769,0,214769,0.877246958
0bcee63e-eovo_394_t1_aug_0.png,0,0,0,0,214773,0,214773,0.775549484
0bcee63e-eovo_394_t1_aug_1.png,0,0,0,0,214769,0,214769,0.877246958
0bcee63e-eovo_394_t1_aug_2.png,0,0,0,0,214769,0,214769,0.877246958
0bfe5f4c-ovo_52_t206.png,46740,0,0,0,31230,0.668164313,77970,0.881738884
0bfe5f4c-ovo_52_t206_aug_0.png,46740,0,0,0,31230,0.668164313,77970,0.881738884
0bfe5f4c-ovo_52_t206_aug_1.png,46740,0,0,0,31230,0.668164313,77970,0.881738884
0bfe5f4c-ovo_52_t206_aug_2.png,46740,0,0,0,31230,0.668164313,77970,0.881738884
0c16e1b1-ovo_06_t91.png,31843,0,0,0,61315,1.925540935,93158,0.888573214
0c16e1b1-ovo_06_t91_aug_0.png,31843,0,0,0,61315,1.925540935,93158,0.888573214
0c16e1b1-ovo_06_t91_aug_1.png,31842,0,0,0,61284,1.92462785,93126,0.871288048
0c16e1b1-ovo_06_t91_aug_2.png,31843,0,0,0,61315,1.925540935,93158,0.888573214
0cbc4b29-ovo_32_t66.png,43723,0,0,0,45760,1.046588752,89483,0.874059486
0cbc4b29-ovo_32_t66_aug_0.png,43724,0,0,0,45762,1.046610557,89486,0.795759401
0cbc4b29-ovo_32_t66_aug_1.png,43723,0,0,0,45761,1.046611623,89484,0.824762184
0cbc4b29-ovo_32_t66_aug_2.png,43721,0,0,0,45766,1.046773862,89487,0.774027058
0dee24bd-ovo_36_t251.png,40515,0,0,0,41257,1.018314205,81772,0.882688557
0dee24bd-ovo_36_t251_aug_0.png,40515,0,0,0,41257,1.018314205,81772,0.882688557
0dee24bd-ovo_36_t251_aug_1.png,40518,0,0,0,41251,1.018090725,81769,0.850570349
0dee24bd-ovo_36_t251_aug_2.png,40515,0,0,0,41257,1.018314205,81772,0.882688557
0e03a866-ovo_53_t96.png,42243,0,0,0,36687,0.86847525,78930,0.879944346
0e03a866-ovo_53_t96_aug_0.png,42243,0,0,0,36687,0.86847525,78930,0.876222224
0e03a866-ovo_53_t96_aug_1.png,42243,0,0,0,36685,0.868427905,78928,0.766776168
0e03a866-ovo_53_t96_aug_2.png,42244,0,0,0,36681,0.86831266,78925,0.756931059
0e5f8548-ovo_30_t226.png,43032,0,0,0,0,0,43032,0.878270727
0e5f8548-ovo_30_t226_aug_0.png,43032,0,0,0,0,0,43032,0.878270727
0e5f8548-ovo_30_t226_aug_1.png,43032,0,0,0,0,0,43032,0.878270727
0e5f8548-ovo_30_t226_aug_2.png,43032,0,0,0,0,0,43032,0.878270727
0eb2f06a-eovo_614_t1.png,96047,0,0,0,132643,1.381021791,228690,0.870454654
0eb2f06a-eovo_614_t1_aug_0.png,96044,0,0,0,132647,1.381106576,228691,0.784939192
0eb2f06a-eovo_614_t1_aug_1.png,96047,0,0,0,132643,1.381021791,228690,0.870454654
0eb2f06a-eovo_614_t1_aug_2.png,96047,0,0,0,132643,1.381021791,228690,0.870454654
0edb7b3d-eovo_270_t1.png,0,0,0,0,211661,0,211661,0.865563431
0edb7b3d-eovo_270_t1_aug_0.png,0,0,0,0,211661,0,211661,0.865563431
0edb7b3d-eovo_270_t1_aug_1.png,0,0,0,0,211664,0,211664,0.76346912
0edb7b3d-eovo_270_t1_aug_2.png,0,0,0,0,211662,0,211662,0.845130185
0f1c1094-ovo_55_t236.png,45864,0,0,0,36853,0.803527821,82717,0.87953308
0f1c1094-ovo_55_t236_aug_0.png,45867,0,0,0,36843,0.803257244,82710,0.811389473
0f1c1094-ovo_55_t236_aug_1.png,45864,0,0,0,36853,0.803527821,82717,0.87953308
0f1c1094-ovo_55_t236_aug_2.png,45864,0,0,0,36853,0.803527821,82717,0.87953308
0f931fe0-ovo_06_t126.png,31364,0,0,0,62212,1.983548017,93576,0.882672108
0f931fe0-ovo_06_t126_aug_0.png,31364,0,0,0,62212,1.983548017,93576,0.882672108
0f931fe0-ovo_06_t126_aug_1.png,31364,0,0,0,62212,1.983548017,93576,0.882672108
0f931fe0-ovo_06_t126_aug_2.png,31364,0,0,0,62212,1.983548017,93576,0.882672108
103f9bc4-ovo_12_t86.png,47892,0,0,0,25592,0.534368997,73484,0.879023875
103f9bc4-ovo_12_t86_aug_0.png,47900,0,0,0,25594,0.534321503,73494,0.757348574
103f9bc4-ovo_12_t86_aug_1.png,47894,0,0,0,25594,0.534388441,73488,0.797224849
103f9bc4-ovo_12_t86_aug_2.png,47892,0,0,0,25592,0.534368997,73484,0.879023875
1079fd1f-eovo_437_t1.png,101849,0,0,0,109332,1.073471512,211181,0.871533861
1079fd1f-eovo_437_t1_aug_0.png,101853,0,0,0,109337,1.073478444,211190,0.774007302
1079fd1f-eovo_437_t1_aug_1.png,101850,0,0,0,109329,1.073431517,211179,0.870937616
1079fd1f-eovo_437_t1_aug_2.png,101849,0,0,0,109332,1.073471512,211181,0.871533861
1125f2b0-ovo_32_t16.png,42771,0,0,0,40147,0.93865002,82918,0.873091281
1125f2b0-ovo_32_t16_aug_0.png,42771,0,0,0,40147,0.93865002,82918,0.873091281
1125f2b0-ovo_32_t16_aug_1.png,42771,0,0,0,40147,0.93865002,82918,0.873091281
1125f2b0-ovo_32_t16_aug_2.png,42771,0,0,0,40147,0.93865002,82918,0.873091281
126ff7c6-ovo_34_t11.png,23537,0,0,0,25912,1.100904958,49449,0.877247579
126ff7c6-ovo_34_t11_aug_0.png,23535,0,0,0,25910,1.100913533,49445,0.820674676
126ff7c6-ovo_34_t11_aug_1.png,23538,0,0,0,25903,1.100475826,49441,0.809968009
126ff7c6-ovo_34_t11_aug_2.png,23533,0,0,0,25914,1.10117707,49447,0.816703343
12c138ce-ovo_06_t231.png,28759,0,0,0,63637,2.212768177,92396,0.891699988
12c138ce-ovo_06_t231_aug_0.png,28759,0,0,0,63637,2.212768177,92396,0.891699988
12c138ce-ovo_06_t231_aug_1.png,28754,0,0,0,62939,2.188878069,91693,0.799083215
12c138ce-ovo_06_t231_aug_2.png,28759,0,0,0,63637,2.212768177,92396,0.891699988
13409539-eovo_35_t1.png,0,0,0,0,192181,0,192181,0.860008483
13409539-eovo_35_t1_aug_0.png,0,0,0,0,192181,0,192181,0.860008483
13409539-eovo_35_t1_aug_1.png,0,0,0,0,192175,0,192175,0.776152566
13409539-eovo_35_t1_aug_2.png,0,0,0,0,192181,0,192181,0.860008483
134d36f8-ovo_53_t146.png,43374,0,0,0,33234,0.766219394,76608,0.888673624
134d36f8-ovo_53_t146_aug_0.png,43374,0,0,0,33234,0.766219394,76608,0.888673624
134d36f8-ovo_53_t146_aug_1.png,43374,0,0,0,33234,0.766219394,76608,0.888673624
134d36f8-ovo_53_t146_aug_2.png,43374,0,0,0,33234,0.766219394,76608,0.888673624
1360a262-ovo_05_t196.png,48298,0,0,0,45859,0.949501015,94157,0.886167712
1360a262-ovo_05_t196_aug_0.png,48305,0,0,0,45860,0.949384122,94165,0.792909162
1360a262-ovo_05_t196_aug_1.png,48304,0,0,0,45851,0.949217456,94155,0.814662421
1360a262-ovo_05_t196_aug_2.png,48292,0,0,0,45869,0.949826058,94161,0.814688632
138398a0-ovo_22_t16.png,40640,0,0,0,38806,0.954872047,79446,0.880058098
138398a0-ovo_22_t16_aug_0.png,40647,0,0,0,38803,0.954633798,79450,0.786776054
138398a0-ovo_22_t16_aug_1.png,40640,0,0,0,38806,0.954872047,79446,0.880058098
138398a0-ovo_22_t16_aug_2.png,40640,0,0,0,38806,0.954872047,79446,0.880058098
1398037b-ovo_47_t66.png,41904,0,0,0,38716,0.923921344,80620,0.873615932
1398037b-ovo_47_t66_aug_0.png,41904,0,0,0,38716,0.923921344,80620,0.873615932
1398037b-ovo_47_t66_aug_1.png,41904,0,0,0,38716,0.923921344,80620,0.873615932
1398037b-ovo_47_t66_aug_2.png,41904,0,0,0,38716,0.923921344,80620,0.873615932
13baed13-eovo_610_t1.png,94030,0,0,0,91520,0.973306392,185550,0.870811602
13baed13-eovo_610_t1_aug_0.png,94030,0,0,0,91520,0.973306392,185550,0.867175
13baed13-eovo_610_t1_aug_1.png,94019,0,0,0,91528,0.973505355,185547,0.785411393
13baed13-eovo_610_t1_aug_2.png,94030,0,0,0,91520,0.973306392,185550,0.870811602
13e7526c-ovo_20_t136.png,47528,0,0,0,37678,0.792753745,85206,0.88217095
13e7526c-ovo_20_t136_aug_0.png,47527,0,0,0,37686,0.792938751,85213,0.832445336
13e7526c-ovo_20_t136_aug_1.png,47528,0,0,0,37678,0.792753745,85206,0.88217095
13e7526c-ovo_20_t136_aug_2.png,47528,0,0,0,37678,0.792753745,85206,0.88217095
14016f9e-ovo_24_t26.png,42951,0,0,0,38189,0.889129473,81140,0.863959482
14016f9e-ovo_24_t26_aug_0.png,42951,0,0,0,38193,0.889222603,81144,0.751668661
14016f9e-ovo_24_t26_aug_1.png,42951,0,0,0,38189,0.889129473,81140,0.863959482
14016f9e-ovo_24_t26_aug_2.png,42950,0,0,0,38192,0.889220023,81142,0.803634047
15a1d28d-ovo_40_t91.png,46172,0,0,0,37140,0.804383609,83312,0.87501493
15a1d28d-ovo_40_t91_aug_0.png,46172,0,0,0,37140,0.804383609,83312,0.87501493
15a1d28d-ovo_40_t91_aug_1.png,46172,0,0,0,37140,0.804383609,83312,0.87501493
15a1d28d-ovo_40_t91_aug_2.png,46176,0,0,0,37137,0.80424896,83313,0.790976986
15cb83c4-ovo_36_t31.png,42105,0,0,0,34708,0.824320152,76813,0.883183355
15cb83c4-ovo_36_t31_aug_0.png,42102,0,0,0,34713,0.824497649,76815,0.808600178
15cb83c4-ovo_36_t31_aug_1.png,42105,0,0,0,34708,0.824320152,76813,0.883183355
15cb83c4-ovo_36_t31_aug_2.png,42109,0,0,0,34713,0.824360588,76822,0.778957192
15d60126-ovo_31_t91.png,44019,0,0,0,23302,0.529362321,67321,0.884150633
15d60126-ovo_31_t91_aug_0.png,44024,0,0,0,23296,0.52916591,67320,0.778642258
15d60126-ovo_31_t91_aug_1.png,44019,0,0,0,23302,0.529362321,67321,0.884150633
15d60126-ovo_31_t91_aug_2.png,44025,0,0,0,23292,0.529063032,67317,0.817192403
160c5332-ovo_55_t146.png,45617,0,0,0,26848,0.588552513,72465,0.869738262
160c5332-ovo_55_t146_aug_0.png,45610,0,0,0,26855,0.588796317,72465,0.836084961
160c5332-ovo_55_t146_aug_1.png,45617,0,0,0,26848,0.588552513,72465,0.869738262
160c5332-ovo_55_t146_aug_2.png,45616,0,0,0,26857,0.588762715,72473,0.759456078
16752b7b-ovo_52_t156.png,46222,0,0,0,33623,0.72742417,79845,0.868740929
16752b7b-ovo_52_t156_aug_0.png,46222,0,0,0,33623,0.72742417,79845,0.868740929
16752b7b-ovo_52_t156_aug_1.png,46218,0,0,0,33634,0.727725129,79852,0.775853106
16752b7b-ovo_52_t156_aug_2.png,46223,0,0,0,33621,0.727365165,79844,0.826122101
16765c69-ovo_06_t36.png,33795,0,0,0,56026,1.657819204,89821,0.884216417
16765c69-ovo_06_t36_aug_0.png,33796,0,0,0,56034,1.658006865,89830,0.775917631
16765c69-ovo_06_t36_aug_1.png,33795,0,0,0,56021,1.657671253,89816,0.765543399
16765c69-ovo_06_t36_aug_2.png,33790,0,0,0,55923,1.655016277,89713,0.824563049
16a9fdff-ovo_32_t61.png,42153,0,0,0,45271,1.073968638,87424,0.881621243
16a9fdff-ovo_32_t61_aug_0.png,42153,0,0,0,45271,1.073968638,87424,0.881621243
16a9fdff-ovo_32_t61_aug_1.png,42154,0,0,0,45272,1.073966883,87426,0.825351081
16a9fdff-ovo_32_t61_aug_2.png,42153,0,0,0,45271,1.073968638,87424,0.881621243
16adcfdd-ovo_14_t201.png,46537,0,0,0,34707,0.74579367,81244,0.859279857
16adcfdd-ovo_14_t201_aug_0.png,46539,0,0,0,34708,0.745783107,81247,0.778101247
16adcfdd-ovo_14_t201_aug_1.png,46537,0,0,0,34707,0.74579367,81244,0.859279857
16adcfdd-ovo_14_t201_aug_2.png,46537,0,0,0,34707,0.74579367,81244,0.859279857
16cfb842-ovo_05_t106.png,46827,0,0,0,46059,0.983599206,92886,0.884391013
16cfb842-ovo_05_t106_aug_0.png,46817,0,0,0,46069,0.984022898,92886,0.808195031
16cfb842-ovo_05_t106_aug_1.png,46827,0,0,0,46059,0.983599206,92886,0.884391013
16cfb842-ovo_05_t106_aug_2.png,46827,0,0,0,46059,0.983599206,92886,0.884391013
174ad2b0-ovo_08_t271.png,45253,0,0,0,31635,0.699069675,76888,0.877497058
174ad2b0-ovo_08_t271_aug_0.png,45253,0,0,0,31635,0.699069675,76888,0.877497058
174ad2b0-ovo_08_t271_aug_1.png,45250,0,0,0,31627,0.698939227,76877,0.781851019
174ad2b0-ovo_08_t271_aug_2.png,45253,0,0,0,31635,0.699069675,76888,0.877497058
178ca4fa-ovo_05_t11.png,46837,0,0,0,45916,0.980336059,92753,0.883487298
178ca4fa-ovo_05_t11_aug_0.png,46837,0,0,0,45916,0.980336059,92753,0.883487298
178ca4fa-ovo_05_t11_aug_1.png,46831,0,0,0,45921,0.980568427,92752,0.795834733
178ca4fa-ovo_05_t11_aug_2.png,46841,0,0,0,45909,0.980102901,92750,0.833392087
17d46d26-ovo_55_t286.png,46315,0,0,0,33219,0.717240635,79534,0.862340493
17d46d26-ovo_55_t286_aug_0.png,46315,0,0,0,33219,0.717240635,79534,0.862340493
17d46d26-ovo_55_t286_aug_1.png,46315,0,0,0,33217,0.717197452,79532,0.833987269
17d46d26-ovo_55_t286_aug_2.png,46315,0,0,0,33219,0.717240635,79534,0.862340493
17fa1f41-ovo_16_t236.png,49415,0,0,0,30534,0.617909542,79949,0.870865789
17fa1f41-ovo_16_t236_aug_0.png,49415,0,0,0,30534,0.617909542,79949,0.870865789
17fa1f41-ovo_16_t236_aug_1.png,49415,0,0,0,30534,0.617909542,79949,0.870865789
17fa1f41-ovo_16_t236_aug_2.png,49415,0,0,0,30534,0.617909542,79949,0.870865789
185cfeda-ovo_43_t211.png,43697,1582,1,0.036203858,29079,0.665469025,74358,0.883771357
185cfeda-ovo_43_t211_aug_0.png,43697,1582,1,0.036203858,29079,0.665469025,74358,0.883771357
185cfeda-ovo_43_t211_aug_1.png,43702,1583,1,0.036222599,29082,0.665461535,74367,0.762138286
185cfeda-ovo_43_t211_aug_2.png,43693,1580,1,0.036161399,29093,0.665850365,74366,0.77958088
189b8a83-ovo_36_t116.png,44257,0,0,0,34666,0.783288519,78923,0.874565372
189b8a83-ovo_36_t116_aug_0.png,44259,0,0,0,34660,0.783117558,78919,0.839603353
189b8a83-ovo_36_t116_aug_1.png,44266,0,0,0,34650,0.782767813,78916,0.756527295
189b8a83-ovo_36_t116_aug_2.png,44257,0,0,0,34666,0.783288519,78923,0.874565372
18aace45-ovo_05_t186.png,48477,0,0,0,44160,0.91094746,92637,0.879125597
18aace45-ovo_05_t186_aug_0.png,48477,0,0,0,44160,0.91094746,92637,0.879125597
18aace45-ovo_05_t186_aug_1.png,48474,0,0,0,44156,0.910921319,92630,0.762347517
18aace45-ovo_05_t186_aug_2.png,48481,0,0,0,44154,0.910748541,92635,0.768992501
18c539a9-eovo_50_t1.png,0,0,0,0,224598,0,224598,0.847344927
18c539a9-eovo_50_t1_aug_0.png,0,0,0,0,224600,0,224600,0.800699037
18c539a9-eovo_50_t1_aug_1.png,0,0,0,0,224598,0,224598,0.847344927
18c539a9-eovo_50_t1_aug_2.png,0,0,0,0,224598,0,224598,0.847344927
18e69753-ovo_25_t161.png,41873,0,0,0,47513,1.134693,89386,0.87202861
18e69753-ovo_25_t161_aug_0.png,41873,0,0,0,47513,1.134693,89386,0.87202861
18e69753-ovo_25_t161_aug_1.png,41874,0,0,0,47509,1.134570378,89383,0.84393254
18e69753-ovo_25_t161_aug_2.png,41872,0,0,0,47513,1.134720099,89385,0.841176227
192570d2-ovo_21_t271.png,45145,0,0,0,38787,0.859164913,83932,0.869255229
192570d2-ovo_21_t271_aug_0.png,45145,0,0,0,38787,0.859164913,83932,0.869255229
192570d2-ovo_21_t271_aug_1.png,45144,0,0,0,38781,0.859051037,83925,0.770070102
192570d2-ovo_21_t271_aug_2.png,45149,0,0,0,38779,0.858911604,83928,0.756998211
1952fef1-eovo_283_t1.png,0,0,0,0,204874,0,204874,0.864966126
1952fef1-eovo_283_t1_aug_0.png,0,0,0,0,204874,0,204874,0.864966126
1952fef1-eovo_283_t1_aug_1.png,0,0,0,0,204874,0,204874,0.864966126
1952fef1-eovo_283_t1_aug_2.png,0,0,0,0,204874,0,204874,0.864966126
19563955-ovo_55_t116.png,46072,0,0,0,30799,0.668497135,76871,0.867262162
19563955-ovo_55_t116_aug_0.png,46070,0,0,0,30804,0.668634686,76874,0.749350796
19563955-ovo_55_t116_aug_1.png,46075,0,0,0,30796,0.668388497,76871,0.850749101
19563955-ovo_55_t116_aug_2.png,46071,0,0,0,30796,0.668446528,76867,0.816753938
19777d34-ovo_47_t241.png,41628,0,0,0,44608,1.071586432,86236,0.888096552
19777d34-ovo_47_t241_aug_0.png,41617,0,0,0,44620,1.072158012,86237,0.802259959
19777d34-ovo_47_t241_aug_1.png,41628,0,0,0,44608,1.071586432,86236,0.888096552
19777d34-ovo_47_t241_aug_2.png,41629,0,0,0,44602,1.071416561,86231,0.816485752
19acaae7-eovo_369_t1.png,0,0,0,0,192369,0,192369,0.855868347
19acaae7-eovo_369_t1_aug_0.png,0,0,0,0,192362,0,192362,0.8169622
19acaae7-eovo_369_t1_aug_1.png,0,0,0,0,192375,0,192375,0.77498572
19acaae7-eovo_369_t1_aug_2.png,0,0,0,0,192365,0,192365,0.802222148
19ffbbf8-ovo_06_t106.png,30955,0,0,0,64821,2.094039735,95776,0.88440141
19ffbbf8-ovo_06_t106_aug_0.png,30953,0,0,0,64390,2.080250703,95343,0.824066023
19ffbbf8-ovo_06_t106_aug_1.png,30955,0,0,0,64821,2.094039735,95776,0.88440141
19ffbbf8-ovo_06_t106_aug_2.png,30955,0,0,0,64821,2.094039735,95776,0.88440141
1a20dfb8-ovo_06_t191.png,29587,0,0,0,64327,2.174164329,93914,0.884297572
1a20dfb8-ovo_06_t191_aug_0.png,29584,0,0,0,64038,2.164616009,93622,0.842222255
1a20dfb8-ovo_06_t191_aug_1.png,29584,0,0,0,63484,2.14588967,93068,0.798781871
1a20dfb8-ovo_06_t191_aug_2.png,29587,0,0,0,64327,2.174164329,93914,0.884297572
1a33a659-ovo_14_t151.png,46124,0,0,0,36458,0.790434481,82582,0.874254508
1a33a659-ovo_14_t151_aug_0.png,46120,0,0,0,36451,0.790351258,82571,0.804626068
1a33a659-ovo_14_t151_aug_1.png,46122,0,0,0,36457,0.790447075,82579,0.790095722
1a33a659-ovo_14_t151_aug_2.png,46126,0,0,0,36463,0.790508607,82589,0.779852656
1b26376b-ovo_05_t21.png,46879,0,0,0,43625,0.930587257,90504,0.884806133
1b26376b-ovo_05_t21_aug_0.png,46879,0,0,0,43625,0.930587257,90504,0.884806133
1b26376b-ovo_05_t21_aug_1.png,46879,0,0,0,43625,0.930587257,90504,0.884806133
1b26376b-ovo_05_t21_aug_2.png,46879,0,0,0,43615,0.930373941,90494,0.815631125
1b5734a4-ovo_32_t201.png,46462,0,0,0,28509,0.613598209,74971,0.871391793
1b5734a4-ovo_32_t201_aug_0.png,46458,0,0,0,28517,0.613823238,74975,0.83562009
1b5734a4-ovo_32_t201_aug_1.png,46462,0,0,0,28509,0.613598209,74971,0.871391793
1b5734a4-ovo_32_t201_aug_2.png,46462,0,0,0,28506,0.61353364,74968,0.852597581
1b9baacc-ovo_40_t126.png,46548,0,0,0,35694,0.766821346,82242,0.87904533
1b9baacc-ovo_40_t126_aug_0.png,46546,0,0,0,35696,0.766897263,82242,0.860890881
1b9baacc-ovo_40_t126_aug_1.png,46551,0,0,0,35684,0.766557109,82235,0.796326895
1b9baacc-ovo_40_t126_aug_2.png,46547,0,0,0,35699,0.766945238,82246,0.835622387
1baca3c1-ovo_06_t221.png,27972,0,0,0,65563,2.343879594,93535,0.87888118
1baca3c1-ovo_06_t221_aug_0.png,27969,0,0,0,65055,2.325968036,93024,0.793406829
1baca3c1-ovo_06_t221_aug_1.png,27972,0,0,0,65563,2.343879594,93535,0.87888118
1baca3c1-ovo_06_t221_aug_2.png,27970,0,0,0,65526,2.342724348,93496,0.874210156
1bf6a5ff-ovo_06_t86.png,30883,0,0,0,62921,2.037399216,93804,0.875321428
1bf6a5ff-ovo_06_t86_aug_0.png,30885,0,0,0,62410,2.020722033,93295,0.773689547
1bf6a5ff-ovo_06_t86_aug_1.png,30883,0,0,0,62921,2.037399216,93804,0.875321428
1bf6a5ff-ovo_06_t86_aug_2.png,30886,0,0,0,62528,2.024477109,93414,0.787979429
1c519b1c-ovo_05_t136.png,49136,0,0,0,41110,0.836657441,90246,0.884861497
1c519b1c-ovo_05_t136_aug_0.png,49146,0,0,0,41092,0.836120946,90238,0.770191697
1c519b1c-ovo_05_t136_aug_1.png,49136,0,0,0,41110,0.836657441,90246,0.884861497
1c519b1c-ovo_05_t136_aug_2.png,49136,0,0,0,41110,0.836657441,90246,0.884861497
1c95185d-ovo_39_t46.png,41337,0,0,0,34970,0.845973341,76307,0.886167147
1c95185d-ovo_39_t46_aug_0.png,41330,0,0,0,34987,0.846527946,76317,0.790739515
1c95185d-ovo_39_t46_aug_1.png,41337,0,0,0,34970,0.845973341,76307,0.886167147
1c95185d-ovo_39_t46_aug_2.png,41337,0,0,0,34970,0.845973341,76307,0.886167147
1cf1ab93-ovo_40_t26.png,46254,0,0,0,38786,0.838543694,85040,0.875155067
1cf1ab93-ovo_40_t26_aug_0.png,46250,0,0,0,38789,0.838681081,85039,0.801507258
1cf1ab93-ovo_40_t26_aug_1.png,46254,0,0,0,38786,0.838543694,85040,0.779917276
1cf1ab93-ovo_40_t26_aug_2.png,46258,0,0,0,38772,0.838168533,85030,0.792905196
1cfe8e94-ovo_19_t206.png,47342,0,0,0,26559,0.561002915,73901,0.838118134
1cfe8e94-ovo_19_t206_aug_0.png,47342,0,0,0,26559,0.561002915,73901,0.838118134
1cfe8e94-ovo_19_t206_aug_1.png,47342,0,0,0,26559,0.561002915,73901,0.838118134
1cfe8e94-ovo_19_t206_aug_2.png,47342,0,0,0,26559,0.561002915,73901,0.838118134
1d18757e-eovo_442_t1.png,91056,0,0,0,118352,1.299771569,209408,0.870455919
1d18757e-eovo_442_t1_aug_0.png,91056,0,0,0,118352,1.299771569,209408,0.870455919
1d18757e-eovo_442_t1_aug_1.png,91056,0,0,0,118352,1.299771569,209408,0.870455919
1d18757e-eovo_442_t1_aug_2.png,91056,0,0,0,118352,1.299771569,209408,0.870455919
1d2061ad-ovo_06_t176.png,29852,0,0,0,60654,2.031823663,90506,0.886906557
1d2061ad-ovo_06_t176_aug_0.png,29848,0,0,0,60533,2.02804208,90381,0.860830985
1d2061ad-ovo_06_t176_aug_1.png,29849,0,0,0,60166,2.015678917,90015,0.785414878
1d2061ad-ovo_06_t176_aug_2.png,29852,0,0,0,60654,2.031823663,90506,0.886906557
1d478154-ovo_31_t136.png,44330,0,0,0,30324,0.684051432,74654,0.890408898
1d478154-ovo_31_t136_aug_0.png,44330,0,0,0,30324,0.684051432,74654,0.890408898
1d478154-ovo_31_t136_aug_1.png,44332,0,0,0,30323,0.683998015,74655,0.774063936
1d478154-ovo_31_t136_aug_2.png,44331,0,0,0,30315,0.683832984,74646,0.838603113
1d75a009-ovo_40_t131.png,46527,0,0,0,37403,0.803898811,83930,0.871306955
1d75a009-ovo_40_t131_aug_0.png,46531,0,0,0,37404,0.803851196,83935,0.794112082
1d75a009-ovo_40_t131_aug_1.png,46527,0,0,0,37403,0.803898811,83930,0.871306955
1d75a009-ovo_40_t131_aug_2.png,46528,0,0,0,37403,0.803881534,83931,0.840795183
1df687c2-eovo_76_t1.png,0,0,0,0,202939,0,202939,0.873384598
1df687c2-eovo_76_t1_aug_0.png,0,0,0,0,202939,0,202939,0.873384598
1df687c2-eovo_76_t1_aug_1.png,0,0,0,0,202939,0,202939,0.873384598
1df687c2-eovo_76_t1_aug_2.png,0,0,0,0,202930,0,202930,0.772568998
1e1d00d7-ovo_06_t31.png,33223,0,0,0,58354,1.756433796,91577,0.8730156
1e1d00d7-ovo_06_t31_aug_0.png,33223,0,0,0,58354,1.756433796,91577,0.8730156
1e1d00d7-ovo_06_t31_aug_1.png,33223,0,0,0,58354,1.756433796,91577,0.8730156
1e1d00d7-ovo_06_t31_aug_2.png,33223,0,0,0,58354,1.756433796,91577,0.8730156
1e79d155-ovo_27_t76.png,41751,0,0,0,43372,1.038825417,85123,0.875018456
1e79d155-ovo_27_t76_aug_0.png,41751,0,0,0,43372,1.038825417,85123,0.875018456
1e79d155-ovo_27_t76_aug_1.png,41750,0,0,0,43365,1.038682635,85115,0.807981125
1e79d155-ovo_27_t76_aug_2.png,41751,0,0,0,43372,1.038825417,85123,0.875018456
1eb8e8e0-eovo_313_t1.png,0,0,0,0,214826,0,214826,0.863246586
1eb8e8e0-eovo_313_t1_aug_0.png,0,0,0,0,214830,0,214830,0.770703373
1eb8e8e0-eovo_313_t1_aug_1.png,0,0,0,0,214821,0,214821,0.757029269
1eb8e8e0-eovo_313_t1_aug_2.png,0,0,0,0,214826,0,214826,0.863246586
1ed74d2f-eovo_273_t1.png,0,0,0,0,193904,0,193904,0.847453706
1ed74d2f-eovo_273_t1_aug_0.png,0,0,0,0,193904,0,193904,0.847453706
1ed74d2f-eovo_273_t1_aug_1.png,0,0,0,0,193904,0,193904,0.847453706
1ed74d2f-eovo_273_t1_aug_2.png,0,0,0,0,193904,0,193904,0.847453706
1f0a09b9-ovo_12_t41.png,45097,0,0,0,28742,0.637337295,73839,0.876178544
1f0a09b9-ovo_12_t41_aug_0.png,45100,0,0,0,28742,0.6372949,73842,0.799474057
1f0a09b9-ovo_12_t41_aug_1.png,45091,0,0,0,28755,0.637710408,73846,0.787510004
1f0a09b9-ovo_12_t41_aug_2.png,45097,0,0,0,28742,0.637337295,73839,0.839802955
1f3f0c49-eovo_380_t1.png,0,0,0,0,217455,0,217455,0.87721773
1f3f0c49-eovo_380_t1_aug_0.png,0,0,0,0,217455,0,217455,0.87721773
1f3f0c49-eovo_380_t1_aug_1.png,0,0,0,0,217454,0,217454,0.779259991
1f3f0c49-eovo_380_t1_aug_2.png,0,0,0,0,217455,0,217455,0.87721773
1f8f405f-ovo_47_t131.png,38646,0,0,0,46213,1.195802929,84859,0.881538008
1f8f405f-ovo_47_t131_aug_0.png,38646,0,0,0,46213,1.195802929,84859,0.881538008
1f8f405f-ovo_47_t131_aug_1.png,38646,0,0,0,46213,1.195802929,84859,0.879647279
1f8f405f-ovo_47_t131_aug_2.png,38646,0,0,0,46213,1.195802929,84859,0.881538008
1fd1652d-ovo_40_t116.png,45374,0,0,0,38605,0.850817649,83979,0.864145094
1fd1652d-ovo_40_t116_aug_0.png,45374,0,0,0,38605,0.850817649,83979,0.864145094
1fd1652d-ovo_40_t116_aug_1.png,45372,0,0,0,38606,0.850877193,83978,0.804233759
1fd1652d-ovo_40_t116_aug_2.png,45374,0,0,0,38605,0.850817649,83979,0.864145094
1fdc6f13-eovo_615_t1.png,97250,0,0,0,94136,0.967979434,191386,0.870176185
1fdc6f13-eovo_615_t1_aug_0.png,97251,0,0,0,94139,0.968000329,191390,0.777000034
1fdc6f13-eovo_615_t1_aug_1.png,97246,0,0,0,94139,0.9680501,191385,0.753697522
1fdc6f13-eovo_615_t1_aug_2.png,97250,0,0,0,94136,0.967979434,191386,0.870176185
2006eda7-ovo_52_t241.png,43582,0,0,0,35312,0.810242761,78894,0.882945148
2006eda7-ovo_52_t241_aug_0.png,43582,0,0,0,35305,0.810082144,78887,0.786445134
2006eda7-ovo_52_t241_aug_1.png,43582,0,0,0,35312,0.810242761,78894,0.882945148
2006eda7-ovo_52_t241_aug_2.png,43582,0,0,0,35312,0.810242761,78894,0.882945148
207f219a-ovo_29_t121.png,42000,0,0,0,28484,0.678190476,70484,0.873889014
207f219a-ovo_29_t121_aug_0.png,41999,0,0,0,28483,0.678182814,70482,0.780623677
207f219a-ovo_29_t121_aug_1.png,42002,0,0,0,28481,0.678086758,70483,0.791142789
207f219a-ovo_29_t121_aug_2.png,42004,0,0,0,28476,0.677935435,70480,0.773321901
2106592b-ovo_15_t66.png,39712,0,0,0,28557,0.719102538,68269,0.872987144
2106592b-ovo_15_t66_aug_0.png,39712,0,0,0,28557,0.719102538,68269,0.872987144
2106592b-ovo_15_t66_aug_1.png,39712,0,0,0,28557,0.719102538,68269,0.872987144
2106592b-ovo_15_t66_aug_2.png,39712,0,0,0,28557,0.719102538,68269,0.872987144
21164ed9-ovo_23_t141.png,48303,0,0,0,57264,1.185516428,105567,0.876599701
21164ed9-ovo_23_t141_aug_0.png,48303,0,0,0,57264,1.185516428,105567,0.876599701
21164ed9-ovo_23_t141_aug_1.png,48302,0,0,0,57263,1.185520268,105565,0.826816503
21164ed9-ovo_23_t141_aug_2.png,48301,0,0,0,57267,1.185627627,105568,0.854902571
218edc8c-ovo_37_t6.png,44967,0,0,0,33155,0.737318478,78122,0.872642925
218edc8c-ovo_37_t6_aug_0.png,44967,0,0,0,33155,0.737318478,78122,0.872642925
218edc8c-ovo_37_t6_aug_1.png,44967,0,0,0,33155,0.737318478,78122,0.872642925
218edc8c-ovo_37_t6_aug_2.png,44967,0,0,0,33153,0.737274001,78120,0.814992277
21d18720-ovo_30_t181.png,41076,0,0,0,0,0,41076,0.878771792
21d18720-ovo_30_t181_aug_0.png,41076,0,0,0,0,0,41076,0.878771792
21d18720-ovo_30_t181_aug_1.png,41076,0,0,0,0,0,41076,0.878771792
21d18720-ovo_30_t181_aug_2.png,41084,0,0,0,0,0,41084,0.790832253
21ef9d52-ovo_50_t286.png,46585,0,0,0,65348,1.402769132,111933,0.883617586
21ef9d52-ovo_50_t286_aug_0.png,46585,0,0,0,65351,1.40283353,111936,0.833921948
21ef9d52-ovo_50_t286_aug_1.png,46584,0,0,0,65348,1.402799244,111932,0.872751857
21ef9d52-ovo_50_t286_aug_2.png,46585,0,0,0,65352,1.402854996,111937,0.852013343
2202accb-ovo_16_t146.png,48466,0,0,0,31588,0.65175587,80054,0.860763639
2202accb-ovo_16_t146_aug_0.png,48472,0,0,0,31578,0.651468889,80050,0.760550652
2202accb-ovo_16_t146_aug_1.png,48464,0,0,0,31576,0.65153516,80040,0.740932257
2202accb-ovo_16_t146_aug_2.png,48466,0,0,0,31588,0.65175587,80054,0.860763639
222e2c6f-ovo_21_t86.png,46279,0,0,0,40063,0.86568422,86342,0.868092107
222e2c6f-ovo_21_t86_aug_0.png,46282,0,0,0,40062,0.865606499,86344,0.828653201
222e2c6f-ovo_21_t86_aug_1.png,46282,0,0,0,40055,0.865455253,86337,0.812850283
222e2c6f-ovo_21_t86_aug_2.png,46279,0,0,0,40063,0.86568422,86342,0.868092107
22ecbeb2-eovo_260_t1.png,0,0,0,0,235929,0,235929,0.863499404
22ecbeb2-eovo_260_t1_aug_0.png,0,0,0,0,235922,0,235922,0.820189092
22ecbeb2-eovo_260_t1_aug_1.png,0,0,0,0,235932,0,235932,0.795286693
22ecbeb2-eovo_260_t1_aug_2.png,0,0,0,0,235926,0,235926,0.747187669
231a1e07-ovo_09_t221.png,42505,1735,1,0.040818727,34725,0.81696271,78965,0.874457068
231a1e07-ovo_09_t221_aug_0.png,42506,1734,1,0.040794241,34722,0.816872912,78962,0.822917436
231a1e07-ovo_09_t221_aug_1.png,42505,1735,1,0.040818727,34725,0.81696271,78965,0.874457068
231a1e07-ovo_09_t221_aug_2.png,42505,1735,1,0.040818727,34725,0.81696271,78965,0.874457068
2327fe0e-ovo_04_t1.png,46572,0,0,0,33752,0.724727304,80324,0.870151594
2327fe0e-ovo_04_t1_aug_0.png,46572,0,0,0,33752,0.724727304,80324,0.870151594
2327fe0e-ovo_04_t1_aug_1.png,46572,0,0,0,33752,0.724727304,80324,0.870151594
2327fe0e-ovo_04_t1_aug_2.png,46572,0,0,0,33752,0.724727304,80324,0.870151594
239f9975-ovo_37_t51.png,45548,0,0,0,32173,0.706353737,77721,0.885875074
239f9975-ovo_37_t51_aug_0.png,45553,0,0,0,32175,0.706320111,77728,0.815620218
239f9975-ovo_37_t51_aug_1.png,45547,0,0,0,32173,0.706369245,77720,0.795594218
239f9975-ovo_37_t51_aug_2.png,45548,0,0,0,32173,0.706353737,77721,0.885875074
23a4c70a-ovo_40_t71.png,46240,0,0,0,37569,0.812478374,83809,0.875883443
23a4c70a-ovo_40_t71_aug_0.png,46240,0,0,0,37569,0.812478374,83809,0.875883443
23a4c70a-ovo_40_t71_aug_1.png,46237,0,0,0,37572,0.812595973,83809,0.873616875
23a4c70a-ovo_40_t71_aug_2.png,46242,0,0,0,37561,0.812270231,83803,0.779635203
23f86a6e-eovo_86_t1.png,0,0,0,0,228710,0,228710,0.870504453
23f86a6e-eovo_86_t1_aug_0.png,0,0,0,0,228716,0,228716,0.820330114
23f86a6e-eovo_86_t1_aug_1.png,0,0,0,0,228710,0,228710,0.870504453
23f86a6e-eovo_86_t1_aug_2.png,0,0,0,0,228722,0,228722,0.752010781
246faafd-ovo_38_t6.png,47493,0,0,0,35490,0.747268018,82983,0.856984437
246faafd-ovo_38_t6_aug_0.png,47496,0,0,0,35488,0.74717871,82984,0.810201783
246faafd-ovo_38_t6_aug_1.png,47496,0,0,0,35481,0.747031329,82977,0.761319725
246faafd-ovo_38_t6_aug_2.png,47493,0,0,0,35490,0.747268018,82983,0.856984437
24764b21-eovo_463_t1.png,87976,0,0,0,128768,1.463671911,216744,0.866388835
24764b21-eovo_463_t1_aug_0.png,87976,0,0,0,128768,1.463671911,216744,0.866388835
24764b21-eovo_463_t1_aug_1.png,87976,0,0,0,128762,1.46360371,216738,0.807203714
24764b21-eovo_463_t1_aug_2.png,87976,0,0,0,128768,1.463671911,216744,0.866388835
24939997-ovo_52_t21.png,41671,0,0,0,34357,0.824482254,76028,0.879905759
24939997-ovo_52_t21_aug_0.png,41669,0,0,0,34359,0.824569824,76028,0.841187456
24939997-ovo_52_t21_aug_1.png,41672,0,0,0,34348,0.824246496,76020,0.78393048
24939997-ovo_52_t21_aug_2.png,41671,0,0,0,34357,0.824482254,76028,0.879905759
24a18992-ovo_39_t186.png,40016,0,0,0,39406,0.984756098,79422,0.880340646
24a18992-ovo_39_t186_aug_0.png,40022,0,0,0,39404,0.984558493,79426,0.823511007
24a18992-ovo_39_t186_aug_1.png,40016,0,0,0,39406,0.984756098,79422,0.880340646
24a18992-ovo_39_t186_aug_2.png,40015,0,0,0,39411,0.98490566,79426,0.84669696
2506b144-ovo_06_t206.png,28683,0,0,0,65951,2.299306209,94634,0.890003227
2506b144-ovo_06_t206_aug_0.png,28684,0,0,0,64942,2.264049644,93626,0.804383251
2506b144-ovo_06_t206_aug_1.png,28683,0,0,0,65951,2.299306209,94634,0.890003227
2506b144-ovo_06_t206_aug_2.png,28683,0,0,0,65590,2.286720357,94273,0.824304615
253bf384-ovo_40_t41.png,46275,0,0,0,36485,0.788438682,82760,0.869330559
253bf384-ovo_40_t41_aug_0.png,46275,0,0,0,36485,0.788438682,82760,0.869330559
253bf384-ovo_40_t41_aug_1.png,46275,0,0,0,36485,0.788438682,82760,0.869330559
253bf384-ovo_40_t41_aug_2.png,46275,0,0,0,36486,0.788460292,82761,0.852993314
25661f40-ovo_22_t156.png,43636,0,0,0,38113,0.873430195,81749,0.880629469
25661f40-ovo_22_t156_aug_0.png,43635,0,0,0,38114,0.873473129,81749,0.819134868
25661f40-ovo_22_t156_aug_1.png,43644,0,0,0,38104,0.87306388,81748,0.820856545
25661f40-ovo_22_t156_aug_2.png,43636,0,0,0,38113,0.873430195,81749,0.880629469
257536b0-ovo_34_t6.png,24854,0,0,0,28424,1.143638851,53278,0.877320427
257536b0-ovo_34_t6_aug_0.png,24848,0,0,0,28419,1.14371378,53267,0.758881346
257536b0-ovo_34_t6_aug_1.png,24854,0,0,0,28424,1.143638851,53278,0.877320427
257536b0-ovo_34_t6_aug_2.png,24842,0,0,0,28434,1.144593833,53276,0.749309773
25e08370-ovo_15_t21.png,38876,0,0,0,30620,0.787632472,69496,0.878691316
25e08370-ovo_15_t21_aug_0.png,38865,0,0,0,30630,0.788112698,69495,0.758068156
25e08370-ovo_15_t21_aug_1.png,38870,0,0,0,30633,0.7880885,69503,0.78908083
25e08370-ovo_15_t21_aug_2.png,38876,0,0,0,30620,0.787632472,69496,0.878691316
25fb37d8-ovo_21_t136.png,45621,0,0,0,37690,0.826154622,83311,0.875565774
25fb37d8-ovo_21_t136_aug_0.png,45610,0,0,0,37691,0.826375795,83301,0.759821249
25fb37d8-ovo_21_t136_aug_1.png,45617,0,0,0,37699,0.826424359,83316,0.772104465
25fb37d8-ovo_21_t136_aug_2.png,45621,0,0,0,37690,0.826154622,83311,0.875565774
26104adf-eovo_104_t1.png,0,0,0,0,191598,0,191598,0.864392376
26104adf-eovo_104_t1_aug_0.png,0,0,0,0,191602,0,191602,0.832012375
26104adf-eovo_104_t1_aug_1.png,0,0,0,0,191598,0,191598,0.864392376
26104adf-eovo_104_t1_aug_2.png,0,0,0,0,191606,0,191606,0.754095072
2617be16-ovo_39_t271.png,40145,0,0,0,41621,1.036766721,81766,0.878679524
2617be16-ovo_39_t271_aug_0.png,40145,0,0,0,41621,1.036766721,81766,0.878679524
2617be16-ovo_39_t271_aug_1.png,40153,0,0,0,41619,1.036510348,81772,0.767810073
2617be16-ovo_39_t271_aug_2.png,40146,0,0,0,41621,1.036740896,81767,0.780820938
262e4779-ovo_09_t216.png,42459,2126,1,0.050071834,36826,0.867330837,81411,0.866861817
262e4779-ovo_09_t216_aug_0.png,42459,2126,1,0.050071834,36826,0.867330837,81411,0.866861817
262e4779-ovo_09_t216_aug_1.png,42459,2126,1,0.050071834,36826,0.867330837,81411,0.866861817
262e4779-ovo_09_t216_aug_2.png,42457,2123,1,0.050003533,36836,0.867607226,81416,0.767922979
268358c4-ovo_06_t26.png,33810,0,0,0,59870,1.770777876,93680,0.87991596
268358c4-ovo_06_t26_aug_0.png,33810,0,0,0,59870,1.770777876,93680,0.87991596
268358c4-ovo_06_t26_aug_1.png,33810,0,0,0,59870,1.770777876,93680,0.87991596
268358c4-ovo_06_t26_aug_2.png,33810,0,0,0,59870,1.770777876,93680,0.87991596
26f6fc0d-ovo_52_t86.png,45171,0,0,0,35156,0.778286954,80327,0.875007474
26f6fc0d-ovo_52_t86_aug_0.png,45174,0,0,0,35145,0.777991765,80319,0.811771994
26f6fc0d-ovo_52_t86_aug_1.png,45171,0,0,0,35156,0.778286954,80327,0.875007474
26f6fc0d-ovo_52_t86_aug_2.png,45165,0,0,0,35155,0.778368205,80320,0.751910923
270a9025-ovo_55_t226.png,45313,0,0,0,34613,0.763864675,79926,0.863149422
270a9025-ovo_55_t226_aug_0.png,45309,0,0,0,34618,0.764042464,79927,0.807761256
270a9025-ovo_55_t226_aug_1.png,45313,0,0,0,34613,0.763864675,79926,0.863149422
270a9025-ovo_55_t226_aug_2.png,45316,0,0,0,34612,0.763792038,79928,0.783427087
27a6cc44-eovo_217_t1.png,0,0,0,0,214895,0,214895,0.851058025
27a6cc44-eovo_217_t1_aug_0.png,0,0,0,0,214895,0,214895,0.851058025
27a6cc44-eovo_217_t1_aug_1.png,0,0,0,0,214898,0,214898,0.820626797
27a6cc44-eovo_217_t1_aug_2.png,0,0,0,0,214895,0,214895,0.851058025
27b46898-ovo_18_t156.png,44257,0,0,0,26096,0.589646836,70353,0.868612624
27b46898-ovo_18_t156_aug_0.png,44257,0,0,0,26096,0.589646836,70353,0.868612624
27b46898-ovo_18_t156_aug_1.png,44252,0,0,0,26101,0.589826449,70353,0.821447437
27b46898-ovo_18_t156_aug_2.png,44262,0,0,0,26084,0.589309114,70346,0.777565659
27e0a5b9-ovo_53_t56.png,41736,0,0,0,32831,0.786635039,74567,0.870190641
27e0a5b9-ovo_53_t56_aug_0.png,41737,0,0,0,32827,0.786520354,74564,0.743380971
27e0a5b9-ovo_53_t56_aug_1.png,41736,0,0,0,32831,0.786635039,74567,0.870190641
27e0a5b9-ovo_53_t56_aug_2.png,41732,0,0,0,32838,0.786878175,74570,0.767217913
281d2cfd-ovo_33_t191.png,41969,0,0,0,31395,0.748052134,73364,0.879769348
281d2cfd-ovo_33_t191_aug_0.png,41971,0,0,0,31392,0.74794501,73363,0.861908007
281d2cfd-ovo_33_t191_aug_1.png,41969,0,0,0,31396,0.748075961,73365,0.773033335
281d2cfd-ovo_33_t191_aug_2.png,41965,0,0,0,31399,0.748218754,73364,0.80789414
2835f5ec-ovo_18_t16.png,40260,0,0,0,21595,0.536388475,61855,0.874241476
2835f5ec-ovo_18_t16_aug_0.png,40258,0,0,0,21592,0.536340603,61850,0.783780986
2835f5ec-ovo_18_t16_aug_1.png,40266,0,0,0,21591,0.536209209,61857,0.776623535
2835f5ec-ovo_18_t16_aug_2.png,40257,0,0,0,21598,0.536502968,61855,0.812020773
288d3d95-ovo_55_t151.png,46114,0,0,0,35586,0.771696231,81700,0.871437547
288d3d95-ovo_55_t151_aug_0.png,46117,0,0,0,35588,0.771689399,81705,0.835719432
288d3d95-ovo_55_t151_aug_1.png,46114,0,0,0,35586,0.771696231,81700,0.871437547
288d3d95-ovo_55_t151_aug_2.png,46114,0,0,0,35586,0.771696231,81700,0.871437547
296d9373-ovo_31_t131.png,43427,0,0,0,27809,0.640361987,71236,0.890210225
296d9373-ovo_31_t131_aug_0.png,43427,0,0,0,27809,0.640361987,71236,0.890210225
296d9373-ovo_31_t131_aug_1.png,43427,0,0,0,27809,0.640361987,71236,0.890210225
296d9373-ovo_31_t131_aug_2.png,43427,0,0,0,27809,0.640361987,71236,0.890210225
29fcb177-ovo_31_t1.png,0,0,0,0,73967,0,73967,0.895778852
29fcb177-ovo_31_t1_aug_0.png,0,0,0,0,73967,0,73967,0.895778852
29fcb177-ovo_31_t1_aug_1.png,0,0,0,0,73967,0,73967,0.895778852
29fcb177-ovo_31_t1_aug_2.png,0,0,0,0,73967,0,73967,0.895778852
2a12dd5a-eovo_3_t1.png,0,0,0,0,229800,0,229800,0.850887249
2a12dd5a-eovo_3_t1_aug_0.png,0,0,0,0,229800,0,229800,0.850887249
2a12dd5a-eovo_3_t1_aug_1.png,0,0,0,0,229800,0,229800,0.850887249
2a12dd5a-eovo_3_t1_aug_2.png,0,0,0,0,229787,0,229787,0.758347048
2a237265-eovo_416_t1.png,85269,0,0,0,131709,1.544629349,216978,0.873591358
2a237265-eovo_416_t1_aug_0.png,85269,0,0,0,131705,1.544582439,216974,0.842727332
2a237265-eovo_416_t1_aug_1.png,85269,0,0,0,131709,1.544629349,216978,0.873591358
2a237265-eovo_416_t1_aug_2.png,85269,0,0,0,131709,1.544629349,216978,0.873591358
2a408850-ovo_53_t81.png,44019,0,0,0,32038,0.727822077,76057,0.881024824
2a408850-ovo_53_t81_aug_0.png,44021,0,0,0,32031,0.727629995,76052,0.759717309
2a408850-ovo_53_t81_aug_1.png,44009,0,0,0,32052,0.728305574,76061,0.758056777
2a408850-ovo_53_t81_aug_2.png,44012,0,0,0,32046,0.728119604,76058,0.844124937
2a43502f-ovo_51_t46.png,47506,0,0,0,35107,0.739001389,82613,0.881082079
2a43502f-ovo_51_t46_aug_0.png,47506,0,0,0,35107,0.739001389,82613,0.881082079
2a43502f-ovo_51_t46_aug_1.png,47504,0,0,0,35110,0.739095655,82614,0.842233838
2a43502f-ovo_51_t46_aug_2.png,47506,0,0,0,35107,0.739001389,82613,0.881082079
2bc1a433-ovo_38_t51.png,48484,0,0,0,40542,0.836193383,89026,0.885754767
2bc1a433-ovo_38_t51_aug_0.png,48484,0,0,0,40542,0.836193383,89026,0.885754767
2bc1a433-ovo_38_t51_aug_1.png,48484,0,0,0,40542,0.836193383,89026,0.885754767
2bc1a433-ovo_38_t51_aug_2.png,48484,0,0,0,40542,0.836193383,89026,0.885754767
2bfd08f1-ovo_55_t266.png,46714,0,0,0,30387,0.650490217,77101,0.863455287
2bfd08f1-ovo_55_t266_aug_0.png,46717,0,0,0,30386,0.650427039,77103,0.750033721
2bfd08f1-ovo_55_t266_aug_1.png,46726,0,0,0,30372,0.65000214,77098,0.748426431
2bfd08f1-ovo_55_t266_aug_2.png,46720,0,0,0,30376,0.650171233,77096,0.765035783
2c0e9c55-ovo_47_t196.png,41165,0,0,0,47541,1.154888862,88706,0.88420705
2c0e9c55-ovo_47_t196_aug_0.png,41165,0,0,0,47541,1.154888862,88706,0.88420705
2c0e9c55-ovo_47_t196_aug_1.png,41165,0,0,0,47541,1.154888862,88706,0.88420705
2c0e9c55-ovo_47_t196_aug_2.png,41163,0,0,0,47544,1.155017856,88707,0.768560806
2c50f885-eovo_92_t1.png,0,0,0,0,203080,0,203080,0.869111706
2c50f885-eovo_92_t1_aug_0.png,0,0,0,0,203083,0,203083,0.858069324
2c50f885-eovo_92_t1_aug_1.png,0,0,0,0,203080,0,203080,0.869111706
2c50f885-eovo_92_t1_aug_2.png,0,0,0,0,203086,0,203086,0.767319914
2d5abe1a-ovo_55_t156.png,45978,0,0,0,35688,0.776197312,81666,0.868618407
2d5abe1a-ovo_55_t156_aug_0.png,45979,0,0,0,35674,0.775875943,81653,0.762468037
2d5abe1a-ovo_55_t156_aug_1.png,45978,0,0,0,35688,0.776197312,81666,0.868618407
2d5abe1a-ovo_55_t156_aug_2.png,45982,0,0,0,35679,0.775934061,81661,0.770694422
2d614acf-ovo_09_t131.png,48367,0,0,0,37379,0.772820311,85746,0.887406655
2d614acf-ovo_09_t131_aug_0.png,48367,0,0,0,37379,0.772820311,85746,0.887406655
2d614acf-ovo_09_t131_aug_1.png,48368,0,0,0,37378,0.772783659,85746,0.83106724
2d614acf-ovo_09_t131_aug_2.png,48365,0,0,0,37385,0.772976326,85750,0.855143352
2daad8ff-ovo_04_t136.png,46520,0,0,0,32611,0.701010318,79131,0.874729056
2daad8ff-ovo_04_t136_aug_0.png,46526,0,0,0,32623,0.701177836,79149,0.763990652
2daad8ff-ovo_04_t136_aug_1.png,46529,0,0,0,32611,0.700874723,79140,0.775480849
2daad8ff-ovo_04_t136_aug_2.png,46520,0,0,0,32613,0.70105331,79133,0.8708859
2db7d455-ovo_04_t261.png,47159,0,0,0,33575,0.71195318,80734,0.86660769
2db7d455-ovo_04_t261_aug_0.png,47160,0,0,0,33575,0.711938083,80735,0.851066286
2db7d455-ovo_04_t261_aug_1.png,47160,0,0,0,33578,0.712001696,80738,0.823873774
2db7d455-ovo_04_t261_aug_2.png,47157,0,0,0,33572,0.711919757,80729,0.763261353
2e58f874-ovo_55_t71.png,45734,0,0,0,34512,0.754624568,80246,0.868319467
2e58f874-ovo_55_t71_aug_0.png,45734,0,0,0,34512,0.754624568,80246,0.868319467
2e58f874-ovo_55_t71_aug_1.png,45734,0,0,0,34512,0.754624568,80246,0.868319467
2e58f874-ovo_55_t71_aug_2.png,45722,0,0,0,34522,0.755041337,80244,0.749850825
2ed88821-eovo_62_t1.png,81,0,0,0,201195,2483.888889,201276,0.88010588
2ed88821-eovo_62_t1_aug_0.png,81,0,0,0,201195,2483.888889,201276,0.88010588
2ed88821-eovo_62_t1_aug_1.png,74,0,0,0,201188,2718.756757,201262,0.849215618
2ed88821-eovo_62_t1_aug_2.png,72,0,0,0,201195,2794.375,201267,0.815371739
2eee0257-ovo_06_t6.png,36443,0,0,0,57180,1.569025602,93623,0.851754995
2eee0257-ovo_06_t6_aug_0.png,36443,0,0,0,57180,1.569025602,93623,0.851754995
2eee0257-ovo_06_t6_aug_1.png,36443,0,0,0,57180,1.569025602,93623,0.851754995
2eee0257-ovo_06_t6_aug_2.png,36443,0,0,0,57180,1.569025602,93623,0.851754995
2f10feea-ovo_51_t181.png,45741,0,0,0,34671,0.757985177,80412,0.884830083
2f10feea-ovo_51_t181_aug_0.png,45741,0,0,0,34671,0.757985177,80412,0.884830083
2f10feea-ovo_51_t181_aug_1.png,45745,0,0,0,34667,0.757831457,80412,0.780951789
2f10feea-ovo_51_t181_aug_2.png,45738,0,0,0,34675,0.758122349,80413,0.867638156
2f4b0797-ovo_05_t61.png,47255,0,0,0,47775,1.011004127,95030,0.885127807
2f4b0797-ovo_05_t61_aug_0.png,47255,0,0,0,47775,1.011004127,95030,0.885127807
2f4b0797-ovo_05_t61_aug_1.png,47255,0,0,0,47775,1.011004127,95030,0.885127807
2f4b0797-ovo_05_t61_aug_2.png,47255,0,0,0,47760,1.0106867,95015,0.780430437
2f9ec253-ovo_06_t251.png,28381,0,0,0,66426,2.340509496,94807,0.870797975
2f9ec253-ovo_06_t251_aug_0.png,28381,0,0,0,66426,2.340509496,94807,0.870797975
2f9ec253-ovo_06_t251_aug_1.png,28379,0,0,0,64975,2.289545086,93354,0.771333166
2f9ec253-ovo_06_t251_aug_2.png,28381,0,0,0,66426,2.340509496,94807,0.870797975
2fe91c5f-ovo_40_t31.png,46502,0,0,0,38912,0.836781214,85414,0.875073995
2fe91c5f-ovo_40_t31_aug_0.png,46502,0,0,0,38912,0.836781214,85414,0.875073995
2fe91c5f-ovo_40_t31_aug_1.png,46498,0,0,0,38915,0.836917717,85413,0.805387675
2fe91c5f-ovo_40_t31_aug_2.png,46502,0,0,0,38912,0.836781214,85414,0.875073995
2ffc749a-ovo_06_t56.png,32981,0,0,0,58393,1.77050423,91374,0.874496886
2ffc749a-ovo_06_t56_aug_0.png,32966,0,0,0,57968,1.758417764,90934,0.803958343
2ffc749a-ovo_06_t56_aug_1.png,32972,0,0,0,58240,1.766347204,91212,0.844247387
2ffc749a-ovo_06_t56_aug_2.png,32980,0,0,0,58405,1.770921771,91385,0.78792975
304626cc-ovo_53_t36.png,40399,0,0,0,29904,0.740216342,70303,0.872906769
304626cc-ovo_53_t36_aug_0.png,40400,0,0,0,29904,0.74019802,70304,0.866164192
304626cc-ovo_53_t36_aug_1.png,40399,0,0,0,29904,0.740216342,70303,0.872906769
304626cc-ovo_53_t36_aug_2.png,40397,0,0,0,29910,0.740401515,70307,0.851746571
3077923a-ovo_33_t231.png,41097,0,0,0,31970,0.777915663,73067,0.876655518
3077923a-ovo_33_t231_aug_0.png,41100,0,0,0,31977,0.778029197,73077,0.789405576
3077923a-ovo_33_t231_aug_1.png,41095,0,0,0,31978,0.778148193,73073,0.833671242
3077923a-ovo_33_t231_aug_2.png,41100,0,0,0,31969,0.77783455,73069,0.778506491
30d15850-ovo_24_t71.png,42880,0,0,0,37911,0.88411847,80791,0.877344676
30d15850-ovo_24_t71_aug_0.png,42880,0,0,0,37911,0.88411847,80791,0.877344676
30d15850-ovo_24_t71_aug_1.png,42876,0,0,0,37914,0.884270921,80790,0.872714235
30d15850-ovo_24_t71_aug_2.png,42880,0,0,0,37911,0.88411847,80791,0.877344676
30e322a4-ovo_53_t151.png,42801,0,0,0,32677,0.76346347,75478,0.880479582
30e322a4-ovo_53_t151_aug_0.png,42801,0,0,0,32677,0.76346347,75478,0.880479582
30e322a4-ovo_53_t151_aug_1.png,42801,0,0,0,32677,0.76346347,75478,0.880479582
30e322a4-ovo_53_t151_aug_2.png,42801,0,0,0,32677,0.76346347,75478,0.880479582
3155c736-ovo_06_t181.png,30552,0,0,0,62277,2.038393559,92829,0.875420795
3155c736-ovo_06_t181_aug_0.png,30552,0,0,0,62277,2.038393559,92829,0.875420795
3155c736-ovo_06_t181_aug_1.png,30552,0,0,0,62277,2.038393559,92829,0.875420795
3155c736-ovo_06_t181_aug_2.png,30552,0,0,0,62277,2.038393559,92829,0.875420795
31560c2e-ovo_08_t41.png,47156,0,0,0,34693,0.735707015,81849,0.868863274
31560c2e-ovo_08_t41_aug_0.png,47156,0,0,0,34693,0.735707015,81849,0.868863274
31560c2e-ovo_08_t41_aug_1.png,47153,0,0,0,34703,0.735965898,81856,0.825596279
31560c2e-ovo_08_t41_aug_2.png,47158,0,0,0,34698,0.73578184,81856,0.82699142
318188db-ovo_51_t251.png,46302,0,0,0,30944,0.668308064,77246,0.873812444
318188db-ovo_51_t251_aug_0.png,46302,0,0,0,30944,0.668308064,77246,0.873812444
318188db-ovo_51_t251_aug_1.png,46302,0,0,0,30944,0.668308064,77246,0.873812444
318188db-ovo_51_t251_aug_2.png,46297,0,0,0,30947,0.66844504,77244,0.766034815
31a9d465-ovo_05_t101.png,47648,0,0,0,45362,0.95202317,93010,0.883452511
31a9d465-ovo_05_t101_aug_0.png,47651,0,0,0,45361,0.951942247,93012,0.8212637
31a9d465-ovo_05_t101_aug_1.png,47641,0,0,0,45381,0.952561869,93022,0.753833125
31a9d465-ovo_05_t101_aug_2.png,47638,0,0,0,45376,0.952516898,93014,0.762151516
320505cc-eovo_648_t1.png,86294,0,0,0,100570,1.165434445,186864,0.858781203
320505cc-eovo_648_t1_aug_0.png,86294,0,0,0,100568,1.165411268,186862,0.819405595
320505cc-eovo_648_t1_aug_1.png,86294,0,0,0,100570,1.165434445,186864,0.858781203
320505cc-eovo_648_t1_aug_2.png,86296,0,0,0,100554,1.165222027,186850,0.761252173
32341fa0-ovo_24_t31.png,43284,0,0,0,36405,0.841072914,79689,0.877070445
32341fa0-ovo_24_t31_aug_0.png,43282,0,0,0,36408,0.841181091,79690,0.759132934
32341fa0-ovo_24_t31_aug_1.png,43284,0,0,0,36405,0.841072914,79689,0.877070445
32341fa0-ovo_24_t31_aug_2.png,43284,0,0,0,36405,0.841072914,79689,0.877070445
323b05ba-ovo_52_t256.png,44804,0,0,0,33147,0.739822337,77951,0.868966001
323b05ba-ovo_52_t256_aug_0.png,44809,0,0,0,33152,0.739851369,77961,0.791941754
323b05ba-ovo_52_t256_aug_1.png,44804,0,0,0,33147,0.739822337,77951,0.868966001
323b05ba-ovo_52_t256_aug_2.png,44809,0,0,0,33160,0.740029905,77969,0.73926072
327cca3b-eovo_440_t1.png,106762,0,0,0,106446,0.997040145,213208,0.875600768
327cca3b-eovo_440_t1_aug_0.png,106764,0,0,0,106431,0.996880971,213195,0.773809166
327cca3b-eovo_440_t1_aug_1.png,106762,0,0,0,106446,0.997040145,213208,0.875600768
327cca3b-eovo_440_t1_aug_2.png,106754,0,0,0,106456,0.997208536,213210,0.800296841
32baaccf-eovo_533_t1.png,91374,0,0,0,89615,0.980749447,180989,0.865621043
32baaccf-eovo_533_t1_aug_0.png,91380,0,0,0,89585,0.980356752,180965,0.761127299
32baaccf-eovo_533_t1_aug_1.png,91374,0,0,0,89615,0.980749447,180989,0.865621043
32baaccf-eovo_533_t1_aug_2.png,91374,0,0,0,89615,0.980749447,180989,0.865621043
32cc0c0b-ovo_11_t96.png,41725,0,0,0,30985,0.742600359,72710,0.870683709
32cc0c0b-ovo_11_t96_aug_0.png,41725,0,0,0,30985,0.742600359,72710,0.870683709
32cc0c0b-ovo_11_t96_aug_1.png,41725,0,0,0,30985,0.742600359,72710,0.870683709
32cc0c0b-ovo_11_t96_aug_2.png,41725,0,0,0,30985,0.742600359,72710,0.870683709
33310097-ovo_47_t91.png,42065,0,0,0,41629,0.989635089,83694,0.876709813
33310097-ovo_47_t91_aug_0.png,42065,0,0,0,41629,0.989635089,83694,0.876709813
33310097-ovo_47_t91_aug_1.png,42065,0,0,0,41629,0.989635089,83694,0.876709813
33310097-ovo_47_t91_aug_2.png,42061,0,0,0,41628,0.989705428,83689,0.792736595
336e3ea2-eovo_483_t1.png,80884,0,0,0,98796,1.221452945,179680,0.862614293
336e3ea2-eovo_483_t1_aug_0.png,80884,0,0,0,98804,1.221551852,179688,0.828626396
336e3ea2-eovo_483_t1_aug_1.png,80886,0,0,0,98801,1.221484559,179687,0.818499466
336e3ea2-eovo_483_t1_aug_2.png,80894,0,0,0,98775,1.221042352,179669,0.796259913
3436ca8b-ovo_10_t131.png,44283,0,0,0,35226,0.795474561,79509,0.870799651
3436ca8b-ovo_10_t131_aug_0.png,44292,0,0,0,35222,0.795222614,79514,0.768030573
3436ca8b-ovo_10_t131_aug_1.png,44281,0,0,0,35231,0.795623405,79512,0.770729584
3436ca8b-ovo_10_t131_aug_2.png,44283,0,0,0,35226,0.795474561,79509,0.870799651
347ea432-ovo_19_t76.png,43109,0,0,0,22480,0.521468835,65589,0.150759485
347ea432-ovo_19_t76_aug_0.png,43109,0,0,0,22480,0.521468835,65589,0.150759485
347ea432-ovo_19_t76_aug_1.png,43104,0,0,0,22479,0.521506125,65583,0.136814906
347ea432-ovo_19_t76_aug_2.png,43103,0,0,0,22475,0.521425423,65578,0.13685673
34ae94b2-ovo_05_t146.png,47186,0,0,0,42888,0.908913661,90074,0.887790783
34ae94b2-ovo_05_t146_aug_0.png,47186,0,0,0,42888,0.908913661,90074,0.887790783
34ae94b2-ovo_05_t146_aug_1.png,47186,0,0,0,42888,0.908913661,90074,0.887790783
34ae94b2-ovo_05_t146_aug_2.png,47186,0,0,0,42888,0.908913661,90074,0.887790783
34c9c541-ovo_31_t266.png,46280,0,0,0,23716,0.512445981,69996,0.879180189
34c9c541-ovo_31_t266_aug_0.png,46280,0,0,0,23716,0.512445981,69996,0.879180189
34c9c541-ovo_31_t266_aug_1.png,46280,0,0,0,23716,0.512445981,69996,0.879180189
34c9c541-ovo_31_t266_aug_2.png,46280,0,0,0,23716,0.512445981,69996,0.879180189
353b1036-eovo_422_t1.png,94432,0,0,0,119018,1.260356659,213450,0.860483186
353b1036-eovo_422_t1_aug_0.png,94432,0,0,0,119018,1.260356659,213450,0.860483186
353b1036-eovo_422_t1_aug_1.png,94432,0,0,0,119018,1.260356659,213450,0.860483186
353b1036-eovo_422_t1_aug_2.png,94429,0,0,0,119020,1.26041788,213449,0.769276628
35630b63-ovo_53_t141.png,43025,0,0,0,36807,0.855479372,79832,0.889069393
35630b63-ovo_53_t141_aug_0.png,43016,0,0,0,36819,0.855937326,79835,0.793941371
35630b63-ovo_53_t141_aug_1.png,43023,0,0,0,36809,0.855565628,79832,0.864405407
35630b63-ovo_53_t141_aug_2.png,43021,0,0,0,36805,0.855512424,79826,0.768648084
3631abd4-eovo_28_t1.png,0,0,0,0,201160,0,201160,0.818485638
3631abd4-eovo_28_t1_aug_0.png,0,0,0,0,201156,0,201156,0.766918182
3631abd4-eovo_28_t1_aug_1.png,0,0,0,0,201160,0,201160,0.818485638
3631abd4-eovo_28_t1_aug_2.png,0,0,0,0,201160,0,201160,0.783905931
364c62d0-ovo_55_t296.png,46585,0,0,0,36829,0.790576366,83414,0.866297402
364c62d0-ovo_55_t296_aug_0.png,46585,0,0,0,36829,0.790576366,83414,0.866297402
364c62d0-ovo_55_t296_aug_1.png,46585,0,0,0,36829,0.790576366,83414,0.866297402
364c62d0-ovo_55_t296_aug_2.png,46585,0,0,0,36831,0.790619298,83416,0.808695357
36d25186-eovo_43_t1.png,0,0,0,0,222370,0,222370,0.864069132
36d25186-eovo_43_t1_aug_0.png,0,0,0,0,222370,0,222370,0.864069132
36d25186-eovo_43_t1_aug_1.png,0,0,0,0,222364,0,222364,0.74739858
36d25186-eovo_43_t1_aug_2.png,0,0,0,0,222370,0,222370,0.864069132
37e9bb64-ovo_52_t266.png,45364,0,0,0,35155,0.774953708,80519,0.860756154
37e9bb64-ovo_52_t266_aug_0.png,45363,0,0,0,35159,0.775058969,80522,0.843007162
37e9bb64-ovo_52_t266_aug_1.png,45361,0,0,0,35145,0.774784507,80506,0.743456592
37e9bb64-ovo_52_t266_aug_2.png,45364,0,0,0,35155,0.774953708,80519,0.860756154
38224f12-ovo_47_t141.png,39609,0,0,0,50641,1.278522558,90250,0.874832326
38224f12-ovo_47_t141_aug_0.png,39609,0,0,0,50641,1.278522558,90250,0.874832326
38224f12-ovo_47_t141_aug_1.png,39608,0,0,0,50640,1.27852959,90248,0.849887128
38224f12-ovo_47_t141_aug_2.png,39604,0,0,0,50643,1.278734471,90247,0.827981686
38c2af8c-ovo_53_t261.png,46201,0,0,0,34550,0.747819311,80751,0.887048511
38c2af8c-ovo_53_t261_aug_0.png,46201,0,0,0,34550,0.747819311,80751,0.887048511
38c2af8c-ovo_53_t261_aug_1.png,46206,0,0,0,34539,0.747500325,80745,0.841072657
38c2af8c-ovo_53_t261_aug_2.png,46201,0,0,0,34550,0.747819311,80751,0.887048511
38fb6df2-ovo_34_t101.png,24177,0,0,0,28984,1.19882533,53161,0.880681204
38fb6df2-ovo_34_t101_aug_0.png,24177,0,0,0,28984,1.19882533,53161,0.880681204
38fb6df2-ovo_34_t101_aug_1.png,24181,0,0,0,28978,1.198378893,53159,0.853013126
38fb6df2-ovo_34_t101_aug_2.png,24177,0,0,0,28984,1.19882533,53161,0.880681204
3904beb5-ovo_52_t216.png,46107,0,0,0,32560,0.706183443,78667,0.875075533
3904beb5-ovo_52_t216_aug_0.png,46107,0,0,0,32560,0.706183443,78667,0.875075533
3904beb5-ovo_52_t216_aug_1.png,46107,0,0,0,32560,0.706183443,78667,0.875075533
3904beb5-ovo_52_t216_aug_2.png,46107,0,0,0,32560,0.706183443,78667,0.875075533
3970e6a1-ovo_05_t91.png,48146,0,0,0,44297,0.920055664,92443,0.885464776
3970e6a1-ovo_05_t91_aug_0.png,48147,0,0,0,44291,0.919911936,92438,0.80744716
3970e6a1-ovo_05_t91_aug_1.png,48144,0,0,0,44306,0.920280824,92450,0.768508499
3970e6a1-ovo_05_t91_aug_2.png,48148,0,0,0,44294,0.919955138,92442,0.85045792
399073e7-ovo_33_t11.png,40793,0,0,0,26119,0.640281421,66912,0.867905791
399073e7-ovo_33_t11_aug_0.png,40793,0,0,0,26119,0.640281421,66912,0.867905791
399073e7-ovo_33_t11_aug_1.png,40794,0,0,0,26119,0.640265725,66913,0.81392011
399073e7-ovo_33_t11_aug_2.png,40794,0,0,0,26120,0.640290239,66914,0.862936515
39a1771c-eovo_363_t1.png,0,0,0,0,211885,0,211885,0.876950328
39a1771c-eovo_363_t1_aug_0.png,0,0,0,0,211881,0,211881,0.763029741
39a1771c-eovo_363_t1_aug_1.png,0,0,0,0,211885,0,211885,0.876950328
39a1771c-eovo_363_t1_aug_2.png,0,0,0,0,211885,0,211885,0.876950328
39e33a4a-eovo_655_t1.png,98290,0,0,0,113267,1.152375623,211557,0.865823837
39e33a4a-eovo_655_t1_aug_0.png,98282,0,0,0,113279,1.152591522,211561,0.815643365
39e33a4a-eovo_655_t1_aug_1.png,98290,0,0,0,113267,1.152375623,211557,0.865823837
39e33a4a-eovo_655_t1_aug_2.png,98289,0,0,0,113281,1.152529785,211570,0.749521466
39efba2a-ovo_09_t126.png,48007,0,0,0,34125,0.710833837,82132,0.875922808
39efba2a-ovo_09_t126_aug_0.png,48007,0,0,0,34125,0.710833837,82132,0.875922808
39efba2a-ovo_09_t126_aug_1.png,48013,0,0,0,34124,0.710724179,82137,0.781152167
39efba2a-ovo_09_t126_aug_2.png,48007,0,0,0,34125,0.710833837,82132,0.875922808
3a15ce0b-ovo_05_t246.png,48023,0,0,0,44902,0.935010308,92925,0.880770073
3a15ce0b-ovo_05_t246_aug_0.png,48023,0,0,0,44902,0.935010308,92925,0.802312007
3a15ce0b-ovo_05_t246_aug_1.png,48023,0,0,0,44902,0.935010308,92925,0.880770073
3a15ce0b-ovo_05_t246_aug_2.png,48023,0,0,0,44903,0.935031131,92926,0.87608279
3aa0ebe3-eovo_658_t1.png,99355,0,0,0,120722,1.215057118,220077,0.862610525
3aa0ebe3-eovo_658_t1_aug_0.png,99355,0,0,0,120722,1.215057118,220077,0.862610525
3aa0ebe3-eovo_658_t1_aug_1.png,99355,0,0,0,120722,1.215057118,220077,0.862610525
3aa0ebe3-eovo_658_t1_aug_2.png,99358,0,0,0,120716,1.214960043,220074,0.791192602
3ae4a3d8-eovo_442_t1.png,92818,0,0,0,119099,1.283145511,211917,0.87286835
3ae4a3d8-eovo_442_t1_aug_0.png,92818,0,0,0,119099,1.283145511,211917,0.87286835
3ae4a3d8-eovo_442_t1_aug_1.png,92818,0,0,0,119099,1.283145511,211917,0.87286835
3ae4a3d8-eovo_442_t1_aug_2.png,92818,0,0,0,119099,1.283145511,211917,0.87286835
3b54708e-ovo_10_t221.png,43871,0,0,0,29591,0.674500239,73462,0.875507073
3b54708e-ovo_10_t221_aug_0.png,43880,0,0,0,29582,0.674156791,73462,0.840592115
3b54708e-ovo_10_t221_aug_1.png,43871,0,0,0,29591,0.674500239,73462,0.875507073
3b54708e-ovo_10_t221_aug_2.png,43871,0,0,0,29591,0.674500239,73462,0.875507073
3b79998c-eovo_55_t1.png,0,0,0,0,223621,0,223621,0.867216085
3b79998c-eovo_55_t1_aug_0.png,0,0,0,0,223621,0,223621,0.867216085
3b79998c-eovo_55_t1_aug_1.png,0,0,0,0,223621,0,223621,0.867216085
3b79998c-eovo_55_t1_aug_2.png,0,0,0,0,223620,0,223620,0.798034058
3bcf51ee-ovo_47_t166.png,40988,0,0,0,43660,1.065189812,84648,0.887148624
3bcf51ee-ovo_47_t166_aug_0.png,40984,0,0,0,43667,1.065464572,84651,0.768312412
3bcf51ee-ovo_47_t166_aug_1.png,40988,0,0,0,43660,1.065189812,84648,0.887148624
3bcf51ee-ovo_47_t166_aug_2.png,40988,0,0,0,43660,1.065189812,84648,0.887148624
3c4bba02-ovo_52_t246.png,45304,0,0,0,32757,0.723048737,78061,0.869231644
3c4bba02-ovo_52_t246_aug_0.png,45308,0,0,0,32753,0.722896619,78061,0.755158035
3c4bba02-ovo_52_t246_aug_1.png,45301,0,0,0,32763,0.723229068,78064,0.747078558
3c4bba02-ovo_52_t246_aug_2.png,45298,0,0,0,32764,0.723299042,78062,0.757183397
3c51896b-ovo_55_t166.png,46354,0,0,0,34729,0.749212581,81083,0.876887864
3c51896b-ovo_55_t166_aug_0.png,46348,0,0,0,34739,0.74952533,81087,0.780254868
3c51896b-ovo_55_t166_aug_1.png,46354,0,0,0,34729,0.749212581,81083,0.876887864
3c51896b-ovo_55_t166_aug_2.png,46354,0,0,0,34729,0.749212581,81083,0.876887864
3c7006f2-ovo_52_t56.png,43770,0,0,0,33708,0.770116518,77478,0.872622241
3c7006f2-ovo_52_t56_aug_0.png,43768,0,0,0,33712,0.7702431,77480,0.793625627
3c7006f2-ovo_52_t56_aug_1.png,43762,0,0,0,33721,0.770554362,77483,0.749847151
3c7006f2-ovo_52_t56_aug_2.png,43770,0,0,0,33708,0.770116518,77478,0.872622241
3d48399c-ovo_08_t86.png,46512,0,0,0,31524,0.677760578,78036,0.869737199
3d48399c-ovo_08_t86_aug_0.png,46517,0,0,0,31509,0.677365264,78026,0.774366391
3d48399c-ovo_08_t86_aug_1.png,46512,0,0,0,31524,0.677760578,78036,0.869737199
3d48399c-ovo_08_t86_aug_2.png,46516,0,0,0,31513,0.677465818,78029,0.739217424
3d55ed49-eovo_40_t1.png,0,0,0,0,201036,0,201036,0.851952515
3d55ed49-eovo_40_t1_aug_0.png,0,0,0,0,201044,0,201044,0.748390574
3d55ed49-eovo_40_t1_aug_1.png,0,0,0,0,201036,0,201036,0.851952515
3d55ed49-eovo_40_t1_aug_2.png,0,0,0,0,201036,0,201036,0.851952515
3d753ef8-ovo_25_t76.png,43658,0,0,0,46204,1.058316918,89862,0.877410416
3d753ef8-ovo_25_t76_aug_0.png,43653,0,0,0,46212,1.058621401,89865,0.798033035
3d753ef8-ovo_25_t76_aug_1.png,43658,0,0,0,46204,1.058316918,89862,0.877410416
3d753ef8-ovo_25_t76_aug_2.png,43658,0,0,0,46204,1.058316918,89862,0.877410416
3da1b7ee-ovo_12_t181.png,47370,0,0,0,26819,0.566160017,74189,0.860417083
3da1b7ee-ovo_12_t181_aug_0.png,47371,0,0,0,26818,0.566126955,74189,0.817598992
3da1b7ee-ovo_12_t181_aug_1.png,47370,0,0,0,26819,0.566160017,74189,0.860417083
3da1b7ee-ovo_12_t181_aug_2.png,47370,0,0,0,26819,0.566160017,74189,0.860417083
3db0845c-eovo_563_t1.png,94518,0,0,0,122758,1.298779069,217276,0.873760113
3db0845c-eovo_563_t1_aug_0.png,94517,0,0,0,122762,1.29883513,217279,0.85774751
3db0845c-eovo_563_t1_aug_1.png,94521,0,0,0,122762,1.298780165,217283,0.822710411
3db0845c-eovo_563_t1_aug_2.png,94522,0,0,0,122750,1.29863947,217272,0.864112418
3ddd0e9e-ovo_04_t241.png,46751,0,0,0,33556,0.717760048,80307,0.856144202
3ddd0e9e-ovo_04_t241_aug_0.png,46751,0,0,0,33556,0.717760048,80307,0.856144202
3ddd0e9e-ovo_04_t241_aug_1.png,46750,0,0,0,33556,0.717775401,80306,0.836838588
3ddd0e9e-ovo_04_t241_aug_2.png,46750,0,0,0,33552,0.71768984,80302,0.780076123
3df58246-ovo_53_t186.png,42471,0,0,0,34452,0.811188811,76923,0.872179792
3df58246-ovo_53_t186_aug_0.png,42472,0,0,0,34452,0.811169712,76924,0.860529214
3df58246-ovo_53_t186_aug_1.png,42471,0,0,0,34452,0.811188811,76923,0.872179792
3df58246-ovo_53_t186_aug_2.png,42469,0,0,0,34455,0.811297652,76924,0.813653961
3e49d95b-ovo_53_t201.png,41928,0,0,0,30367,0.724265407,72295,0.874774979
3e49d95b-ovo_53_t201_aug_0.png,41932,0,0,0,30363,0.724100925,72295,0.862291028
3e49d95b-ovo_53_t201_aug_1.png,41933,0,0,0,30369,0.724226743,72302,0.758938642
3e49d95b-ovo_53_t201_aug_2.png,41928,0,0,0,30367,0.724265407,72295,0.874774979
3e50f37c-eovo_448_t1.png,83173,0,0,0,124003,1.4909045,207176,0.869612414
3e50f37c-eovo_448_t1_aug_0.png,83173,0,0,0,124003,1.4909045,207176,0.869612414
3e50f37c-eovo_448_t1_aug_1.png,83173,0,0,0,124003,1.4909045,207176,0.869612414
3e50f37c-eovo_448_t1_aug_2.png,83166,0,0,0,124007,1.491078085,207173,0.80656265
3e59cfce-ovo_53_t291.png,46186,0,0,0,37561,0.813255099,83747,0.882436943
3e59cfce-ovo_53_t291_aug_0.png,46185,0,0,0,37569,0.813445924,83754,0.805916266
3e59cfce-ovo_53_t291_aug_1.png,46186,0,0,0,37561,0.813255099,83747,0.882436943
3e59cfce-ovo_53_t291_aug_2.png,46186,0,0,0,37562,0.813276751,83748,0.871072012
3f1c45b3-ovo_31_t176.png,43748,0,0,0,26974,0.616576758,70722,0.887306732
3f1c45b3-ovo_31_t176_aug_0.png,43748,0,0,0,26974,0.616576758,70722,0.887306732
3f1c45b3-ovo_31_t176_aug_1.png,43747,0,0,0,26978,0.616682287,70725,0.767338155
3f1c45b3-ovo_31_t176_aug_2.png,43751,0,0,0,26974,0.616534479,70725,0.790338405
3f8955d8-ovo_05_t256.png,47420,0,0,0,45437,0.958182202,92857,0.883236004
3f8955d8-ovo_05_t256_aug_0.png,47425,0,0,0,45428,0.957891407,92853,0.784358159
3f8955d8-ovo_05_t256_aug_1.png,47420,0,0,0,45437,0.958182202,92857,0.883236004
3f8955d8-ovo_05_t256_aug_2.png,47420,0,0,0,45437,0.958182202,92857,0.883236004
3fae56cb-ovo_33_t236.png,40857,0,0,0,31580,0.772939766,72437,0.868992728
3fae56cb-ovo_33_t236_aug_0.png,40857,0,0,0,31580,0.772939766,72437,0.868992728
3fae56cb-ovo_33_t236_aug_1.png,40857,0,0,0,31580,0.772939766,72437,0.868992728
3fae56cb-ovo_33_t236_aug_2.png,40855,0,0,0,31582,0.773026557,72437,0.834252055
3fee4319-ovo_23_t281.png,46627,0,0,0,47333,1.015141442,93960,0.886713754
3fee4319-ovo_23_t281_aug_0.png,46627,0,0,0,47340,1.015291569,93967,0.816100012
3fee4319-ovo_23_t281_aug_1.png,46628,0,0,0,47331,1.015076778,93959,0.800014289
3fee4319-ovo_23_t281_aug_2.png,46627,0,0,0,47333,1.015141442,93960,0.886713754
4095394e-ovo_04_t196.png,45856,0,0,0,31682,0.690901954,77538,0.875045926
4095394e-ovo_04_t196_aug_0.png,45856,0,0,0,31682,0.690901954,77538,0.875045926
4095394e-ovo_04_t196_aug_1.png,45856,0,0,0,31682,0.690901954,77538,0.875045926
4095394e-ovo_04_t196_aug_2.png,45856,0,0,0,31682,0.690901954,77538,0.875045926
410d132b-eovo_150_t1.png,0,0,0,0,211594,0,211594,0.866108355
410d132b-eovo_150_t1_aug_0.png,0,0,0,0,211585,0,211585,0.751688256
410d132b-eovo_150_t1_aug_1.png,0,0,0,0,211594,0,211594,0.866108355
410d132b-eovo_150_t1_aug_2.png,0,0,0,0,211601,0,211601,0.755700138
413b4bc2-ovo_38_t141.png,48943,0,0,0,47543,0.971395297,96486,0.875825963
413b4bc2-ovo_38_t141_aug_0.png,48943,0,0,0,47543,0.971395297,96486,0.875825963
413b4bc2-ovo_38_t141_aug_1.png,48942,0,0,0,47547,0.971496874,96489,0.837149724
413b4bc2-ovo_38_t141_aug_2.png,48947,0,0,0,47531,0.97107075,96478,0.763595465
41c3456c-ovo_52_t271.png,44703,0,0,0,30712,0.687023242,75415,0.872122324
41c3456c-ovo_52_t271_aug_0.png,44703,0,0,0,30709,0.686956133,75412,0.804860642
41c3456c-ovo_52_t271_aug_1.png,44703,0,0,0,30712,0.687023242,75415,0.872122324
41c3456c-ovo_52_t271_aug_2.png,44703,0,0,0,30712,0.687023242,75415,0.872122324
41e334c3-ovo_10_t136.png,43506,0,0,0,34922,0.802693881,78428,0.879445632
41e334c3-ovo_10_t136_aug_0.png,43514,0,0,0,34914,0.802362458,78428,0.762038787
41e334c3-ovo_10_t136_aug_1.png,43510,0,0,0,34911,0.802367272,78421,0.790590139
41e334c3-ovo_10_t136_aug_2.png,43502,0,0,0,34922,0.802767689,78424,0.851519778
41f57b59-ovo_11_t141.png,41887,0,0,0,33653,0.803423497,75540,0.871598752
41f57b59-ovo_11_t141_aug_0.png,41887,0,0,0,33653,0.803423497,75540,0.871598752
41f57b59-ovo_11_t141_aug_1.png,41890,0,0,0,33642,0.803103366,75532,0.769082527
41f57b59-ovo_11_t141_aug_2.png,41888,0,0,0,33651,0.80335657,75539,0.809057958
4242a58c-ovo_50_t181.png,48276,0,0,0,73346,1.519305659,121622,0.883058923
4242a58c-ovo_50_t181_aug_0.png,48276,0,0,0,73325,1.51887066,121601,0.823595713
4242a58c-ovo_50_t181_aug_1.png,48276,0,0,0,73346,1.519305659,121622,0.883058923
4242a58c-ovo_50_t181_aug_2.png,48279,0,0,0,73341,1.519107687,121620,0.846687033
4245e8d1-ovo_55_t66.png,45771,0,0,0,36130,0.789364445,81901,0.885027685
4245e8d1-ovo_55_t66_aug_0.png,45773,0,0,0,36139,0.789526577,81912,0.782389115
4245e8d1-ovo_55_t66_aug_1.png,45769,0,0,0,36134,0.789486334,81903,0.788946376
4245e8d1-ovo_55_t66_aug_2.png,45771,0,0,0,36130,0.789364445,81901,0.885027685
424e9197-ovo_53_t106.png,42542,0,0,0,30235,0.710709417,72777,0.879208717
424e9197-ovo_53_t106_aug_0.png,42542,0,0,0,30235,0.710709417,72777,0.879208717
424e9197-ovo_53_t106_aug_1.png,42542,0,0,0,30235,0.710709417,72777,0.879208717
424e9197-ovo_53_t106_aug_2.png,42541,0,0,0,30230,0.710608589,72771,0.767207322
42845df3-ovo_35_t116.png,48533,0,0,0,33355,0.687264336,81888,0.876194323
42845df3-ovo_35_t116_aug_0.png,48537,0,0,0,33351,0.687125286,81888,0.80952685
42845df3-ovo_35_t116_aug_1.png,48533,0,0,0,33355,0.687264336,81888,0.876194323
42845df3-ovo_35_t116_aug_2.png,48533,0,0,0,33355,0.687264336,81888,0.876194323
42c20d2a-ovo_51_t196.png,45695,0,0,0,34308,0.750804246,80003,0.886295082
42c20d2a-ovo_51_t196_aug_0.png,45689,0,0,0,34317,0.751099827,80006,0.864253998
42c20d2a-ovo_51_t196_aug_1.png,45695,0,0,0,34308,0.750804246,80003,0.886295082
42c20d2a-ovo_51_t196_aug_2.png,45695,0,0,0,34308,0.750804246,80003,0.886295082
4303adfe-ovo_05_t56.png,47335,0,0,0,44350,0.93693884,91685,0.877597997
4303adfe-ovo_05_t56_aug_0.png,47335,0,0,0,44350,0.93693884,91685,0.877597997
4303adfe-ovo_05_t56_aug_1.png,47333,0,0,0,44358,0.937147445,91691,0.814669258
4303adfe-ovo_05_t56_aug_2.png,47335,0,0,0,44350,0.93693884,91685,0.877597997
430ad431-ovo_11_t11.png,40947,0,0,0,38264,0.934476274,79211,0.869463436
430ad431-ovo_11_t11_aug_0.png,40947,0,0,0,38264,0.934476274,79211,0.869463436
430ad431-ovo_11_t11_aug_1.png,40950,0,0,0,38281,0.934822955,79231,0.762585808
430ad431-ovo_11_t11_aug_2.png,40959,0,0,0,38245,0.933738617,79204,0.748568224
4329fdf6-ovo_53_t21.png,39529,0,0,0,30634,0.774975335,70163,0.87921096
4329fdf6-ovo_53_t21_aug_0.png,39531,0,0,0,30632,0.774885533,70163,0.76880971
4329fdf6-ovo_53_t21_aug_1.png,39538,0,0,0,30621,0.77447013,70159,0.785913963
4329fdf6-ovo_53_t21_aug_2.png,39525,0,0,0,30637,0.775129665,70162,0.8091501
43650740-ovo_39_t1.png,41687,0,0,0,42893,1.028929882,84580,0.881253706
43650740-ovo_39_t1_aug_0.png,41688,0,0,0,42891,1.028857225,84579,0.843537918
43650740-ovo_39_t1_aug_1.png,41690,0,0,0,42885,1.028663948,84575,0.779043103
43650740-ovo_39_t1_aug_2.png,41685,0,0,0,42894,1.029003239,84579,0.819825194
4450e1fc-ovo_27_t211.png,40101,0,0,0,46097,1.149522456,86198,0.873572727
4450e1fc-ovo_27_t211_aug_0.png,40101,0,0,0,46096,1.149497519,86197,0.789446089
4450e1fc-ovo_27_t211_aug_1.png,40101,0,0,0,46097,1.149522456,86198,0.873572727
4450e1fc-ovo_27_t211_aug_2.png,40101,0,0,0,46097,1.149522456,86198,0.873572727
4454efc8-ovo_55_t201.png,44970,0,0,0,33822,0.752101401,78792,0.861799815
4454efc8-ovo_55_t201_aug_0.png,44970,0,0,0,33822,0.752101401,78792,0.861799815
4454efc8-ovo_55_t201_aug_1.png,44971,0,0,0,33830,0.752262569,78801,0.761101571
4454efc8-ovo_55_t201_aug_2.png,44970,0,0,0,33826,0.752190349,78796,0.829074745
44dd5eb9-eovo_420_t1.png,83151,0,0,0,102225,1.229389905,185376,0.873877622
44dd5eb9-eovo_420_t1_aug_0.png,83154,0,0,0,102220,1.229285422,185374,0.775919726
44dd5eb9-eovo_420_t1_aug_1.png,83151,0,0,0,102225,1.229389905,185376,0.873877622
44dd5eb9-eovo_420_t1_aug_2.png,83151,0,0,0,102225,1.229389905,185376,0.873877622
4514a20e-ovo_36_t76.png,45527,0,0,0,37068,0.814198168,82595,0.882238966
4514a20e-ovo_36_t76_aug_0.png,45527,0,0,0,37071,0.814264063,82598,0.816239924
4514a20e-ovo_36_t76_aug_1.png,45527,0,0,0,37063,0.814088343,82590,0.802775948
4514a20e-ovo_36_t76_aug_2.png,45529,0,0,0,37073,0.814272222,82602,0.837091836
45194dc9-ovo_10_t41.png,44558,0,0,0,36307,0.814825621,80865,0.882266689
45194dc9-ovo_10_t41_aug_0.png,44558,0,0,0,36307,0.814825621,80865,0.882266689
45194dc9-ovo_10_t41_aug_1.png,44558,0,0,0,36307,0.814825621,80865,0.858211341
45194dc9-ovo_10_t41_aug_2.png,44558,0,0,0,36307,0.814825621,80865,0.882266689
45d9e45f-ovo_55_t301.png,46038,0,0,0,36827,0.799926148,82865,0.878815937
45d9e45f-ovo_55_t301_aug_0.png,46036,0,0,0,36832,0.800069511,82868,0.783456598
45d9e45f-ovo_55_t301_aug_1.png,46038,0,0,0,36827,0.799926148,82865,0.878815937
45d9e45f-ovo_55_t301_aug_2.png,46038,0,0,0,36827,0.799926148,82865,0.878815937
460e3163-eovo_594_t1.png,97999,0,0,0,108799,1.110205206,206798,0.866571127
460e3163-eovo_594_t1_aug_0.png,98003,0,0,0,108788,1.110047652,206791,0.81953935
460e3163-eovo_594_t1_aug_1.png,97999,0,0,0,108799,1.110205206,206798,0.866571127
460e3163-eovo_594_t1_aug_2.png,97999,0,0,0,108799,1.110205206,206798,0.866571127
460fdab9-ovo_11_t6.png,39864,0,0,0,35284,0.885109372,75148,0.874397
460fdab9-ovo_11_t6_aug_0.png,39863,0,0,0,35292,0.885332263,75155,0.766167763
460fdab9-ovo_11_t6_aug_1.png,39864,0,0,0,35284,0.885109372,75148,0.874397
460fdab9-ovo_11_t6_aug_2.png,39864,0,0,0,35284,0.885109372,75148,0.874397
461656a4-eovo_353_t1.png,0,0,0,0,234594,0,234594,0.863372492
461656a4-eovo_353_t1_aug_0.png,0,0,0,0,234583,0,234583,0.771858182
461656a4-eovo_353_t1_aug_1.png,0,0,0,0,234594,0,234594,0.863372492
461656a4-eovo_353_t1_aug_2.png,0,0,0,0,234594,0,234594,0.863372492
46a31522-eovo_421_t1.png,100817,0,0,0,103778,1.029370047,204595,0.859138357
46a31522-eovo_421_t1_aug_0.png,100817,0,0,0,103778,1.029370047,204595,0.857147366
46a31522-eovo_421_t1_aug_1.png,100817,0,0,0,103778,1.029370047,204595,0.859138357
46a31522-eovo_421_t1_aug_2.png,100817,0,0,0,103778,1.029370047,204595,0.859138357
47392126-ovo_52_t211.png,45787,0,0,0,29636,0.647257955,75423,0.866553099
47392126-ovo_52_t211_aug_0.png,45786,0,0,0,29632,0.647184729,75418,0.753687513
47392126-ovo_52_t211_aug_1.png,45787,0,0,0,29636,0.647257955,75423,0.866553099
47392126-ovo_52_t211_aug_2.png,45795,0,0,0,29630,0.647013866,75425,0.756817681
475a12cc-eovo_223_t1.png,0,0,0,0,208365,0,208365,0.863178472
475a12cc-eovo_223_t1_aug_0.png,0,0,0,0,208365,0,208365,0.863178472
475a12cc-eovo_223_t1_aug_1.png,0,0,0,0,208365,0,208365,0.863178472
475a12cc-eovo_223_t1_aug_2.png,0,0,0,0,208365,0,208365,0.863178472
475ab81b-ovo_51_t226.png,45787,0,0,0,33923,0.740887151,79710,0.868606014
475ab81b-ovo_51_t226_aug_0.png,45787,0,0,0,33923,0.740887151,79710,0.868606014
475ab81b-ovo_51_t226_aug_1.png,45783,0,0,0,33927,0.74103925,79710,0.82134001
475ab81b-ovo_51_t226_aug_2.png,45780,0,0,0,33932,0.741197029,79712,0.782931188
47656f4f-eovo_453_t1.png,103228,0,0,0,117445,1.137724261,220673,0.831678117
47656f4f-eovo_453_t1_aug_0.png,103228,0,0,0,117445,1.137724261,220673,0.831678117
47656f4f-eovo_453_t1_aug_1.png,103227,0,0,0,117448,1.137764345,220675,0.722287436
47656f4f-eovo_453_t1_aug_2.png,103213,0,0,0,117451,1.137947739,220664,0.774794385
47ef017c-ovo_15_t151.png,42824,0,0,0,33129,0.773608257,75953,0.874381389
47ef017c-ovo_15_t151_aug_0.png,42824,0,0,0,33129,0.773608257,75953,0.874381389
47ef017c-ovo_15_t151_aug_1.png,42825,0,0,0,33138,0.77380035,75963,0.768229199
47ef017c-ovo_15_t151_aug_2.png,42824,0,0,0,33129,0.773608257,75953,0.874381389
485bc742-ovo_53_t51.png,40909,0,0,0,31215,0.763035029,72124,0.875104789
485bc742-ovo_53_t51_aug_0.png,40909,0,0,0,31215,0.763035029,72124,0.875104789
485bc742-ovo_53_t51_aug_1.png,40910,0,0,0,31213,0.76296749,72123,0.780561385
485bc742-ovo_53_t51_aug_2.png,40909,0,0,0,31216,0.763059473,72125,0.750869682
48dfd697-ovo_16_t191.png,48878,0,0,0,31148,0.637260117,80026,0.866725914
48dfd697-ovo_16_t191_aug_0.png,48879,0,0,0,31147,0.637226621,80026,0.778034732
48dfd697-ovo_16_t191_aug_1.png,48878,0,0,0,31148,0.637260117,80026,0.866725914
48dfd697-ovo_16_t191_aug_2.png,48878,0,0,0,31148,0.637260117,80026,0.866725914
4ab8c05a-ovo_23_t276.png,46035,0,0,0,53286,1.15751059,99321,0.881728739
4ab8c05a-ovo_23_t276_aug_0.png,46039,0,0,0,53286,1.157410022,99325,0.846837298
4ab8c05a-ovo_23_t276_aug_1.png,46034,0,0,0,53281,1.157427119,99315,0.778312178
4ab8c05a-ovo_23_t276_aug_2.png,46033,0,0,0,53294,1.157734669,99327,0.77754563
4ad6affc-ovo_24_t76.png,43088,0,0,0,37010,0.858939844,80098,0.877922934
4ad6affc-ovo_24_t76_aug_0.png,43088,0,0,0,37010,0.858939844,80098,0.877922934
4ad6affc-ovo_24_t76_aug_1.png,43088,0,0,0,37010,0.858939844,80098,0.877922934
4ad6affc-ovo_24_t76_aug_2.png,43089,0,0,0,37011,0.858943118,80100,0.822599119
4ae9ee75-ovo_52_t81.png,44362,0,0,0,37598,0.847527163,81960,0.87505991
4ae9ee75-ovo_52_t81_aug_0.png,44367,0,0,0,37585,0.847138639,81952,0.813249845
4ae9ee75-ovo_52_t81_aug_1.png,44362,0,0,0,37598,0.847527163,81960,0.87505991
4ae9ee75-ovo_52_t81_aug_2.png,44362,0,0,0,37598,0.847527163,81960,0.87505991
4ca88ad1-eovo_451_t1.png,92339,2795,1,0.0302689,89788,0.972373537,184922,0.865217542
4ca88ad1-eovo_451_t1_aug_0.png,92339,2795,1,0.0302689,89788,0.972373537,184922,0.865217542
4ca88ad1-eovo_451_t1_aug_1.png,92339,2795,1,0.0302689,89788,0.972373537,184922,0.865217542
4ca88ad1-eovo_451_t1_aug_2.png,92335,2793,1,0.030248551,89797,0.972513132,184925,0.828447086
4cba86d3-ovo_29_t76.png,41993,0,0,0,34248,0.815564499,76241,0.878523292
4cba86d3-ovo_29_t76_aug_0.png,41993,0,0,0,34248,0.815564499,76241,0.878523292
4cba86d3-ovo_29_t76_aug_1.png,41995,0,0,0,34249,0.81554947,76244,0.770425895
4cba86d3-ovo_29_t76_aug_2.png,41994,0,0,0,34246,0.815497452,76240,0.797625713
4cd2b987-ovo_38_t136.png,47982,0,0,0,46269,0.964299112,94251,0.878757135
4cd2b987-ovo_38_t136_aug_0.png,47982,0,0,0,46269,0.964299112,94251,0.878757135
4cd2b987-ovo_38_t136_aug_1.png,47976,0,0,0,46269,0.96441971,94245,0.818828471
4cd2b987-ovo_38_t136_aug_2.png,47982,0,0,0,46269,0.964299112,94251,0.878757135
4d094738-ovo_55_t46.png,45586,0,0,0,32749,0.718400386,78335,0.872118517
4d094738-ovo_55_t46_aug_0.png,45586,0,0,0,32749,0.718400386,78335,0.872118517
4d094738-ovo_55_t46_aug_1.png,45575,0,0,0,32756,0.718727372,78331,0.803091469
4d094738-ovo_55_t46_aug_2.png,45586,0,0,0,32749,0.718400386,78335,0.872118517
4d719e3b-ovo_55_t176.png,45718,0,0,0,34918,0.763769194,80636,0.861122609
4d719e3b-ovo_55_t176_aug_0.png,45716,0,0,0,34914,0.763715111,80630,0.770953897
4d719e3b-ovo_55_t176_aug_1.png,45719,0,0,0,34921,0.763818106,80640,0.737715158
4d719e3b-ovo_55_t176_aug_2.png,45716,0,0,0,34921,0.76386823,80637,0.800389807
4da1c172-ovo_05_t121.png,47504,0,0,0,47569,1.001368306,95073,0.884630894
4da1c172-ovo_05_t121_aug_0.png,47504,0,0,0,47569,1.001368306,95073,0.884630894
4da1c172-ovo_05_t121_aug_1.png,47503,0,0,0,47571,1.001431489,95074,0.77500834
4da1c172-ovo_05_t121_aug_2.png,47512,0,0,0,47565,1.001115508,95077,0.823490853
4de9abde-ovo_09_t81.png,48517,0,0,0,36509,0.752499124,85026,0.869800574
4de9abde-ovo_09_t81_aug_0.png,48517,0,0,0,36509,0.752499124,85026,0.869800574
4de9abde-ovo_09_t81_aug_1.png,48517,0,0,0,36509,0.752499124,85026,0.869800574
4de9abde-ovo_09_t81_aug_2.png,48517,0,0,0,36509,0.752499124,85026,0.869800574
4e2224c0-ovo_19_t116.png,44538,0,0,0,22880,0.513718622,67418,0.869610777
4e2224c0-ovo_19_t116_aug_0.png,44541,0,0,0,22878,0.513639119,67419,0.805272511
4e2224c0-ovo_19_t116_aug_1.png,44539,0,0,0,22884,0.513796897,67423,0.796370563
4e2224c0-ovo_19_t116_aug_2.png,44538,0,0,0,22880,0.513718622,67418,0.869610777
4e35ae6b-ovo_25_t26.png,44302,0,0,0,45476,1.026499932,89778,0.892196092
4e35ae6b-ovo_25_t26_aug_0.png,44302,0,0,0,45476,1.026499932,89778,0.892196092
4e35ae6b-ovo_25_t26_aug_1.png,44302,0,0,0,45476,1.026499932,89778,0.892196092
4e35ae6b-ovo_25_t26_aug_2.png,44302,0,0,0,45476,1.026499932,89778,0.892196092
4e786223-ovo_16_t56.png,49510,0,0,0,32932,0.665158554,82442,0.87350379
4e786223-ovo_16_t56_aug_0.png,49508,0,0,0,32939,0.665326816,82447,0.762096361
4e786223-ovo_16_t56_aug_1.png,49510,0,0,0,32932,0.665158554,82442,0.87350379
4e786223-ovo_16_t56_aug_2.png,49510,0,0,0,32932,0.665158554,82442,0.87350379
4eb2d98b-ovo_55_t256.png,46806,0,0,0,31763,0.67860958,78569,0.873190197
4eb2d98b-ovo_55_t256_aug_0.png,46806,0,0,0,31763,0.67860958,78569,0.873190197
4eb2d98b-ovo_55_t256_aug_1.png,46808,0,0,0,31756,0.678431037,78564,0.855308429
4eb2d98b-ovo_55_t256_aug_2.png,46806,0,0,0,31759,0.678524121,78565,0.861200346
4ed29101-ovo_04_t206.png,45294,0,0,0,32377,0.71481874,77671,0.877508693
4ed29101-ovo_04_t206_aug_0.png,45294,0,0,0,32377,0.71481874,77671,0.877508693
4ed29101-ovo_04_t206_aug_1.png,45294,0,0,0,32377,0.71481874,77671,0.877508693
4ed29101-ovo_04_t206_aug_2.png,45298,0,0,0,32359,0.71435825,77657,0.777001243
4f4ef9c6-ovo_39_t231.png,40954,0,0,0,38158,0.931728281,79112,0.879047423
4f4ef9c6-ovo_39_t231_aug_0.png,40954,0,0,0,38158,0.931728281,79112,0.879047423
4f4ef9c6-ovo_39_t231_aug_1.png,40961,0,0,0,38152,0.931422573,79113,0.76112366
4f4ef9c6-ovo_39_t231_aug_2.png,40954,0,0,0,38158,0.931728281,79112,0.879047423
4f7bfae1-eovo_73_t1.png,0,0,0,0,222609,0,222609,0.862686947
4f7bfae1-eovo_73_t1_aug_0.png,0,0,0,0,222609,0,222609,0.862686947
4f7bfae1-eovo_73_t1_aug_1.png,0,0,0,0,222609,0,222609,0.862686947
4f7bfae1-eovo_73_t1_aug_2.png,0,0,0,0,222609,0,222609,0.862686947
4f9b8dc8-ovo_47_t126.png,38792,0,0,0,45656,1.1769437,84448,0.877098047
4f9b8dc8-ovo_47_t126_aug_0.png,38790,0,0,0,45657,1.177030162,84447,0.807942933
4f9b8dc8-ovo_47_t126_aug_1.png,38792,0,0,0,45656,1.1769437,84448,0.877098047
4f9b8dc8-ovo_47_t126_aug_2.png,38794,0,0,0,45651,1.176754137,84445,0.845611693
4fd88b20-ovo_36_t71.png,44601,0,0,0,43091,0.966144257,87692,0.887183974
4fd88b20-ovo_36_t71_aug_0.png,44604,0,0,0,43089,0.966034436,87693,0.877834575
4fd88b20-ovo_36_t71_aug_1.png,44601,0,0,0,43091,0.966144257,87692,0.887183974
4fd88b20-ovo_36_t71_aug_2.png,44601,0,0,0,43091,0.966144257,87692,0.887183974
500bdf38-eovo_222_t1.png,0,0,0,0,226956,0,226956,0.858282679
500bdf38-eovo_222_t1_aug_0.png,0,0,0,0,226956,0,226956,0.858282679
500bdf38-eovo_222_t1_aug_1.png,0,0,0,0,226960,0,226960,0.852205187
500bdf38-eovo_222_t1_aug_2.png,0,0,0,0,226956,0,226956,0.858282679
500ce21f-ovo_37_t181.png,47453,0,0,0,33431,0.704507618,80884,0.876463728
500ce21f-ovo_37_t181_aug_0.png,47449,0,0,0,33436,0.704672385,80885,0.762884056
500ce21f-ovo_37_t181_aug_1.png,47453,0,0,0,33431,0.704507618,80884,0.876463728
500ce21f-ovo_37_t181_aug_2.png,47451,0,0,0,33431,0.704537312,80882,0.770108861
50ca6553-ovo_52_t236.png,45559,0,0,0,33844,0.742860906,79403,0.873963361
50ca6553-ovo_52_t236_aug_0.png,45555,0,0,0,33855,0.7431676,79410,0.783419343
50ca6553-ovo_52_t236_aug_1.png,45559,0,0,0,33844,0.742860906,79403,0.873963361
50ca6553-ovo_52_t236_aug_2.png,45556,0,0,0,33852,0.743085433,79408,0.776195095
50ccb546-ovo_40_t81.png,45612,0,0,0,37288,0.817504166,82900,0.875769727
50ccb546-ovo_40_t81_aug_0.png,45612,0,0,0,37291,0.817569938,82903,0.77836715
50ccb546-ovo_40_t81_aug_1.png,45608,0,0,0,37287,0.817553938,82895,0.763959006
50ccb546-ovo_40_t81_aug_2.png,45612,0,0,0,37288,0.817504166,82900,0.851356279
514484d5-ovo_34_t96.png,0,0,0,0,56904,0,56904,0.885573651
514484d5-ovo_34_t96_aug_0.png,0,0,0,0,56904,0,56904,0.885573651
514484d5-ovo_34_t96_aug_1.png,0,0,0,0,56904,0,56904,0.885573651
514484d5-ovo_34_t96_aug_2.png,0,0,0,0,56904,0,56904,0.885573651
515a5437-ovo_26_t36.png,47217,0,0,0,39714,0.841095368,86931,0.874882377
515a5437-ovo_26_t36_aug_0.png,47217,0,0,0,39714,0.841095368,86931,0.874882377
515a5437-ovo_26_t36_aug_1.png,47215,0,0,0,39719,0.841236895,86934,0.836857228
515a5437-ovo_26_t36_aug_2.png,47217,0,0,0,39714,0.841095368,86931,0.874882377
516dac28-ovo_30_t91.png,42111,0,0,0,0,0,42111,0.864288229
516dac28-ovo_30_t91_aug_0.png,42110,0,0,0,0,0,42110,0.861129149
516dac28-ovo_30_t91_aug_1.png,42111,0,0,0,0,0,42111,0.864288229
516dac28-ovo_30_t91_aug_2.png,42111,0,0,0,0,0,42111,0.864288229
518ad3bf-ovo_11_t186.png,43279,0,0,0,31889,0.736823864,75168,0.870665245
518ad3bf-ovo_11_t186_aug_0.png,43279,0,0,0,31889,0.736823864,75168,0.870665245
518ad3bf-ovo_11_t186_aug_1.png,43276,0,0,0,31893,0.736967372,75169,0.861428045
518ad3bf-ovo_11_t186_aug_2.png,43279,0,0,0,31889,0.736823864,75168,0.870665245
519b2655-ovo_01_t41.png,44964,0,0,0,37629,0.836869496,82593,0.854781313
519b2655-ovo_01_t41_aug_0.png,44962,0,0,0,37623,0.836773275,82585,0.806606334
519b2655-ovo_01_t41_aug_1.png,44972,0,0,0,37618,0.83647603,82590,0.795477388
519b2655-ovo_01_t41_aug_2.png,44964,0,0,0,37629,0.836869496,82593,0.854781313
51ab41a3-ovo_51_t41.png,46239,0,0,0,33705,0.728930124,79944,0.88671421
51ab41a3-ovo_51_t41_aug_0.png,46239,0,0,0,33705,0.728930124,79944,0.88671421
51ab41a3-ovo_51_t41_aug_1.png,46239,0,0,0,33703,0.72888687,79942,0.831737413
51ab41a3-ovo_51_t41_aug_2.png,46239,0,0,0,33705,0.728930124,79944,0.88671421
52009e3c-ovo_14_t16.png,42341,0,0,0,42583,1.0057155,84924,0.857147012
52009e3c-ovo_14_t16_aug_0.png,42341,0,0,0,42583,1.0057155,84924,0.755853482
52009e3c-ovo_14_t16_aug_1.png,42345,0,0,0,42579,1.005526036,84924,0.815236568
52009e3c-ovo_14_t16_aug_2.png,42341,0,0,0,42583,1.0057155,84924,0.857147012
52dd5227-eovo_454_t1.png,102908,0,0,0,138043,1.341421464,240951,0.866474057
52dd5227-eovo_454_t1_aug_0.png,102908,0,0,0,138043,1.341421464,240951,0.866474057
52dd5227-eovo_454_t1_aug_1.png,102908,0,0,0,138043,1.341421464,240951,0.866474057
52dd5227-eovo_454_t1_aug_2.png,102908,0,0,0,138043,1.341421464,240951,0.866474057
52e2b474-ovo_25_t211.png,43375,0,0,0,47294,1.090351585,90669,0.872172052
52e2b474-ovo_25_t211_aug_0.png,43375,0,0,0,47294,1.090351585,90669,0.872172052
52e2b474-ovo_25_t211_aug_1.png,43375,0,0,0,47294,1.090351585,90669,0.872172052
52e2b474-ovo_25_t211_aug_2.png,43382,0,0,0,47291,1.090106496,90673,0.774136736
52e59b7f-ovo_26_t306.png,47241,0,0,0,37582,0.795537774,84823,0.877624358
52e59b7f-ovo_26_t306_aug_0.png,47241,0,0,0,37582,0.795537774,84823,0.877624358
52e59b7f-ovo_26_t306_aug_1.png,47241,0,0,0,37582,0.795537774,84823,0.877624358
52e59b7f-ovo_26_t306_aug_2.png,47237,0,0,0,37587,0.795710989,84824,0.804246122
52f195cd-ovo_30_t266.png,40160,0,0,0,0,0,40160,0.886267802
52f195cd-ovo_30_t266_aug_0.png,40160,0,0,0,0,0,40160,0.886267802
52f195cd-ovo_30_t266_aug_1.png,40160,0,0,0,0,0,40160,0.886267802
52f195cd-ovo_30_t266_aug_2.png,40160,0,0,0,0,0,40160,0.870030949
534603e2-eovo_225_t1.png,0,0,0,0,219563,0,219563,0.867083492
534603e2-eovo_225_t1_aug_0.png,0,0,0,0,219574,0,219574,0.806154349
534603e2-eovo_225_t1_aug_1.png,0,0,0,0,219563,0,219563,0.867083492
534603e2-eovo_225_t1_aug_2.png,0,0,0,0,219561,0,219561,0.758768454
5393efab-ovo_50_t246.png,48672,0,0,0,67302,1.382766272,115974,0.885545066
5393efab-ovo_50_t246_aug_0.png,48669,0,0,0,67237,1.381515955,115906,0.782726065
5393efab-ovo_50_t246_aug_1.png,48676,0,0,0,67263,1.381851426,115939,0.798843563
5393efab-ovo_50_t246_aug_2.png,48667,0,0,0,67125,1.379271375,115792,0.786988621
54ac9183-ovo_53_t31.png,40223,0,0,0,30336,0.754195361,70559,0.878168279
54ac9183-ovo_53_t31_aug_0.png,40219,0,0,0,30343,0.754444417,70562,0.813244606
54ac9183-ovo_53_t31_aug_1.png,40224,0,0,0,30333,0.754102029,70557,0.815231555
54ac9183-ovo_53_t31_aug_2.png,40223,0,0,0,30336,0.754195361,70559,0.878168279
54b50e71-ovo_04_t221.png,46402,0,0,0,30102,0.648722038,76504,0.86718847
54b50e71-ovo_04_t221_aug_0.png,46401,0,0,0,30104,0.648779121,76505,0.843863358
54b50e71-ovo_04_t221_aug_1.png,46402,0,0,0,30102,0.648722038,76504,0.86718847
54b50e71-ovo_04_t221_aug_2.png,46406,0,0,0,30097,0.648558376,76503,0.77472381
54fe2d03-ovo_55_t231.png,45947,0,0,0,33676,0.732931421,79623,0.881602886
54fe2d03-ovo_55_t231_aug_0.png,45944,0,0,0,33682,0.733109873,79626,0.76152612
54fe2d03-ovo_55_t231_aug_1.png,45947,0,0,0,33676,0.732931421,79623,0.881602886
54fe2d03-ovo_55_t231_aug_2.png,45947,0,0,0,33676,0.732931421,79623,0.881602886
5555cf09-ovo_31_t46.png,41647,0,0,0,30542,0.733354143,72189,0.878573309
5555cf09-ovo_31_t46_aug_0.png,41647,0,0,0,30542,0.733354143,72189,0.878573309
5555cf09-ovo_31_t46_aug_1.png,41647,0,0,0,30542,0.733354143,72189,0.878573309
5555cf09-ovo_31_t46_aug_2.png,41647,0,0,0,30542,0.733354143,72189,0.878573309
55a5cf14-eovo_253_t1.png,103986,0,0,0,92511,0.889648607,196497,0.864881528
55a5cf14-eovo_253_t1_aug_0.png,103986,0,0,0,92511,0.889648607,196497,0.864881528
55a5cf14-eovo_253_t1_aug_1.png,103986,0,0,0,92505,0.889590906,196491,0.754017953
55a5cf14-eovo_253_t1_aug_2.png,103986,0,0,0,92514,0.889677457,196500,0.834007225
55acf318-ovo_12_t226.png,44519,0,0,0,25060,0.562905726,69579,0.840732913
55acf318-ovo_12_t226_aug_0.png,44515,0,0,0,25062,0.563001236,69577,0.738475166
55acf318-ovo_12_t226_aug_1.png,44519,0,0,0,25060,0.562905726,69579,0.840732913
55acf318-ovo_12_t226_aug_2.png,44516,0,0,0,25061,0.562966125,69577,0.761345588
55d754cb-eovo_323_t1.png,87445,0,0,0,126051,1.441488936,213496,0.860824786
55d754cb-eovo_323_t1_aug_0.png,87445,0,0,0,126051,1.441488936,213496,0.860824786
55d754cb-eovo_323_t1_aug_1.png,87456,0,0,0,126036,1.441136114,213492,0.770928508
55d754cb-eovo_323_t1_aug_2.png,87445,0,0,0,126051,1.441488936,213496,0.860824786
561010d4-ovo_11_t191.png,42922,0,0,0,33273,0.775196869,76195,0.859561648
561010d4-ovo_11_t191_aug_0.png,42922,0,0,0,33273,0.775196869,76195,0.859561648
561010d4-ovo_11_t191_aug_1.png,42922,0,0,0,33273,0.775196869,76195,0.859561648
561010d4-ovo_11_t191_aug_2.png,42922,0,0,0,33273,0.775196869,76195,0.859561648
5617f54c-ovo_29_t31.png,42279,0,0,0,34226,0.809527188,76505,0.877576187
5617f54c-ovo_29_t31_aug_0.png,42279,0,0,0,34226,0.809527188,76505,0.877576187
5617f54c-ovo_29_t31_aug_1.png,42275,0,0,0,34226,0.809603785,76501,0.853600274
5617f54c-ovo_29_t31_aug_2.png,42276,0,0,0,34231,0.809702905,76507,0.819270243
565bb28f-ovo_53_t66.png,40811,0,0,0,30410,0.745142241,71221,0.878366784
565bb28f-ovo_53_t66_aug_0.png,40816,0,0,0,30408,0.74500196,71224,0.74886158
565bb28f-ovo_53_t66_aug_1.png,40811,0,0,0,30410,0.745142241,71221,0.878366784
565bb28f-ovo_53_t66_aug_2.png,40811,0,0,0,30409,0.745117738,71220,0.76701246
56ed6d4c-ovo_52_t106.png,45872,0,0,0,37306,0.813262993,83178,0.875844709
56ed6d4c-ovo_52_t106_aug_0.png,45872,0,0,0,37306,0.813262993,83178,0.875844709
56ed6d4c-ovo_52_t106_aug_1.png,45876,0,0,0,37308,0.813235679,83184,0.794279332
56ed6d4c-ovo_52_t106_aug_2.png,45869,0,0,0,37312,0.81344699,83181,0.838898941
5716a7c0-ovo_14_t196.png,45709,0,0,0,35024,0.766238596,80733,0.874248186
5716a7c0-ovo_14_t196_aug_0.png,45714,0,0,0,35021,0.766089163,80735,0.765820708
5716a7c0-ovo_14_t196_aug_1.png,45709,0,0,0,35024,0.766238596,80733,0.874248186
5716a7c0-ovo_14_t196_aug_2.png,45709,0,0,0,35024,0.766238596,80733,0.874248186
572557c7-ovo_53_t16.png,39240,0,0,0,32416,0.826095821,71656,0.873062202
572557c7-ovo_53_t16_aug_0.png,39245,0,0,0,32407,0.825761243,71652,0.838984917
572557c7-ovo_53_t16_aug_1.png,39240,0,0,0,32416,0.826095821,71656,0.873062202
572557c7-ovo_53_t16_aug_2.png,39240,0,0,0,32416,0.826095821,71656,0.873062202
574b16cc-ovo_29_t311.png,41022,0,0,0,38465,0.937667593,79487,0.873264575
574b16cc-ovo_29_t311_aug_0.png,41022,0,0,0,38465,0.937667593,79487,0.873264575
574b16cc-ovo_29_t311_aug_1.png,41022,0,0,0,38465,0.937667593,79487,0.873264575
574b16cc-ovo_29_t311_aug_2.png,41028,0,0,0,38459,0.937384225,79487,0.821141705
5794d450-ovo_15_t111.png,42295,0,0,0,27130,0.64144698,69425,0.861526347
5794d450-ovo_15_t111_aug_0.png,42295,0,0,0,27130,0.64144698,69425,0.861526347
5794d450-ovo_15_t111_aug_1.png,42292,0,0,0,27131,0.641516126,69423,0.787281171
5794d450-ovo_15_t111_aug_2.png,42297,0,0,0,27129,0.641393007,69426,0.831298991
57b64cbf-ovo_55_t36.png,46262,0,0,0,34718,0.750464744,80980,0.880557244
57b64cbf-ovo_55_t36_aug_0.png,46262,0,0,0,34718,0.750464744,80980,0.880557244
57b64cbf-ovo_55_t36_aug_1.png,46266,0,0,0,34716,0.750356633,80982,0.845915129
57b64cbf-ovo_55_t36_aug_2.png,46260,0,0,0,34722,0.750583658,80982,0.847198136
57cbd48b-eovo_93_t1.png,0,0,0,0,193880,0,193880,0.862012092
57cbd48b-eovo_93_t1_aug_0.png,0,0,0,0,193880,0,193880,0.862012092
57cbd48b-eovo_93_t1_aug_1.png,0,0,0,0,193880,0,193880,0.836849348
57cbd48b-eovo_93_t1_aug_2.png,0,0,0,0,193888,0,193888,0.760375362
57dbf8fb-ovo_04_t166.png,46059,0,0,0,30689,0.666297575,76748,0.870764345
57dbf8fb-ovo_04_t166_aug_0.png,46054,0,0,0,30688,0.6663482,76742,0.774534855
57dbf8fb-ovo_04_t166_aug_1.png,46059,0,0,0,30689,0.666297575,76748,0.870764345
57dbf8fb-ovo_04_t166_aug_2.png,46064,0,0,0,30684,0.666116707,76748,0.795071672
57f88b51-eovo_212_t1.png,0,0,0,0,192115,0,192115,0.865872188
57f88b51-eovo_212_t1_aug_0.png,0,0,0,0,192115,0,192115,0.865872188
57f88b51-eovo_212_t1_aug_1.png,0,0,0,0,192114,0,192114,0.75395659
57f88b51-eovo_212_t1_aug_2.png,0,0,0,0,192094,0,192094,0.746463676
58127fac-ovo_06_t241.png,28007,0,0,0,66360,2.369407648,94367,0.886373132
58127fac-ovo_06_t241_aug_0.png,28007,0,0,0,66360,2.369407648,94367,0.886373132
58127fac-ovo_06_t241_aug_1.png,28007,0,0,0,66360,2.369407648,94367,0.886373132
58127fac-ovo_06_t241_aug_2.png,28007,0,0,0,66360,2.369407648,94367,0.886373132
582338fe-ovo_53_t6.png,38756,0,0,0,36671,0.946201878,75427,0.87607376
582338fe-ovo_53_t6_aug_0.png,38756,0,0,0,36671,0.946201878,75427,0.87607376
582338fe-ovo_53_t6_aug_1.png,38758,0,0,0,36668,0.946075649,75426,0.767157653
582338fe-ovo_53_t6_aug_2.png,38756,0,0,0,36672,0.946227681,75428,0.761495915
5846a598-eovo_159_t1.png,0,0,0,0,184697,0,184697,0.848233051
5846a598-eovo_159_t1_aug_0.png,0,0,0,0,184702,0,184702,0.777006428
5846a598-eovo_159_t1_aug_1.png,0,0,0,0,184697,0,184697,0.848233051
5846a598-eovo_159_t1_aug_2.png,0,0,0,0,184697,0,184697,0.848233051
589d0c4d-ovo_24_t116.png,42858,0,0,0,35006,0.816790331,77864,0.886111737
589d0c4d-ovo_24_t116_aug_0.png,42850,0,0,0,35012,0.817082847,77862,0.866429865
589d0c4d-ovo_24_t116_aug_1.png,42856,0,0,0,35019,0.81713179,77875,0.774462852
589d0c4d-ovo_24_t116_aug_2.png,42850,0,0,0,35010,0.817036173,77860,0.813494659
58a13e11-ovo_51_t221.png,46494,0,0,0,36176,0.778078892,82670,0.880914112
58a13e11-ovo_51_t221_aug_0.png,46496,0,0,0,36173,0.777980902,82669,0.825085199
58a13e11-ovo_51_t221_aug_1.png,46496,0,0,0,36173,0.777980902,82669,0.84874414
58a13e11-ovo_51_t221_aug_2.png,46494,0,0,0,36176,0.778078892,82670,0.880914112
59458141-ovo_04_t141.png,46183,0,0,0,30354,0.657254834,76537,0.881549162
59458141-ovo_04_t141_aug_0.png,46178,0,0,0,30361,0.657477587,76539,0.767540603
59458141-ovo_04_t141_aug_1.png,46186,0,0,0,30352,0.657168839,76538,0.850579266
59458141-ovo_04_t141_aug_2.png,46183,0,0,0,30354,0.657254834,76537,0.881549162
59ef7f3d-eovo_348_t1.png,0,0,0,0,203909,0,203909,0.867136119
59ef7f3d-eovo_348_t1_aug_0.png,0,0,0,0,203921,0,203921,0.76773281
59ef7f3d-eovo_348_t1_aug_1.png,0,0,0,0,203909,0,203909,0.867136119
59ef7f3d-eovo_348_t1_aug_2.png,0,0,0,0,203909,0,203909,0.867136119
5a772bef-ovo_18_t66.png,44111,0,0,0,18065,0.409535037,62176,0.86374895
5a772bef-ovo_18_t66_aug_0.png,44111,0,0,0,18065,0.409535037,62176,0.86374895
5a772bef-ovo_18_t66_aug_1.png,44111,0,0,0,18065,0.409535037,62176,0.86374895
5a772bef-ovo_18_t66_aug_2.png,44107,0,0,0,18062,0.40950416,62169,0.776340746
5a8f4166-ovo_55_t191.png,44604,0,0,0,37622,0.843466954,82226,0.869138045
5a8f4166-ovo_55_t191_aug_0.png,44597,0,0,0,37635,0.843890845,82232,0.762582522
5a8f4166-ovo_55_t191_aug_1.png,44606,0,0,0,37619,0.84336188,82225,0.866865455
5a8f4166-ovo_55_t191_aug_2.png,44605,0,0,0,37618,0.843358368,82223,0.817135643
5aee81eb-eovo_1_t1.png,0,0,0,0,170978,0,170978,0.846364458
5aee81eb-eovo_1_t1_aug_0.png,0,0,0,0,170978,0,170978,0.846364458
5aee81eb-eovo_1_t1_aug_1.png,0,0,0,0,170978,0,170978,0.846364458
5aee81eb-eovo_1_t1_aug_2.png,0,0,0,0,170987,0,170987,0.775938302
5bc16305-ovo_05_t131.png,49502,0,0,0,41604,0.840450891,91106,0.882229657
5bc16305-ovo_05_t131_aug_0.png,49500,0,0,0,41605,0.840505051,91105,0.86025368
5bc16305-ovo_05_t131_aug_1.png,49502,0,0,0,41604,0.840450891,91106,0.882229657
5bc16305-ovo_05_t131_aug_2.png,49502,0,0,0,41604,0.840450891,91106,0.882229657
5bc7ec46-ovo_04_t211.png,45642,0,0,0,31879,0.698457561,77521,0.880545929
5bc7ec46-ovo_04_t211_aug_0.png,45640,0,0,0,31872,0.698334794,77512,0.796319436
5bc7ec46-ovo_04_t211_aug_1.png,45641,0,0,0,31874,0.698363314,77515,0.759588864
5bc7ec46-ovo_04_t211_aug_2.png,45642,0,0,0,31879,0.698457561,77521,0.880545929
5c4791a5-ovo_53_t216.png,43391,0,0,0,32329,0.74506234,75720,0.882314498
5c4791a5-ovo_53_t216_aug_0.png,43391,0,0,0,32329,0.74506234,75720,0.882314498
5c4791a5-ovo_53_t216_aug_1.png,43391,0,0,0,32329,0.74506234,75720,0.882314498
5c4791a5-ovo_53_t216_aug_2.png,43401,0,0,0,32320,0.744683302,75721,0.765766516
5c72f554-ovo_52_t91.png,45286,0,0,0,35292,0.779313695,80578,0.868772905
5c72f554-ovo_52_t91_aug_0.png,45286,0,0,0,35292,0.779313695,80578,0.868772905
5c72f554-ovo_52_t91_aug_1.png,45289,0,0,0,35292,0.779262072,80581,0.763440581
5c72f554-ovo_52_t91_aug_2.png,45287,0,0,0,35291,0.779274405,80578,0.865158694
5c8ce49e-ovo_32_t111.png,44055,0,0,0,36832,0.836045852,80887,0.871736593
5c8ce49e-ovo_32_t111_aug_0.png,44057,0,0,0,36844,0.836280273,80901,0.764305615
5c8ce49e-ovo_32_t111_aug_1.png,44055,0,0,0,36832,0.836045852,80887,0.871736593
5c8ce49e-ovo_32_t111_aug_2.png,44052,0,0,0,36842,0.836329792,80894,0.785400167
5d18207b-ovo_04_t186.png,46444,0,0,0,30576,0.658341228,77020,0.865676885
5d18207b-ovo_04_t186_aug_0.png,46438,0,0,0,30583,0.658577027,77021,0.803971797
5d18207b-ovo_04_t186_aug_1.png,46444,0,0,0,30576,0.658341228,77020,0.865676885
5d18207b-ovo_04_t186_aug_2.png,46444,0,0,0,30576,0.658341228,77020,0.865676885
5d32e343-ovo_55_t126.png,46354,0,0,0,34812,0.75100315,81166,0.876259099
5d32e343-ovo_55_t126_aug_0.png,46356,0,0,0,34816,0.751057037,81172,0.758240976
5d32e343-ovo_55_t126_aug_1.png,46360,0,0,0,34805,0.750754961,81165,0.765371014
5d32e343-ovo_55_t126_aug_2.png,46354,0,0,0,34812,0.75100315,81166,0.876259099
5d898c99-ovo_23_t6.png,42964,0,0,0,35123,0.817498371,78087,0.8848667
5d898c99-ovo_23_t6_aug_0.png,42969,0,0,0,35126,0.817473062,78095,0.788094419
5d898c99-ovo_23_t6_aug_1.png,42964,0,0,0,35123,0.817498371,78087,0.8848667
5d898c99-ovo_23_t6_aug_2.png,42964,0,0,0,35123,0.817498371,78087,0.8848667
5e0b2bdd-ovo_20_t41.png,45618,0,0,0,41124,0.901486255,86742,0.873923166
5e0b2bdd-ovo_20_t41_aug_0.png,45618,0,0,0,41124,0.901486255,86742,0.873923166
5e0b2bdd-ovo_20_t41_aug_1.png,45624,0,0,0,41117,0.901214273,86741,0.801592533
5e0b2bdd-ovo_20_t41_aug_2.png,45612,0,0,0,41123,0.901582917,86735,0.775777161
5e13afdd-ovo_53_t171.png,43978,0,0,0,31925,0.725931147,75903,0.87522325
5e13afdd-ovo_53_t171_aug_0.png,43978,0,0,0,31925,0.725931147,75903,0.87522325
5e13afdd-ovo_53_t171_aug_1.png,43974,0,0,0,31933,0.726179106,75907,0.854198421
5e13afdd-ovo_53_t171_aug_2.png,43972,0,0,0,31916,0.725825525,75888,0.75871723
5e74c3d4-ovo_40_t16.png,46853,0,0,0,39077,0.834034107,85930,0.878690337
5e74c3d4-ovo_40_t16_aug_0.png,46850,0,0,0,39081,0.834172892,85931,0.856592267
5e74c3d4-ovo_40_t16_aug_1.png,46853,0,0,0,39077,0.834034107,85930,0.878690337
5e74c3d4-ovo_40_t16_aug_2.png,46857,0,0,0,39080,0.834026933,85937,0.758991566
5ee31f0f-ovo_52_t181.png,45894,0,0,0,30030,0.6543339,75924,0.86308632
5ee31f0f-ovo_52_t181_aug_0.png,45892,0,0,0,30037,0.654514948,75929,0.792317996
5ee31f0f-ovo_52_t181_aug_1.png,45888,0,0,0,30037,0.654572001,75925,0.753044125
5ee31f0f-ovo_52_t181_aug_2.png,45894,0,0,0,30030,0.6543339,75924,0.86308632
5fb3a257-ovo_11_t51.png,41823,0,0,0,34189,0.817468857,76012,0.876300977
5fb3a257-ovo_11_t51_aug_0.png,41822,0,0,0,34192,0.817560136,76014,0.842520895
5fb3a257-ovo_11_t51_aug_1.png,41823,0,0,0,34189,0.817468857,76012,0.876300977
5fb3a257-ovo_11_t51_aug_2.png,41831,0,0,0,34178,0.817049557,76009,0.760758273
604f55a5-eovo_38_t1.png,0,0,0,0,194256,0,194256,0.856527734
604f55a5-eovo_38_t1_aug_0.png,0,0,0,0,194256,0,194256,0.856527734
604f55a5-eovo_38_t1_aug_1.png,0,0,0,0,194256,0,194256,0.856527734
604f55a5-eovo_38_t1_aug_2.png,0,0,0,0,194256,0,194256,0.856527734
60670836-ovo_55_t246.png,45947,0,0,0,37385,0.813654863,83332,0.869287949
60670836-ovo_55_t246_aug_0.png,45947,0,0,0,37385,0.813654863,83332,0.869287949
60670836-ovo_55_t246_aug_1.png,45947,0,0,0,37385,0.813654863,83332,0.869287949
60670836-ovo_55_t246_aug_2.png,45948,0,0,0,37380,0.813528336,83328,0.837839267
60d43a9c-eovo_650_t1.png,89217,0,0,0,95872,1.074593407,185089,0.868158956
60d43a9c-eovo_650_t1_aug_0.png,89224,0,0,0,95863,1.074408231,185087,0.796052995
60d43a9c-eovo_650_t1_aug_1.png,89217,0,0,0,95872,1.074593407,185089,0.868158956
60d43a9c-eovo_650_t1_aug_2.png,89218,0,0,0,95872,1.074581363,185090,0.821215585
615da6b8-ovo_55_t216.png,45234,0,0,0,34183,0.755692621,79417,0.866347616
615da6b8-ovo_55_t216_aug_0.png,45234,0,0,0,34183,0.755692621,79417,0.866347616
615da6b8-ovo_55_t216_aug_1.png,45234,0,0,0,34183,0.755692621,79417,0.866347616
615da6b8-ovo_55_t216_aug_2.png,45234,0,0,0,34183,0.755692621,79417,0.866347616
616f5e0c-ovo_03_t1.png,45063,0,0,0,35465,0.787009298,80528,0.84449446
616f5e0c-ovo_03_t1_aug_0.png,45063,0,0,0,35465,0.787009298,80528,0.84449446
616f5e0c-ovo_03_t1_aug_1.png,45067,0,0,0,35463,0.786895067,80530,0.758129805
616f5e0c-ovo_03_t1_aug_2.png,45063,0,0,0,35465,0.787009298,80528,0.84449446
61812149-ovo_52_t51.png,44253,0,0,0,36062,0.814905204,80315,0.876050068
61812149-ovo_52_t51_aug_0.png,44253,0,0,0,36062,0.814905204,80315,0.876050068
61812149-ovo_52_t51_aug_1.png,44253,0,0,0,36062,0.814905204,80315,0.876050068
61812149-ovo_52_t51_aug_2.png,44252,0,0,0,36067,0.815036609,80319,0.755314925
6224d237-ovo_53_t71.png,42313,0,0,0,32320,0.763831447,74633,0.880972573
6224d237-ovo_53_t71_aug_0.png,42313,0,0,0,32320,0.763831447,74633,0.880972573
6224d237-ovo_53_t71_aug_1.png,42313,0,0,0,32320,0.763831447,74633,0.880972573
6224d237-ovo_53_t71_aug_2.png,42315,0,0,0,32317,0.763724448,74632,0.805951421
641adb24-ovo_51_t246.png,45668,0,0,0,35207,0.770933695,80875,0.88019478
641adb24-ovo_51_t246_aug_0.png,45669,0,0,0,35211,0.771004401,80880,0.82654245
641adb24-ovo_51_t246_aug_1.png,45672,0,0,0,35212,0.770975652,80884,0.790687499
641adb24-ovo_51_t246_aug_2.png,45669,0,0,0,35211,0.771004401,80880,0.795798439
64647e44-ovo_35_t211.png,45436,0,0,0,36592,0.805352584,82028,0.874599026
64647e44-ovo_35_t211_aug_0.png,45436,0,0,0,36592,0.805352584,82028,0.874599026
64647e44-ovo_35_t211_aug_1.png,45430,0,0,0,36607,0.805789126,82037,0.763379352
64647e44-ovo_35_t211_aug_2.png,45436,0,0,0,36596,0.80544062,82032,0.770756671
648560c2-eovo_205_t1.png,0,0,0,0,198796,0,198796,0.868036917
648560c2-eovo_205_t1_aug_0.png,0,0,0,0,198796,0,198796,0.868036917
648560c2-eovo_205_t1_aug_1.png,0,0,0,0,198801,0,198801,0.784238059
648560c2-eovo_205_t1_aug_2.png,0,0,0,0,198796,0,198796,0.868036917
649baf18-eovo_652_t1.png,89834,0,0,0,96936,1.079056927,186770,0.870880923
649baf18-eovo_652_t1_aug_0.png,89838,0,0,0,96919,1.078819653,186757,0.809619651
649baf18-eovo_652_t1_aug_1.png,89834,0,0,0,96936,1.079056927,186770,0.870880923
649baf18-eovo_652_t1_aug_2.png,89832,0,0,0,96935,1.079069819,186767,0.817358619
64c53085-eovo_443_t1.png,95657,0,0,0,128756,1.346017542,224413,0.866018941
64c53085-eovo_443_t1_aug_0.png,95657,0,0,0,128756,1.346017542,224413,0.866018941
64c53085-eovo_443_t1_aug_1.png,95657,0,0,0,128745,1.345902548,224402,0.76816493
64c53085-eovo_443_t1_aug_2.png,95645,0,0,0,128769,1.346322338,224414,0.76640597
64c876eb-ovo_08_t136.png,47251,0,0,0,33322,0.705212588,80573,0.874632708
64c876eb-ovo_08_t136_aug_0.png,47253,0,0,0,33313,0.704992276,80566,0.766441724
64c876eb-ovo_08_t136_aug_1.png,47251,0,0,0,33322,0.705212588,80573,0.874632708
64c876eb-ovo_08_t136_aug_2.png,47255,0,0,0,33323,0.705174056,80578,0.830196632
658937ca-ovo_52_t1.png,39635,0,0,0,33916,0.855708339,73551,0.871492111
658937ca-ovo_52_t1_aug_0.png,39637,0,0,0,33920,0.855766077,73557,0.75167934
658937ca-ovo_52_t1_aug_1.png,39635,0,0,0,33916,0.855708339,73551,0.871492111
658937ca-ovo_52_t1_aug_2.png,39638,0,0,0,33915,0.855618346,73553,0.85627716
65c05c2b-ovo_12_t136.png,49097,0,0,0,28170,0.573762144,77267,0.871360314
65c05c2b-ovo_12_t136_aug_0.png,49097,0,0,0,28170,0.573762144,77267,0.871360314
65c05c2b-ovo_12_t136_aug_1.png,49097,0,0,0,28170,0.573762144,77267,0.871360314
65c05c2b-ovo_12_t136_aug_2.png,49097,0,0,0,28170,0.573762144,77267,0.871360314
6786aead-ovo_04_t246.png,46270,0,0,0,31379,0.678171601,77649,0.876704712
6786aead-ovo_04_t246_aug_0.png,46270,0,0,0,31379,0.678171601,77649,0.876704712
6786aead-ovo_04_t246_aug_1.png,46271,0,0,0,31369,0.677940827,77640,0.767109033
6786aead-ovo_04_t246_aug_2.png,46270,0,0,0,31379,0.678171601,77649,0.876704712
678ea868-eovo_654_t1.png,91920,0,0,0,121255,1.319136205,213175,0.879875188
678ea868-eovo_654_t1_aug_0.png,91921,0,0,0,121253,1.319100097,213174,0.767086564
678ea868-eovo_654_t1_aug_1.png,91920,0,0,0,121255,1.319136205,213175,0.879875188
678ea868-eovo_654_t1_aug_2.png,91918,0,0,0,121257,1.319186666,213175,0.873938646
67dce59b-eovo_22_t1.png,0,0,0,0,228989,0,228989,0.854790845
67dce59b-eovo_22_t1_aug_0.png,0,0,0,0,228989,0,228989,0.854790845
67dce59b-eovo_22_t1_aug_1.png,0,0,0,0,228985,0,228985,0.776342303
67dce59b-eovo_22_t1_aug_2.png,0,0,0,0,228995,0,228995,0.767195596
67de5bae-ovo_22_t151.png,43367,0,0,0,41825,0.96444301,85192,0.874681633
67de5bae-ovo_22_t151_aug_0.png,43367,0,0,0,41825,0.96444301,85192,0.874681633
67de5bae-ovo_22_t151_aug_1.png,43366,0,0,0,41828,0.964534428,85194,0.818345459
67de5bae-ovo_22_t151_aug_2.png,43367,0,0,0,41825,0.96444301,85192,0.874681633
67e3e968-ovo_47_t81.png,41399,0,0,0,41911,1.012367448,83310,0.878578417
67e3e968-ovo_47_t81_aug_0.png,41399,0,0,0,41911,1.012367448,83310,0.878578417
67e3e968-ovo_47_t81_aug_1.png,41399,0,0,0,41911,1.012367448,83310,0.878578417
67e3e968-ovo_47_t81_aug_2.png,41394,0,0,0,41918,1.012658839,83312,0.780137751
684c0710-ovo_09_t176.png,47084,0,0,0,35255,0.748768159,82339,0.876443011
684c0710-ovo_09_t176_aug_0.png,47078,0,0,0,35257,0.748906071,82335,0.828041558
684c0710-ovo_09_t176_aug_1.png,47084,0,0,0,35255,0.748768159,82339,0.876443011
684c0710-ovo_09_t176_aug_2.png,47084,0,0,0,35255,0.748768159,82339,0.876443011
6894424d-ovo_17_t11.png,44293,0,0,0,40060,0.904431852,84353,0.874989523
6894424d-ovo_17_t11_aug_0.png,44293,0,0,0,40060,0.904431852,84353,0.874989523
6894424d-ovo_17_t11_aug_1.png,44297,0,0,0,40061,0.904372757,84358,0.771241616
6894424d-ovo_17_t11_aug_2.png,44293,0,0,0,40060,0.904431852,84353,0.874989523
69da6e6d-ovo_53_t76.png,42320,0,0,0,30036,0.70973535,72356,0.883311895
69da6e6d-ovo_53_t76_aug_0.png,42318,0,0,0,30035,0.709745262,72353,0.831954326
69da6e6d-ovo_53_t76_aug_1.png,42320,0,0,0,30035,0.70971172,72355,0.763620818
69da6e6d-ovo_53_t76_aug_2.png,42320,0,0,0,30036,0.70973535,72356,0.883311895
6a1b8cb5-ovo_52_t291.png,45493,0,0,0,33713,0.741059064,79206,0.872144427
6a1b8cb5-ovo_52_t291_aug_0.png,45484,0,0,0,33717,0.741293642,79201,0.764711264
6a1b8cb5-ovo_52_t291_aug_1.png,45493,0,0,0,33713,0.741059064,79206,0.872144427
6a1b8cb5-ovo_52_t291_aug_2.png,45493,0,0,0,33713,0.741059064,79206,0.865787922
6ae70f83-ovo_35_t251.png,46133,0,0,0,36103,0.782585134,82236,0.88068937
6ae70f83-ovo_35_t251_aug_0.png,46133,0,0,0,36103,0.782585134,82236,0.88068937
6ae70f83-ovo_35_t251_aug_1.png,46133,0,0,0,36103,0.782585134,82236,0.88068937
6ae70f83-ovo_35_t251_aug_2.png,46128,0,0,0,36113,0.78288675,82241,0.76206044
6b359fe8-ovo_55_t86.png,46040,0,0,0,33401,0.725477845,79441,0.86547859
6b359fe8-ovo_55_t86_aug_0.png,46040,0,0,0,33401,0.725477845,79441,0.86547859
6b359fe8-ovo_55_t86_aug_1.png,46038,0,0,0,33410,0.725704853,79448,0.765650914
6b359fe8-ovo_55_t86_aug_2.png,46033,0,0,0,33406,0.725696783,79439,0.773051619
6b6de80d-ovo_31_t271.png,46145,0,0,0,28161,0.610271969,74306,0.879102538
6b6de80d-ovo_31_t271_aug_0.png,46145,0,0,0,28161,0.610271969,74306,0.879102538
6b6de80d-ovo_31_t271_aug_1.png,46151,0,0,0,28155,0.610062621,74306,0.800818568
6b6de80d-ovo_31_t271_aug_2.png,46145,0,0,0,28161,0.610271969,74306,0.879102538
6bbc25c2-eovo_437_t1.png,101777,0,0,0,103540,1.017322185,205317,0.875107233
6bbc25c2-eovo_437_t1_aug_0.png,101777,0,0,0,103540,1.017322185,205317,0.875107233
6bbc25c2-eovo_437_t1_aug_1.png,101777,0,0,0,103540,1.017322185,205317,0.875107233
6bbc25c2-eovo_437_t1_aug_2.png,101777,0,0,0,103540,1.017322185,205317,0.875107233
6bdbd418-ovo_04_t116.png,46681,0,0,0,30118,0.64518755,76799,0.869575976
6bdbd418-ovo_04_t116_aug_0.png,46684,0,0,0,30119,0.645167509,76803,0.841945783
6bdbd418-ovo_04_t116_aug_1.png,46681,0,0,0,30118,0.64518755,76799,0.869575976
6bdbd418-ovo_04_t116_aug_2.png,46681,0,0,0,30118,0.64518755,76799,0.869575976
6c068d47-ovo_23_t231.png,48072,0,0,0,48314,1.005034115,96386,0.85720758
6c068d47-ovo_23_t231_aug_0.png,48072,0,0,0,48314,1.005034115,96386,0.85720758
6c068d47-ovo_23_t231_aug_1.png,48073,0,0,0,48307,1.004867597,96380,0.758121491
6c068d47-ovo_23_t231_aug_2.png,48072,0,0,0,48314,1.005034115,96386,0.85720758
6c2673c5-ovo_14_t111.png,47475,0,0,0,37697,0.794038968,85172,0.877253347
6c2673c5-ovo_14_t111_aug_0.png,47478,0,0,0,37697,0.793988795,85175,0.807076291
6c2673c5-ovo_14_t111_aug_1.png,47474,0,0,0,37692,0.793950373,85166,0.793548924
6c2673c5-ovo_14_t111_aug_2.png,47477,0,0,0,37697,0.794005518,85174,0.796052426
6c9bdc90-ovo_04_t201.png,46784,0,0,0,29416,0.62876197,76200,0.87467304
6c9bdc90-ovo_04_t201_aug_0.png,46784,0,0,0,29416,0.62876197,76200,0.87467304
6c9bdc90-ovo_04_t201_aug_1.png,46784,0,0,0,29416,0.62876197,76200,0.87467304
6c9bdc90-ovo_04_t201_aug_2.png,46781,0,0,0,29420,0.628887796,76201,0.864281011
6d1b8b9f-eovo_611_t1.png,98060,0,0,0,91647,0.934601265,189707,0.872715141
6d1b8b9f-eovo_611_t1_aug_0.png,98055,0,0,0,91651,0.934689715,189706,0.789677181
6d1b8b9f-eovo_611_t1_aug_1.png,98060,0,0,0,91647,0.934601265,189707,0.872715141
6d1b8b9f-eovo_611_t1_aug_2.png,98058,0,0,0,91650,0.934650921,189708,0.78200125
6e1085f7-ovo_12_t131.png,48759,0,0,0,28014,0.574540085,76773,0.86650977
6e1085f7-ovo_12_t131_aug_0.png,48759,0,0,0,28014,0.574540085,76773,0.86650977
6e1085f7-ovo_12_t131_aug_1.png,48759,0,0,0,28014,0.574540085,76773,0.86650977
6e1085f7-ovo_12_t131_aug_2.png,48759,0,0,0,28014,0.574540085,76773,0.86650977
6e4bd4ce-ovo_38_t46.png,49153,0,0,0,48371,0.984090493,97524,0.87765242
6e4bd4ce-ovo_38_t46_aug_0.png,49155,0,0,0,48370,0.984030109,97525,0.803992733
6e4bd4ce-ovo_38_t46_aug_1.png,49156,0,0,0,48369,0.983989747,97525,0.85623959
6e4bd4ce-ovo_38_t46_aug_2.png,49153,0,0,0,48371,0.984090493,97524,0.87765242
6ee5f3a0-ovo_47_t86.png,42432,0,0,0,41842,0.9860954,84274,0.868881061
6ee5f3a0-ovo_47_t86_aug_0.png,42423,0,0,0,41851,0.986516748,84274,0.745673657
6ee5f3a0-ovo_47_t86_aug_1.png,42432,0,0,0,41842,0.9860954,84274,0.868881061
6ee5f3a0-ovo_47_t86_aug_2.png,42428,0,0,0,41843,0.986211936,84271,0.7676797
6f21cce8-ovo_04_t191.png,47334,0,0,0,32617,0.689081844,79951,0.875668789
6f21cce8-ovo_04_t191_aug_0.png,47346,0,0,0,32601,0.688569256,79947,0.756598599
6f21cce8-ovo_04_t191_aug_1.png,47334,0,0,0,32617,0.689081844,79951,0.875668789
6f21cce8-ovo_04_t191_aug_2.png,47334,0,0,0,32614,0.689018465,79948,0.863743806
6f7af2e0-ovo_06_t141.png,31363,0,0,0,60489,1.928673915,91852,0.8875109
6f7af2e0-ovo_06_t141_aug_0.png,31364,0,0,0,60005,1.913180717,91369,0.812473978
6f7af2e0-ovo_06_t141_aug_1.png,31366,0,0,0,60338,1.923675317,91704,0.850901405
6f7af2e0-ovo_06_t141_aug_2.png,31363,0,0,0,60489,1.928673915,91852,0.8875109
6f800052-ovo_18_t246.png,42738,0,0,0,19893,0.46546399,62631,0.873188887
6f800052-ovo_18_t246_aug_0.png,42744,0,0,0,19880,0.465094516,62624,0.761212937
6f800052-ovo_18_t246_aug_1.png,42738,0,0,0,19893,0.46546399,62631,0.873188887
6f800052-ovo_18_t246_aug_2.png,42741,0,0,0,19886,0.465267542,62627,0.765366538
6ffdd15f-ovo_05_t231.png,48546,0,0,0,43316,0.892267128,91862,0.876787257
6ffdd15f-ovo_05_t231_aug_0.png,48546,0,0,0,43316,0.892267128,91862,0.876787257
6ffdd15f-ovo_05_t231_aug_1.png,48546,0,0,0,43316,0.892267128,91862,0.876787257
6ffdd15f-ovo_05_t231_aug_2.png,48546,0,0,0,43321,0.892370123,91867,0.821487241
70f28ab2-ovo_27_t81.png,43001,0,0,0,42911,0.997907025,85912,0.867075748
70f28ab2-ovo_27_t81_aug_0.png,43001,0,0,0,42911,0.997907025,85912,0.867075748
70f28ab2-ovo_27_t81_aug_1.png,43004,0,0,0,42919,0.99802344,85923,0.759282891
70f28ab2-ovo_27_t81_aug_2.png,43000,0,0,0,42911,0.997930233,85911,0.854858882
70f3cf00-ovo_55_t56.png,45400,0,0,0,35646,0.785154185,81046,0.865981863
70f3cf00-ovo_55_t56_aug_0.png,45399,0,0,0,35660,0.785479856,81059,0.746466387
70f3cf00-ovo_55_t56_aug_1.png,45400,0,0,0,35646,0.785154185,81046,0.865981863
70f3cf00-ovo_55_t56_aug_2.png,45400,0,0,0,35646,0.785154185,81046,0.865981863
7311ce1a-eovo_612_t1.png,90970,0,0,0,111308,1.223568209,202278,0.880876512
7311ce1a-eovo_612_t1_aug_0.png,90971,0,0,0,111305,1.223521782,202276,0.854965632
7311ce1a-eovo_612_t1_aug_1.png,90970,0,0,0,111307,1.223557217,202277,0.849474111
7311ce1a-eovo_612_t1_aug_2.png,90962,0,0,0,111331,1.223928674,202293,0.758178268
742f3c3d-ovo_02_t51.png,0,0,0,0,76096,0,76096,0.855617086
742f3c3d-ovo_02_t51_aug_0.png,0,0,0,0,76093,0,76093,0.747930298
742f3c3d-ovo_02_t51_aug_1.png,0,0,0,0,76096,0,76096,0.855617086
742f3c3d-ovo_02_t51_aug_2.png,0,0,0,0,76096,0,76096,0.855617086
7469f767-ovo_21_t221.png,42179,0,0,0,41453,0.982787643,83632,0.872553752
7469f767-ovo_21_t221_aug_0.png,42179,0,0,0,41453,0.982787643,83632,0.872553752
7469f767-ovo_21_t221_aug_1.png,42191,0,0,0,41444,0.982294802,83635,0.74371191
7469f767-ovo_21_t221_aug_2.png,42179,0,0,0,41447,0.982645392,83626,0.806890591
752098ee-ovo_27_t126.png,41376,0,0,0,46161,1.115646752,87537,0.879532927
752098ee-ovo_27_t126_aug_0.png,41376,0,0,0,46161,1.115646752,87537,0.879532927
752098ee-ovo_27_t126_aug_1.png,41374,0,0,0,46170,1.11591821,87544,0.791440457
752098ee-ovo_27_t126_aug_2.png,41387,0,0,0,46140,1.114842825,87527,0.771300277
753dbbf6-eovo_420_t1.png,83911,0,0,0,101100,1.204847994,185011,0.870122982
753dbbf6-eovo_420_t1_aug_0.png,83901,0,0,0,101106,1.20506311,185007,0.771299824
753dbbf6-eovo_420_t1_aug_1.png,83902,0,0,0,101116,1.205167934,185018,0.75823862
753dbbf6-eovo_420_t1_aug_2.png,83911,0,0,0,101100,1.204847994,185011,0.870122982
755531f4-ovo_52_t31.png,43507,0,0,0,34308,0.78856276,77815,0.87960505
755531f4-ovo_52_t31_aug_0.png,43503,0,0,0,34314,0.788773188,77817,0.766911101
755531f4-ovo_52_t31_aug_1.png,43505,0,0,0,34308,0.788599012,77813,0.811605141
755531f4-ovo_52_t31_aug_2.png,43507,0,0,0,34308,0.78856276,77815,0.87960505
7563a718-ovo_17_t151.png,46068,0,0,0,31400,0.681601111,77468,0.866498663
7563a718-ovo_17_t151_aug_0.png,46068,0,0,0,31400,0.681601111,77468,0.866498663
7563a718-ovo_17_t151_aug_1.png,46068,0,0,0,31400,0.681601111,77468,0.866498663
7563a718-ovo_17_t151_aug_2.png,46073,0,0,0,31387,0.681244981,77460,0.764041482
75815a16-eovo_69_t1.png,0,0,0,0,198100,0,198100,0.851894889
75815a16-eovo_69_t1_aug_0.png,0,0,0,0,198100,0,198100,0.851894889
75815a16-eovo_69_t1_aug_1.png,0,0,0,0,198100,0,198100,0.851894889
75815a16-eovo_69_t1_aug_2.png,0,0,0,0,198102,0,198102,0.829254726
77071e8c-ovo_40_t136.png,46220,0,0,0,37709,0.815858936,83929,0.866404418
77071e8c-ovo_40_t136_aug_0.png,46229,0,0,0,37707,0.815656839,83936,0.778651619
77071e8c-ovo_40_t136_aug_1.png,46220,0,0,0,37709,0.815858936,83929,0.866404418
77071e8c-ovo_40_t136_aug_2.png,46223,0,0,0,37704,0.815697813,83927,0.776200946
77cce3b6-ovo_22_t111.png,43819,0,0,0,40728,0.929459823,84547,0.876188867
77cce3b6-ovo_22_t111_aug_0.png,43818,0,0,0,40721,0.929321283,84539,0.771203789
77cce3b6-ovo_22_t111_aug_1.png,43819,0,0,0,40728,0.929459823,84547,0.876188867
77cce3b6-ovo_22_t111_aug_2.png,43817,0,0,0,40731,0.929570715,84548,0.858920025
77e18fa2-ovo_36_t161.png,45601,0,0,0,46084,1.010591873,91685,0.887413911
77e18fa2-ovo_36_t161_aug_0.png,45601,0,0,0,46084,1.010591873,91685,0.887413911
77e18fa2-ovo_36_t161_aug_1.png,45601,0,0,0,46084,1.010591873,91685,0.887413911
77e18fa2-ovo_36_t161_aug_2.png,45598,0,0,0,46085,1.010680293,91683,0.794104311
77f14aa0-eovo_207_t1.png,0,0,0,0,205444,0,205444,0.865204784
77f14aa0-eovo_207_t1_aug_0.png,0,0,0,0,205444,0,205444,0.865204784
77f14aa0-eovo_207_t1_aug_1.png,0,0,0,0,205444,0,205444,0.865204784
77f14aa0-eovo_207_t1_aug_2.png,0,0,0,0,205449,0,205449,0.84646821
78998f27-eovo_163_t1.png,289,0,0,0,212385,734.8961938,212674,0.865543907
78998f27-eovo_163_t1_aug_0.png,116,0,0,0,212387,1830.922414,212503,0.75354096
78998f27-eovo_163_t1_aug_1.png,287,0,0,0,212380,740,212667,0.805025355
78998f27-eovo_163_t1_aug_2.png,289,0,0,0,212385,734.8961938,212674,0.865543907
78f5525b-ovo_17_t16.png,44328,0,0,0,42689,0.963025627,87017,0.88329783
78f5525b-ovo_17_t16_aug_0.png,44328,0,0,0,42689,0.963025627,87017,0.88329783
78f5525b-ovo_17_t16_aug_1.png,44328,0,0,0,42689,0.963025627,87017,0.88329783
78f5525b-ovo_17_t16_aug_2.png,44325,0,0,0,42695,0.96322617,87020,0.793520606
793d2e83-ovo_20_t176.png,46286,0,0,0,40283,0.870306356,86569,0.889046675
793d2e83-ovo_20_t176_aug_0.png,46284,0,0,0,40289,0.870473598,86573,0.803768489
793d2e83-ovo_20_t176_aug_1.png,46286,0,0,0,40283,0.870306356,86569,0.889046675
793d2e83-ovo_20_t176_aug_2.png,46282,0,0,0,40288,0.870489607,86570,0.870510449
798874ea-ovo_02_t81.png,40609,0,0,0,37977,0.935186781,78586,0.883228946
798874ea-ovo_02_t81_aug_0.png,40609,0,0,0,37977,0.935186781,78586,0.883228946
798874ea-ovo_02_t81_aug_1.png,40609,0,0,0,37977,0.935186781,78586,0.883228946
798874ea-ovo_02_t81_aug_2.png,40609,0,0,0,37977,0.935186781,78586,0.883228946
798b0b56-eovo_393_t1.png,0,0,0,0,219497,0,219497,0.878491022
798b0b56-eovo_393_t1_aug_0.png,0,0,0,0,219493,0,219493,0.817883647
798b0b56-eovo_393_t1_aug_1.png,0,0,0,0,219494,0,219494,0.866863357
798b0b56-eovo_393_t1_aug_2.png,0,0,0,0,219498,0,219498,0.842330208
799b4cd7-eovo_407_t1.png,82524,0,0,0,149421,1.810636906,231945,0.859860576
799b4cd7-eovo_407_t1_aug_0.png,82524,0,0,0,149421,1.810636906,231945,0.859860576
799b4cd7-eovo_407_t1_aug_1.png,82524,0,0,0,149421,1.810636906,231945,0.859860576
799b4cd7-eovo_407_t1_aug_2.png,82524,0,0,0,149421,1.810636906,231945,0.859860576
7a21f632-ovo_06_t131.png,30073,0,0,0,65974,2.193795099,96047,0.882445412
7a21f632-ovo_06_t131_aug_0.png,30076,0,0,0,65550,2.179478654,95626,0.787357687
7a21f632-ovo_06_t131_aug_1.png,30073,0,0,0,65974,2.193795099,96047,0.882445412
7a21f632-ovo_06_t131_aug_2.png,30073,0,0,0,65974,2.193795099,96047,0.882445412
7a776415-eovo_250_t1.png,0,0,0,0,204008,0,204008,0.873534913
7a776415-eovo_250_t1_aug_0.png,0,0,0,0,204007,0,204007,0.819045512
7a776415-eovo_250_t1_aug_1.png,0,0,0,0,204005,0,204005,0.790855585
7a776415-eovo_250_t1_aug_2.png,0,0,0,0,204008,0,204008,0.873534913
7b22b041-ovo_40_t121.png,45744,0,0,0,36774,0.803908709,82518,0.873158659
7b22b041-ovo_40_t121_aug_0.png,45749,0,0,0,36765,0.803624123,82514,0.812476544
7b22b041-ovo_40_t121_aug_1.png,45744,0,0,0,36774,0.803908709,82518,0.873158659
7b22b041-ovo_40_t121_aug_2.png,45746,0,0,0,36771,0.803807983,82517,0.816798773
7b3901c9-ovo_05_t181.png,47511,0,0,0,43979,0.925659321,91490,0.882275056
7b3901c9-ovo_05_t181_aug_0.png,47511,0,0,0,43979,0.925659321,91490,0.882275056
7b3901c9-ovo_05_t181_aug_1.png,47511,0,0,0,43979,0.925659321,91490,0.882275056
7b3901c9-ovo_05_t181_aug_2.png,47511,0,0,0,43979,0.925659321,91490,0.882275056
7bd2ce4a-eovo_446_t1.png,88991,0,0,0,115844,1.301749615,204835,0.866144626
7bd2ce4a-eovo_446_t1_aug_0.png,88999,0,0,0,115842,1.30161013,204841,0.793448545
7bd2ce4a-eovo_446_t1_aug_1.png,88991,0,0,0,115844,1.301749615,204835,0.866144626
7bd2ce4a-eovo_446_t1_aug_2.png,88991,0,0,0,115844,1.301749615,204835,0.866144626
7c1e7f50-ovo_40_t6.png,46131,0,0,0,41264,0.894496109,87395,0.885740896
7c1e7f50-ovo_40_t6_aug_0.png,46131,0,0,0,41264,0.894496109,87395,0.885740896
7c1e7f50-ovo_40_t6_aug_1.png,46131,0,0,0,41264,0.894496109,87395,0.885740896
7c1e7f50-ovo_40_t6_aug_2.png,46131,0,0,0,41264,0.894496109,87395,0.885740896
7c6bfb76-eovo_68_t1.png,0,0,0,0,222242,0,222242,0.850882748
7c6bfb76-eovo_68_t1_aug_0.png,0,0,0,0,222242,0,222242,0.850882748
7c6bfb76-eovo_68_t1_aug_1.png,0,0,0,0,222246,0,222246,0.735366956
7c6bfb76-eovo_68_t1_aug_2.png,0,0,0,0,222237,0,222237,0.781930385
7c6cd9b2-ovo_53_t156.png,43709,0,0,0,30222,0.691436546,73931,0.878285504
7c6cd9b2-ovo_53_t156_aug_0.png,43705,0,0,0,30226,0.691591351,73931,0.759592126
7c6cd9b2-ovo_53_t156_aug_1.png,43709,0,0,0,30222,0.691436546,73931,0.878285504
7c6cd9b2-ovo_53_t156_aug_2.png,43709,0,0,0,30222,0.691436546,73931,0.878285504
7ce99e97-eovo_436_t1.png,99858,0,0,0,120820,1.209918084,220678,0.874308532
7ce99e97-eovo_436_t1_aug_0.png,99858,0,0,0,120820,1.209918084,220678,0.874308532
7ce99e97-eovo_436_t1_aug_1.png,99858,0,0,0,120820,1.209918084,220678,0.874308532
7ce99e97-eovo_436_t1_aug_2.png,99858,0,0,0,120820,1.209918084,220678,0.874308532
7ceed637-ovo_06_t116.png,31670,0,0,0,61604,1.945184717,93274,0.885434299
7ceed637-ovo_06_t116_aug_0.png,31670,0,0,0,61370,1.937796021,93040,0.826441472
7ceed637-ovo_06_t116_aug_1.png,31670,0,0,0,61604,1.945184717,93274,0.885434299
7ceed637-ovo_06_t116_aug_2.png,31666,0,0,0,61243,1.93403019,92909,0.803034703
7d233b64-ovo_33_t6.png,40215,0,0,0,31277,0.777744623,71492,0.858203374
7d233b64-ovo_33_t6_aug_0.png,40215,0,0,0,31277,0.777744623,71492,0.858203374
7d233b64-ovo_33_t6_aug_1.png,40215,0,0,0,31277,0.777744623,71492,0.858203374
7d233b64-ovo_33_t6_aug_2.png,40210,0,0,0,31277,0.777841333,71487,0.7476143
7d6f0462-ovo_06_t201.png,29904,0,0,0,63415,2.120619315,93319,0.880066927
7d6f0462-ovo_06_t201_aug_0.png,29903,0,0,0,63161,2.112196101,93064,0.841373717
7d6f0462-ovo_06_t201_aug_1.png,29904,0,0,0,63415,2.120619315,93319,0.880066927
7d6f0462-ovo_06_t201_aug_2.png,29904,0,0,0,63415,2.120619315,93319,0.880066927
7dd52483-ovo_55_t121.png,46528,0,0,0,34274,0.736631706,80802,0.876501745
7dd52483-ovo_55_t121_aug_0.png,46528,0,0,0,34274,0.736631706,80802,0.876501745
7dd52483-ovo_55_t121_aug_1.png,46537,0,0,0,34256,0.736102456,80793,0.752521188
7dd52483-ovo_55_t121_aug_2.png,46528,0,0,0,34274,0.736631706,80802,0.876501745
7def9da3-ovo_47_t146.png,38871,0,0,0,48821,1.255974891,87692,0.872409421
7def9da3-ovo_47_t146_aug_0.png,38873,0,0,0,48820,1.255884547,87693,0.864563094
7def9da3-ovo_47_t146_aug_1.png,38871,0,0,0,48821,1.255974891,87692,0.872409421
7def9da3-ovo_47_t146_aug_2.png,38871,0,0,0,48820,1.255949165,87691,0.785013297
7df94607-eovo_401_t1.png,104246,0,0,0,104813,1.005439058,209059,0.878932451
7df94607-eovo_401_t1_aug_0.png,104241,0,0,0,104810,1.005458505,209051,0.775957801
7df94607-eovo_401_t1_aug_1.png,104243,0,0,0,104833,1.005659852,209076,0.771867137
7df94607-eovo_401_t1_aug_2.png,104238,0,0,0,104831,1.005688904,209069,0.794506853
7e0ac769-ovo_09_t36.png,47018,0,0,0,36431,0.774830916,83449,0.870574363
7e0ac769-ovo_09_t36_aug_0.png,47015,0,0,0,36435,0.774965437,83450,0.849901515
7e0ac769-ovo_09_t36_aug_1.png,47019,0,0,0,36430,0.774793169,83449,0.836987195
7e0ac769-ovo_09_t36_aug_2.png,47018,0,0,0,36431,0.774830916,83449,0.870574363
7e133f7b-ovo_14_t21.png,42149,0,0,0,40460,0.959927875,82609,0.853271115
7e133f7b-ovo_14_t21_aug_0.png,42141,0,0,0,40465,0.960228756,82606,0.835192311
7e133f7b-ovo_14_t21_aug_1.png,42149,0,0,0,40460,0.959927875,82609,0.853271115
7e133f7b-ovo_14_t21_aug_2.png,42148,0,0,0,40451,0.959737117,82599,0.750680967
7e210b63-ovo_06_t66.png,33424,0,0,0,58998,1.765138822,92422,0.89021816
7e210b63-ovo_06_t66_aug_0.png,33424,0,0,0,58998,1.765138822,92422,0.89021816
7e210b63-ovo_06_t66_aug_1.png,33424,0,0,0,58998,1.765138822,92422,0.89021816
7e210b63-ovo_06_t66_aug_2.png,33424,0,0,0,58998,1.765138822,92422,0.89021816
7e5328c7-eovo_573_t1.png,105647,0,0,0,91632,0.86734124,197279,0.875340354
7e5328c7-eovo_573_t1_aug_0.png,105645,0,0,0,91636,0.867395523,197281,0.772716277
7e5328c7-eovo_573_t1_aug_1.png,105642,0,0,0,91634,0.867401223,197276,0.831970256
7e5328c7-eovo_573_t1_aug_2.png,105639,0,0,0,91642,0.867501586,197281,0.831088655
7e8af5a1-eovo_293_t1.png,0,0,0,0,208196,0,208196,0.859408082
7e8af5a1-eovo_293_t1_aug_0.png,0,0,0,0,208196,0,208196,0.859408082
7e8af5a1-eovo_293_t1_aug_1.png,0,0,0,0,208196,0,208196,0.859408082
7e8af5a1-eovo_293_t1_aug_2.png,0,0,0,0,208196,0,208196,0.859408082
7eaae917-ovo_52_t6.png,39527,0,0,0,35616,0.901054975,75143,0.878171248
7eaae917-ovo_52_t6_aug_0.png,39530,0,0,0,35610,0.900834809,75140,0.794481101
7eaae917-ovo_52_t6_aug_1.png,39527,0,0,0,35616,0.901054975,75143,0.878171248
7eaae917-ovo_52_t6_aug_2.png,39525,0,0,0,35618,0.90115117,75143,0.848627986
7ef18f06-ovo_52_t121.png,45605,0,0,0,32565,0.71406644,78170,0.86620129
7ef18f06-ovo_52_t121_aug_0.png,45608,0,0,0,32570,0.7141291,78178,0.770818131
7ef18f06-ovo_52_t121_aug_1.png,45605,0,0,0,32565,0.71406644,78170,0.86620129
7ef18f06-ovo_52_t121_aug_2.png,45608,0,0,0,32552,0.713734433,78160,0.755825045
7f15d93e-ovo_05_t6.png,46979,0,0,0,45249,0.963175036,92228,0.874188449
7f15d93e-ovo_05_t6_aug_0.png,46979,0,0,0,45249,0.963175036,92228,0.874188449
7f15d93e-ovo_05_t6_aug_1.png,46979,0,0,0,45245,0.963089891,92224,0.868599683
7f15d93e-ovo_05_t6_aug_2.png,46982,0,0,0,45248,0.963092248,92230,0.802801385
7f736ed2-ovo_19_t161.png,46828,0,0,0,15261,0.325894764,62089,0.880238823
7f736ed2-ovo_19_t161_aug_0.png,46824,0,0,0,15266,0.326029387,62090,0.798212493
7f736ed2-ovo_19_t161_aug_1.png,46825,0,0,0,15266,0.326022424,62091,0.777455331
7f736ed2-ovo_19_t161_aug_2.png,46829,0,0,0,15263,0.325930513,62092,0.813972853
7f96dc55-ovo_53_t241.png,45855,0,0,0,38538,0.840431796,84393,0.877819033
7f96dc55-ovo_53_t241_aug_0.png,45855,0,0,0,38538,0.840431796,84393,0.877819033
7f96dc55-ovo_53_t241_aug_1.png,45854,0,0,0,38537,0.840428316,84391,0.78401646
7f96dc55-ovo_53_t241_aug_2.png,45858,0,0,0,38528,0.840158751,84386,0.783000434
7fda2a63-eovo_230_t1.png,0,0,0,0,210339,0,210339,0.868419777
7fda2a63-eovo_230_t1_aug_0.png,0,0,0,0,210339,0,210339,0.868419777
7fda2a63-eovo_230_t1_aug_1.png,0,0,0,0,210340,0,210340,0.792757962
7fda2a63-eovo_230_t1_aug_2.png,0,0,0,0,210336,0,210336,0.826195526
7fef8349-ovo_40_t76.png,45691,0,0,0,37640,0.82379462,83331,0.874978866
7fef8349-ovo_40_t76_aug_0.png,45687,0,0,0,37640,0.823866745,83327,0.816119036
7fef8349-ovo_40_t76_aug_1.png,45689,0,0,0,37638,0.823786907,83327,0.858487373
7fef8349-ovo_40_t76_aug_2.png,45691,0,0,0,37640,0.82379462,83331,0.874978866
804fd97a-ovo_39_t91.png,42508,0,0,0,36996,0.870330291,79504,0.877720449
804fd97a-ovo_39_t91_aug_0.png,42508,0,0,0,36996,0.870330291,79504,0.877720449
804fd97a-ovo_39_t91_aug_1.png,42507,0,0,0,37003,0.870515445,79510,0.774248074
804fd97a-ovo_39_t91_aug_2.png,42508,0,0,0,36996,0.870330291,79504,0.877720449
806aca2a-eovo_557_t1.png,85040,0,0,0,129304,1.520507996,214344,0.873690665
806aca2a-eovo_557_t1_aug_0.png,85040,0,0,0,129303,1.520496237,214343,0.848915875
806aca2a-eovo_557_t1_aug_1.png,85040,0,0,0,129304,1.520507996,214344,0.873690665
806aca2a-eovo_557_t1_aug_2.png,85040,0,0,0,129304,1.520507996,214344,0.873690665
808cd7ab-ovo_04_t126.png,46769,0,0,0,36743,0.785627232,83512,0.868807732
808cd7ab-ovo_04_t126_aug_0.png,46769,0,0,0,36743,0.785627232,83512,0.868807732
808cd7ab-ovo_04_t126_aug_1.png,46769,0,0,0,36740,0.785563087,83509,0.810601654
808cd7ab-ovo_04_t126_aug_2.png,46769,0,0,0,36743,0.785627232,83512,0.868807732
81473d3d-ovo_19_t251.png,44829,0,0,0,16071,0.358495617,60900,0.875608777
81473d3d-ovo_19_t251_aug_0.png,44829,0,0,0,16071,0.358495617,60900,0.875608777
81473d3d-ovo_19_t251_aug_1.png,44829,0,0,0,16071,0.358495617,60900,0.875608777
81473d3d-ovo_19_t251_aug_2.png,44829,0,0,0,16075,0.358584845,60904,0.812848654
81a9d895-ovo_06_t161.png,30539,0,0,0,60837,1.992108451,91376,0.868769568
81a9d895-ovo_06_t161_aug_0.png,30539,0,0,0,60837,1.992108451,91376,0.868769568
81a9d895-ovo_06_t161_aug_1.png,30538,0,0,0,60838,1.992206431,91376,0.864129153
81a9d895-ovo_06_t161_aug_2.png,30539,0,0,0,60837,1.992108451,91376,0.868769568
81b1614c-ovo_17_t101.png,46503,0,0,0,40266,0.865879621,86769,0.865792066
81b1614c-ovo_17_t101_aug_0.png,46503,0,0,0,40266,0.865879621,86769,0.865792066
81b1614c-ovo_17_t101_aug_1.png,46508,0,0,0,40261,0.865679023,86769,0.792363881
81b1614c-ovo_17_t101_aug_2.png,46503,0,0,0,40266,0.865879621,86769,0.865792066
820890b1-ovo_27_t36.png,43372,0,0,0,43059,0.992783363,86431,0.872760508
820890b1-ovo_27_t36_aug_0.png,43375,0,0,0,43056,0.992645533,86431,0.794479746
820890b1-ovo_27_t36_aug_1.png,43366,0,0,0,43062,0.9929899,86428,0.844162848
820890b1-ovo_27_t36_aug_2.png,43372,0,0,0,43059,0.992783363,86431,0.872760508
8262f84d-ovo_33_t101.png,42535,0,0,0,30744,0.722792994,73279,0.877128343
8262f84d-ovo_33_t101_aug_0.png,42538,0,0,0,30738,0.722600969,73276,0.834475699
8262f84d-ovo_33_t101_aug_1.png,42535,0,0,0,30744,0.722792994,73279,0.877128343
8262f84d-ovo_33_t101_aug_2.png,42535,0,0,0,30744,0.722792994,73279,0.877128343
82af1300-ovo_35_t71.png,49520,0,0,0,33929,0.685157512,83449,0.862922186
82af1300-ovo_35_t71_aug_0.png,49520,0,0,0,33929,0.685157512,83449,0.862922186
82af1300-ovo_35_t71_aug_1.png,49526,0,0,0,33917,0.684832209,83443,0.747025059
82af1300-ovo_35_t71_aug_2.png,49517,0,0,0,33931,0.685239413,83448,0.786376364
82d8f165-ovo_52_t71.png,44453,0,0,0,33248,0.747936022,77701,0.877295316
82d8f165-ovo_52_t71_aug_0.png,44455,0,0,0,33256,0.74808233,77711,0.801825531
82d8f165-ovo_52_t71_aug_1.png,44453,0,0,0,33248,0.747936022,77701,0.877295316
82d8f165-ovo_52_t71_aug_2.png,44453,0,0,0,33248,0.747936022,77701,0.877295316
82f7a10c-ovo_21_t46.png,46187,0,0,0,45824,0.992140646,92011,0.878952842
82f7a10c-ovo_21_t46_aug_0.png,46187,0,0,0,45822,0.992097343,92009,0.86956035
82f7a10c-ovo_21_t46_aug_1.png,46184,0,0,0,45826,0.992248398,92010,0.849894047
82f7a10c-ovo_21_t46_aug_2.png,46187,0,0,0,45824,0.992140646,92011,0.878952842
83d97af4-ovo_55_t11.png,43430,0,0,0,36160,0.832604191,79590,0.874010513
83d97af4-ovo_55_t11_aug_0.png,43422,0,0,0,36169,0.832964857,79591,0.785837001
83d97af4-ovo_55_t11_aug_1.png,43431,0,0,0,36160,0.83258502,79591,0.82898167
83d97af4-ovo_55_t11_aug_2.png,43430,0,0,0,36160,0.832604191,79590,0.874010513
83e15b98-ovo_22_t21.png,41933,0,0,0,39496,0.941883481,81429,0.877736653
83e15b98-ovo_22_t21_aug_0.png,41933,0,0,0,39496,0.941883481,81429,0.877736653
83e15b98-ovo_22_t21_aug_1.png,41935,0,0,0,39500,0.941933945,81435,0.772654538
83e15b98-ovo_22_t21_aug_2.png,41930,0,0,0,39499,0.942022418,81429,0.857469586
841b06b8-ovo_15_t16.png,39147,0,0,0,28725,0.733772703,67872,0.875398318
841b06b8-ovo_15_t16_aug_0.png,39149,0,0,0,28720,0.7336075,67869,0.870335602
841b06b8-ovo_15_t16_aug_1.png,39148,0,0,0,28729,0.733856136,67877,0.854801013
841b06b8-ovo_15_t16_aug_2.png,39147,0,0,0,28725,0.733772703,67872,0.875398318
84442049-eovo_210_t1.png,264,0,0,0,202026,765.25,202290,0.864638584
84442049-eovo_210_t1_aug_0.png,263,0,0,0,202025,768.1558935,202288,0.804785997
84442049-eovo_210_t1_aug_1.png,22,0,0,0,202013,9182.409091,202035,0.808707786
84442049-eovo_210_t1_aug_2.png,264,0,0,0,202026,765.25,202290,0.864638584
84903985-ovo_27_t256.png,41683,0,0,0,44715,1.072739486,86398,0.879718571
84903985-ovo_27_t256_aug_0.png,41687,0,0,0,44708,1.072468635,86395,0.796887878
84903985-ovo_27_t256_aug_1.png,41683,0,0,0,44715,1.072739486,86398,0.879718571
84903985-ovo_27_t256_aug_2.png,41683,0,0,0,44715,1.072739486,86398,0.879718571
8490ae61-ovo_33_t141.png,42258,0,0,0,29701,0.702849165,71959,0.872296998
8490ae61-ovo_33_t141_aug_0.png,42262,0,0,0,29695,0.70264067,71957,0.780835894
8490ae61-ovo_33_t141_aug_1.png,42267,0,0,0,29698,0.702628528,71965,0.772023758
8490ae61-ovo_33_t141_aug_2.png,42258,0,0,0,29701,0.702849165,71959,0.872296998
84ca203b-ovo_26_t301.png,48946,0,0,0,34284,0.700445389,83230,0.86510124
84ca203b-ovo_26_t301_aug_0.png,48945,0,0,0,34287,0.700520993,83232,0.804212177
84ca203b-ovo_26_t301_aug_1.png,48946,0,0,0,34284,0.700445389,83230,0.86510124
84ca203b-ovo_26_t301_aug_2.png,48946,0,0,0,34284,0.700445389,83230,0.86510124
84d95078-ovo_53_t61.png,42163,0,0,0,31810,0.754452956,73973,0.876960433
84d95078-ovo_53_t61_aug_0.png,42163,0,0,0,31810,0.754452956,73973,0.876960433
84d95078-ovo_53_t61_aug_1.png,42175,0,0,0,31805,0.754119739,73980,0.752358269
84d95078-ovo_53_t61_aug_2.png,42163,0,0,0,31810,0.754452956,73973,0.876960433
851f3062-ovo_55_t131.png,45644,0,0,0,35200,0.771185698,80844,0.866080211
851f3062-ovo_55_t131_aug_0.png,45644,0,0,0,35200,0.771185698,80844,0.866080211
851f3062-ovo_55_t131_aug_1.png,45644,0,0,0,35200,0.771185698,80844,0.866080211
851f3062-ovo_55_t131_aug_2.png,45644,0,0,0,35200,0.771185698,80844,0.866080211
858957f3-ovo_06_t1.png,36009,0,0,0,58625,1.628065206,94634,0.87793742
858957f3-ovo_06_t1_aug_0.png,36009,0,0,0,58625,1.628065206,94634,0.87793742
858957f3-ovo_06_t1_aug_1.png,36010,0,0,0,58624,1.627992224,94634,0.820012502
858957f3-ovo_06_t1_aug_2.png,36010,0,0,0,58626,1.628047765,94636,0.828976594
85f5dfd4-eovo_446_t1.png,90723,0,0,0,107035,1.179800051,197758,0.874799424
85f5dfd4-eovo_446_t1_aug_0.png,90726,0,0,0,107033,1.179738994,197759,0.842329677
85f5dfd4-eovo_446_t1_aug_1.png,90723,0,0,0,107035,1.179800051,197758,0.874799424
85f5dfd4-eovo_446_t1_aug_2.png,90717,0,0,0,107038,1.179911152,197755,0.757587045
85f6b6de-ovo_02_t76.png,42591,0,0,0,40446,0.949637247,83037,0.863866713
85f6b6de-ovo_02_t76_aug_0.png,42593,0,0,0,40446,0.949592656,83039,0.850263806
85f6b6de-ovo_02_t76_aug_1.png,42591,0,0,0,40446,0.949637247,83037,0.863866713
85f6b6de-ovo_02_t76_aug_2.png,42594,0,0,0,40450,0.949664272,83044,0.766577179
8606126e-ovo_21_t1.png,46167,0,0,0,42711,0.925141335,88878,0.845594163
8606126e-ovo_21_t1_aug_0.png,46167,0,0,0,42711,0.925141335,88878,0.845594163
8606126e-ovo_21_t1_aug_1.png,46167,0,0,0,42711,0.925141335,88878,0.845594163
8606126e-ovo_21_t1_aug_2.png,46165,0,0,0,42716,0.925289722,88881,0.767860569
86ebc540-ovo_33_t186.png,42088,0,0,0,32923,0.782241969,75011,0.865643082
86ebc540-ovo_33_t186_aug_0.png,42088,0,0,0,32923,0.782241969,75011,0.865643082
86ebc540-ovo_33_t186_aug_1.png,42091,0,0,0,32916,0.782019909,75007,0.828131104
86ebc540-ovo_33_t186_aug_2.png,42081,0,0,0,32921,0.782324565,75002,0.803246637
87112837-ovo_06_t236.png,29751,0,0,0,63399,2.130987194,93150,0.879928585
87112837-ovo_06_t236_aug_0.png,29751,0,0,0,63399,2.130987194,93150,0.879928585
87112837-ovo_06_t236_aug_1.png,29751,0,0,0,63399,2.130987194,93150,0.879928585
87112837-ovo_06_t236_aug_2.png,29754,0,0,0,62890,2.11366539,92644,0.818174099
8770aee6-ovo_52_t231.png,44864,0,0,0,31022,0.691467546,75886,0.875860421
8770aee6-ovo_52_t231_aug_0.png,44864,0,0,0,31022,0.691467546,75886,0.875860421
8770aee6-ovo_52_t231_aug_1.png,44864,0,0,0,31022,0.691467546,75886,0.875860421
8770aee6-ovo_52_t231_aug_2.png,44864,0,0,0,31022,0.691467546,75886,0.875860421
878d39b1-ovo_52_t276.png,44809,0,0,0,31854,0.710883974,76663,0.879891956
878d39b1-ovo_52_t276_aug_0.png,44807,0,0,0,31852,0.710871069,76659,0.800706807
878d39b1-ovo_52_t276_aug_1.png,44805,0,0,0,31854,0.710947439,76659,0.811522816
878d39b1-ovo_52_t276_aug_2.png,44809,0,0,0,31854,0.710883974,76663,0.848256069
8797aa68-ovo_53_t161.png,43985,0,0,0,33398,0.759304308,77383,0.877797104
8797aa68-ovo_53_t161_aug_0.png,43985,0,0,0,33398,0.759304308,77383,0.877797104
8797aa68-ovo_53_t161_aug_1.png,43980,0,0,0,33406,0.759572533,77386,0.81996258
8797aa68-ovo_53_t161_aug_2.png,43988,0,0,0,33395,0.759184323,77383,0.789228767
879a34cb-ovo_53_t166.png,42349,0,0,0,32131,0.758719214,74480,0.862038121
879a34cb-ovo_53_t166_aug_0.png,42349,0,0,0,32131,0.758719214,74480,0.862038121
879a34cb-ovo_53_t166_aug_1.png,42349,0,0,0,32131,0.758719214,74480,0.862038121
879a34cb-ovo_53_t166_aug_2.png,42349,0,0,0,32131,0.758719214,74480,0.862038121
87aaf45b-ovo_53_t86.png,44148,0,0,0,27700,0.627434991,71848,0.879536127
87aaf45b-ovo_53_t86_aug_0.png,44150,0,0,0,27698,0.627361268,71848,0.781013979
87aaf45b-ovo_53_t86_aug_1.png,44148,0,0,0,27700,0.627434991,71848,0.879536127
87aaf45b-ovo_53_t86_aug_2.png,44148,0,0,0,27700,0.627434991,71848,0.879536127
87e5a7d5-ovo_23_t191.png,47633,0,0,0,51763,1.086704596,99396,0.881106113
87e5a7d5-ovo_23_t191_aug_0.png,47635,0,0,0,51764,1.086679962,99399,0.76245784
87e5a7d5-ovo_23_t191_aug_1.png,47641,0,0,0,51754,1.0863332,99395,0.775433596
87e5a7d5-ovo_23_t191_aug_2.png,47636,0,0,0,51761,1.086594172,99397,0.859269446
880873b1-ovo_52_t151.png,46493,0,0,0,31432,0.676058762,77925,0.87435146
880873b1-ovo_52_t151_aug_0.png,46490,0,0,0,31433,0.676123898,77923,0.832417758
880873b1-ovo_52_t151_aug_1.png,46496,0,0,0,31430,0.675972127,77926,0.841451019
880873b1-ovo_52_t151_aug_2.png,46493,0,0,0,31432,0.676058762,77925,0.87435146
882a56ff-ovo_17_t196.png,47911,0,0,0,36289,0.757425226,84200,0.869655193
882a56ff-ovo_17_t196_aug_0.png,47911,0,0,0,36289,0.757425226,84200,0.869655193
882a56ff-ovo_17_t196_aug_1.png,47913,0,0,0,36290,0.75741448,84203,0.765347492
882a56ff-ovo_17_t196_aug_2.png,47911,0,0,0,36289,0.757425226,84200,0.869655193
88805600-ovo_55_t26.png,45025,0,0,0,34031,0.755824542,79056,0.874106644
88805600-ovo_55_t26_aug_0.png,45021,0,0,0,34034,0.755958331,79055,0.782972438
88805600-ovo_55_t26_aug_1.png,45023,0,0,0,34032,0.755880328,79055,0.780821624
88805600-ovo_55_t26_aug_2.png,45024,0,0,0,34036,0.755952381,79060,0.806786183
890760c9-ovo_30_t176.png,41933,0,0,0,0,0,41933,0.888698366
890760c9-ovo_30_t176_aug_0.png,41933,0,0,0,0,0,41933,0.888698366
890760c9-ovo_30_t176_aug_1.png,41925,0,0,0,0,0,41925,0.789431655
890760c9-ovo_30_t176_aug_2.png,41933,0,0,0,0,0,41933,0.777775932
89d0e7f8-eovo_649_t1.png,101597,0,0,0,94782,0.932921248,196379,0.882754695
89d0e7f8-eovo_649_t1_aug_0.png,101597,0,0,0,94782,0.932921248,196379,0.882754695
89d0e7f8-eovo_649_t1_aug_1.png,101597,0,0,0,94774,0.932842505,196371,0.786703875
89d0e7f8-eovo_649_t1_aug_2.png,101597,0,0,0,94782,0.932921248,196379,0.882754695
89d23124-ovo_23_t101.png,45598,0,0,0,58231,1.277051625,103829,0.880140858
89d23124-ovo_23_t101_aug_0.png,45598,0,0,0,58231,1.277051625,103829,0.880140858
89d23124-ovo_23_t101_aug_1.png,45598,0,0,0,58229,1.277007763,103827,0.809496775
89d23124-ovo_23_t101_aug_2.png,45598,0,0,0,58231,1.277051625,103829,0.880140858
8a18edf2-ovo_38_t91.png,49664,0,0,0,47198,0.950346327,96862,0.871531102
8a18edf2-ovo_38_t91_aug_0.png,49667,0,0,0,47194,0.950208388,96861,0.75822283
8a18edf2-ovo_38_t91_aug_1.png,49664,0,0,0,47198,0.950346327,96862,0.871531102
8a18edf2-ovo_38_t91_aug_2.png,49662,0,0,0,47205,0.950525553,96867,0.822213624
8a24627e-ovo_06_t101.png,31685,0,0,0,65755,2.075272211,97440,0.891007984
8a24627e-ovo_06_t101_aug_0.png,31685,0,0,0,65755,2.075272211,97440,0.891007984
8a24627e-ovo_06_t101_aug_1.png,31685,0,0,0,65755,2.075272211,97440,0.891007984
8a24627e-ovo_06_t101_aug_2.png,31685,0,0,0,65755,2.075272211,97440,0.891007984
8a3c4756-ovo_08_t46.png,47110,0,0,0,31356,0.66559117,78466,0.879261287
8a3c4756-ovo_08_t46_aug_0.png,47110,0,0,0,31356,0.66559117,78466,0.879261287
8a3c4756-ovo_08_t46_aug_1.png,47110,0,0,0,31356,0.66559117,78466,0.879261287
8a3c4756-ovo_08_t46_aug_2.png,47110,0,0,0,31356,0.66559117,78466,0.879261287
8a6619cf-ovo_38_t226.png,50667,0,0,0,36417,0.71875185,87084,0.872534391
8a6619cf-ovo_38_t226_aug_0.png,50666,0,0,0,36409,0.71860814,87075,0.773405297
8a6619cf-ovo_38_t226_aug_1.png,50669,0,0,0,36418,0.718743216,87087,0.797971542
8a6619cf-ovo_38_t226_aug_2.png,50667,0,0,0,36412,0.718653167,87079,0.831877589
8af9fbe3-ovo_38_t181.png,49446,0,0,0,46594,0.942320916,96040,0.866823574
8af9fbe3-ovo_38_t181_aug_0.png,49446,0,0,0,46594,0.942320916,96040,0.866823574
8af9fbe3-ovo_38_t181_aug_1.png,49449,0,0,0,46591,0.942203078,96040,0.816243735
8af9fbe3-ovo_38_t181_aug_2.png,49446,0,0,0,46583,0.942098451,96029,0.807010017
8bda55ec-ovo_31_t181.png,45261,0,0,0,26197,0.578798524,71458,0.882535979
8bda55ec-ovo_31_t181_aug_0.png,45261,0,0,0,26197,0.578798524,71458,0.882535979
8bda55ec-ovo_31_t181_aug_1.png,45261,0,0,0,26197,0.578798524,71458,0.882535979
8bda55ec-ovo_31_t181_aug_2.png,45261,0,0,0,26197,0.578798524,71458,0.882535979
8be56f59-ovo_37_t226.png,46205,0,0,0,35763,0.774007142,81968,0.88224806
8be56f59-ovo_37_t226_aug_0.png,46205,0,0,0,35765,0.774050427,81970,0.860055096
8be56f59-ovo_37_t226_aug_1.png,46205,0,0,0,35763,0.774007142,81968,0.88224806
8be56f59-ovo_37_t226_aug_2.png,46194,0,0,0,35779,0.774537819,81973,0.76579089
8c623146-ovo_43_t256.png,44068,0,0,0,42957,0.974788963,87025,0.877341055
8c623146-ovo_43_t256_aug_0.png,44071,0,0,0,42948,0.974518391,87019,0.756237951
8c623146-ovo_43_t256_aug_1.png,44071,0,0,0,42957,0.974722607,87028,0.853665644
8c623146-ovo_43_t256_aug_2.png,44068,0,0,0,42957,0.974788963,87025,0.877341055
8c62aaf5-ovo_33_t146.png,42862,0,0,0,33650,0.785077691,76512,0.88228749
8c62aaf5-ovo_33_t146_aug_0.png,42862,0,0,0,33650,0.785077691,76512,0.88228749
8c62aaf5-ovo_33_t146_aug_1.png,42862,0,0,0,33650,0.785077691,76512,0.88228749
8c62aaf5-ovo_33_t146_aug_2.png,42859,0,0,0,33647,0.785062647,76506,0.79663482
8c81adff-eovo_550_t1.png,75741,0,0,0,117154,1.546771234,192895,0.812440519
8c81adff-eovo_550_t1_aug_0.png,75743,0,0,0,117147,1.546637973,192890,0.771093106
8c81adff-eovo_550_t1_aug_1.png,75745,0,0,0,117145,1.546570731,192890,0.703896263
8c81adff-eovo_550_t1_aug_2.png,75741,0,0,0,117154,1.546771234,192895,0.812440519
8cde0193-eovo_146_t1.png,0,0,0,0,195020,0,195020,0.868621304
8cde0193-eovo_146_t1_aug_0.png,0,0,0,0,195020,0,195020,0.868621304
8cde0193-eovo_146_t1_aug_1.png,0,0,0,0,195027,0,195027,0.749999794
8cde0193-eovo_146_t1_aug_2.png,0,0,0,0,195020,0,195020,0.76191137
8d7d220c-eovo_188_t1.png,0,0,0,0,251876,0,251876,0.873679971
8d7d220c-eovo_188_t1_aug_0.png,0,0,0,0,251861,0,251861,0.760177937
8d7d220c-eovo_188_t1_aug_1.png,0,0,0,0,251882,0,251882,0.820173119
8d7d220c-eovo_188_t1_aug_2.png,0,0,0,0,251876,0,251876,0.873679971
8d851fa7-ovo_30_t86.png,41254,0,0,0,0,0,41254,0.88754281
8d851fa7-ovo_30_t86_aug_0.png,41258,0,0,0,0,0,41258,0.803389847
8d851fa7-ovo_30_t86_aug_1.png,41258,0,0,0,0,0,41258,0.796090318
8d851fa7-ovo_30_t86_aug_2.png,41254,0,0,0,0,0,41254,0.88754281
8db98109-ovo_05_t16.png,45713,0,0,0,46929,1.026600748,92642,0.881149448
8db98109-ovo_05_t16_aug_0.png,45713,0,0,0,46933,1.026688251,92646,0.805946923
8db98109-ovo_05_t16_aug_1.png,45713,0,0,0,46929,1.026600748,92642,0.881149448
8db98109-ovo_05_t16_aug_2.png,45713,0,0,0,46926,1.026535121,92639,0.774991384
8dc7405e-ovo_06_t41.png,33889,0,0,0,51341,1.514975361,85230,0.888514208
8dc7405e-ovo_06_t41_aug_0.png,33888,0,0,0,51315,1.514252833,85203,0.874590484
8dc7405e-ovo_06_t41_aug_1.png,33890,0,0,0,51311,1.514045441,85201,0.871775025
8dc7405e-ovo_06_t41_aug_2.png,33889,0,0,0,51341,1.514975361,85230,0.888514208
8e02d15e-eovo_181_t1.png,0,0,0,0,208705,0,208705,0.852493782
8e02d15e-eovo_181_t1_aug_0.png,0,0,0,0,208702,0,208702,0.766627175
8e02d15e-eovo_181_t1_aug_1.png,0,0,0,0,208705,0,208705,0.852493782
8e02d15e-eovo_181_t1_aug_2.png,0,0,0,0,208705,0,208705,0.78058665
8e1d6301-eovo_448_t1.png,84333,0,0,0,123502,1.464456381,207835,0.878494331
8e1d6301-eovo_448_t1_aug_0.png,84333,0,0,0,123502,1.464456381,207835,0.878494331
8e1d6301-eovo_448_t1_aug_1.png,84333,0,0,0,123502,1.464456381,207835,0.878494331
8e1d6301-eovo_448_t1_aug_2.png,84332,0,0,0,123498,1.464426315,207830,0.836957925
8e46f88b-eovo_303_t1.png,81549,0,0,0,118063,1.447755337,199612,0.856783504
8e46f88b-eovo_303_t1_aug_0.png,81552,0,0,0,118070,1.447787914,199622,0.736342321
8e46f88b-eovo_303_t1_aug_1.png,81549,0,0,0,118063,1.447755337,199612,0.856783504
8e46f88b-eovo_303_t1_aug_2.png,81554,0,0,0,118075,1.447813719,199629,0.75513759
900934c8-ovo_10_t46.png,44022,0,0,0,37243,0.846008814,81265,0.873711785
900934c8-ovo_10_t46_aug_0.png,44022,0,0,0,37243,0.846008814,81265,0.873711785
900934c8-ovo_10_t46_aug_1.png,44027,0,0,0,37243,0.845912735,81270,0.761657496
900934c8-ovo_10_t46_aug_2.png,44029,0,0,0,37240,0.845806173,81269,0.788398177
901b1456-eovo_48_t1.png,0,0,0,0,192908,0,192908,0.862007238
901b1456-eovo_48_t1_aug_0.png,0,0,0,0,192906,0,192906,0.760325974
901b1456-eovo_48_t1_aug_1.png,0,0,0,0,192908,0,192908,0.862007238
901b1456-eovo_48_t1_aug_2.png,0,0,0,0,192907,0,192907,0.833418632
9069f931-ovo_16_t141.png,49141,0,0,0,30895,0.628701085,80036,0.875638877
9069f931-ovo_16_t141_aug_0.png,49143,0,0,0,30887,0.628512708,80030,0.76396377
9069f931-ovo_16_t141_aug_1.png,49141,0,0,0,30895,0.628701085,80036,0.875638877
9069f931-ovo_16_t141_aug_2.png,49139,0,0,0,30899,0.628808075,80038,0.787798589
908a024f-ovo_06_t151.png,30610,0,0,0,63011,2.058510291,93621,0.884939514
908a024f-ovo_06_t151_aug_0.png,30610,0,0,0,63011,2.058510291,93621,0.884939514
908a024f-ovo_06_t151_aug_1.png,30610,0,0,0,63011,2.058510291,93621,0.884939514
908a024f-ovo_06_t151_aug_2.png,30610,0,0,0,63011,2.058510291,93621,0.884939514
90b8da1d-ovo_50_t251.png,48591,0,0,0,66342,1.365314564,114933,0.880645144
90b8da1d-ovo_50_t251_aug_0.png,48589,0,0,0,66338,1.36528844,114927,0.793221507
90b8da1d-ovo_50_t251_aug_1.png,48591,0,0,0,66342,1.365314564,114933,0.880645144
90b8da1d-ovo_50_t251_aug_2.png,48591,0,0,0,66342,1.365314564,114933,0.880645144
90d5b77f-eovo_131_t1.png,0,0,0,0,195809,0,195809,0.867688974
90d5b77f-eovo_131_t1_aug_0.png,0,0,0,0,195807,0,195807,0.822686529
90d5b77f-eovo_131_t1_aug_1.png,0,0,0,0,195809,0,195809,0.867688974
90d5b77f-eovo_131_t1_aug_2.png,0,0,0,0,195812,0,195812,0.770113561
91c6ea12-ovo_51_t66.png,46771,0,0,0,38996,0.833764512,85767,0.880764559
91c6ea12-ovo_51_t66_aug_0.png,46772,0,0,0,38983,0.833468742,85755,0.779367831
91c6ea12-ovo_51_t66_aug_1.png,46772,0,0,0,38991,0.833639784,85763,0.828973392
91c6ea12-ovo_51_t66_aug_2.png,46776,0,0,0,38995,0.833654011,85771,0.861320928
9200a8b2-ovo_24_t211.png,0,0,0,0,81741,0,81741,0.883863627
9200a8b2-ovo_24_t211_aug_0.png,0,0,0,0,81732,0,81732,0.853104653
9200a8b2-ovo_24_t211_aug_1.png,0,0,0,0,81737,0,81737,0.837162632
9200a8b2-ovo_24_t211_aug_2.png,0,0,0,0,81741,0,81741,0.883863627
92fd53ef-eovo_140_t1.png,0,0,0,0,177552,0,177552,0.859797659
92fd53ef-eovo_140_t1_aug_0.png,0,0,0,0,177552,0,177552,0.859797659
92fd53ef-eovo_140_t1_aug_1.png,0,0,0,0,177552,0,177552,0.859797659
92fd53ef-eovo_140_t1_aug_2.png,0,0,0,0,177552,0,177552,0.859797659
9357aeaf-ovo_16_t101.png,48921,0,0,0,25713,0.525602502,74634,0.877964338
9357aeaf-ovo_16_t101_aug_0.png,48921,0,0,0,25713,0.525602502,74634,0.877964338
9357aeaf-ovo_16_t101_aug_1.png,48921,0,0,0,25713,0.525602502,74634,0.877964338
9357aeaf-ovo_16_t101_aug_2.png,48935,0,0,0,25706,0.525309083,74641,0.762364689
93c647d3-ovo_06_t146.png,30081,0,0,0,63610,2.114623849,93691,0.884529624
93c647d3-ovo_06_t146_aug_0.png,30081,0,0,0,63610,2.114623849,93691,0.884529624
93c647d3-ovo_06_t146_aug_1.png,30071,0,0,0,63037,2.096272156,93108,0.793982583
93c647d3-ovo_06_t146_aug_2.png,30081,0,0,0,63610,2.114623849,93691,0.884529624
940c350c-ovo_18_t106.png,45311,0,0,0,31033,0.684888879,76344,0.883931859
940c350c-ovo_18_t106_aug_0.png,45311,0,0,0,31033,0.684888879,76344,0.883931859
940c350c-ovo_18_t106_aug_1.png,45309,0,0,0,31035,0.684963252,76344,0.879126042
940c350c-ovo_18_t106_aug_2.png,45311,0,0,0,31033,0.684888879,76344,0.883931859
945bc8ac-ovo_55_t141.png,46171,0,0,0,33561,0.726884841,79732,0.876970415
945bc8ac-ovo_55_t141_aug_0.png,46171,0,0,0,33561,0.726884841,79732,0.876970415
945bc8ac-ovo_55_t141_aug_1.png,46171,0,0,0,33561,0.726884841,79732,0.876970415
945bc8ac-ovo_55_t141_aug_2.png,46171,0,0,0,33561,0.726884841,79732,0.876970415
945e5ac5-ovo_06_t166.png,30244,0,0,0,61912,2.047083719,92156,0.876532401
945e5ac5-ovo_06_t166_aug_0.png,30244,0,0,0,61912,2.047083719,92156,0.876532401
945e5ac5-ovo_06_t166_aug_1.png,30245,0,0,0,61686,2.039543726,91931,0.797167961
945e5ac5-ovo_06_t166_aug_2.png,30240,0,0,0,61229,2.024768519,91469,0.790833519
95a865a6-eovo_88_t1.png,0,0,0,0,270817,0,270817,0.838541197
95a865a6-eovo_88_t1_aug_0.png,0,0,0,0,270823,0,270823,0.726676715
95a865a6-eovo_88_t1_aug_1.png,0,0,0,0,270816,0,270816,0.804938229
95a865a6-eovo_88_t1_aug_2.png,0,0,0,0,270832,0,270832,0.739597979
95ad4ae0-ovo_05_t191.png,48175,0,0,0,45141,0.937021277,93316,0.883650883
95ad4ae0-ovo_05_t191_aug_0.png,48181,0,0,0,45144,0.936966854,93325,0.763279667
95ad4ae0-ovo_05_t191_aug_1.png,48175,0,0,0,45141,0.937021277,93316,0.883650883
95ad4ae0-ovo_05_t191_aug_2.png,48177,0,0,0,45138,0.936920107,93315,0.830211026
95cc922e-ovo_22_t246.png,41518,0,0,0,42087,1.013704899,83605,0.877072318
95cc922e-ovo_22_t246_aug_0.png,41518,0,0,0,42087,1.013704899,83605,0.877072318
95cc922e-ovo_22_t246_aug_1.png,41519,0,0,0,42080,1.013511886,83599,0.796444419
95cc922e-ovo_22_t246_aug_2.png,41519,0,0,0,42080,1.013511886,83599,0.787328875
97e9ad0b-eovo_184_t1.png,0,0,0,0,232290,0,232290,0.864453951
97e9ad0b-eovo_184_t1_aug_0.png,0,0,0,0,232290,0,232290,0.864453951
97e9ad0b-eovo_184_t1_aug_1.png,0,0,0,0,232316,0,232316,0.750675176
97e9ad0b-eovo_184_t1_aug_2.png,0,0,0,0,232290,0,232290,0.864453951
980b70d7-ovo_10_t1.png,42749,0,0,0,41426,0.969051908,84175,0.868494356
980b70d7-ovo_10_t1_aug_0.png,42753,0,0,0,41421,0.968844292,84174,0.76633241
980b70d7-ovo_10_t1_aug_1.png,42754,0,0,0,41422,0.96884502,84176,0.780294466
980b70d7-ovo_10_t1_aug_2.png,42749,0,0,0,41426,0.969051908,84175,0.868494356
988ef852-ovo_53_t91.png,44314,0,0,0,31990,0.721893758,76304,0.879283275
988ef852-ovo_53_t91_aug_0.png,44316,0,0,0,31993,0.721928874,76309,0.807770244
988ef852-ovo_53_t91_aug_1.png,44317,0,0,0,31985,0.721732067,76302,0.764668781
988ef852-ovo_53_t91_aug_2.png,44314,0,0,0,31990,0.721893758,76304,0.879283275
990bce66-eovo_56_t1.png,0,2018,1,0,206167,0,208185,0.870896183
990bce66-eovo_56_t1_aug_0.png,0,2018,1,0,206168,0,208186,0.84645968
990bce66-eovo_56_t1_aug_1.png,0,2018,1,0,206167,0,208185,0.870896183
990bce66-eovo_56_t1_aug_2.png,0,2018,1,0,206167,0,208185,0.870896183
99b7ea5c-eovo_311_t1.png,0,0,0,0,211874,0,211874,0.861326494
99b7ea5c-eovo_311_t1_aug_0.png,0,0,0,0,211874,0,211874,0.861326494
99b7ea5c-eovo_311_t1_aug_1.png,0,0,0,0,211874,0,211874,0.861326494
99b7ea5c-eovo_311_t1_aug_2.png,0,0,0,0,211874,0,211874,0.861326494
99bbd9aa-ovo_34_t51.png,25340,0,0,0,26061,1.028453039,51401,0.874996097
99bbd9aa-ovo_34_t51_aug_0.png,25336,0,0,0,26068,1.028891696,51404,0.783558467
99bbd9aa-ovo_34_t51_aug_1.png,25339,0,0,0,26064,1.028612021,51403,0.824184682
99bbd9aa-ovo_34_t51_aug_2.png,25340,0,0,0,26061,1.028453039,51401,0.874996097
99e7a825-ovo_18_t21.png,40551,0,0,0,22149,0.54620108,62700,0.861837323
99e7a825-ovo_18_t21_aug_0.png,40551,0,0,0,22151,0.546250401,62702,0.859736006
99e7a825-ovo_18_t21_aug_1.png,40551,0,0,0,22149,0.54620108,62700,0.861837323
99e7a825-ovo_18_t21_aug_2.png,40549,0,0,0,22158,0.546449974,62707,0.734376115
9a038136-ovo_51_t16.png,47012,0,0,0,39414,0.83838169,86426,0.880560914
9a038136-ovo_51_t16_aug_0.png,47006,0,0,0,39421,0.838637621,86427,0.811471429
9a038136-ovo_51_t16_aug_1.png,47020,0,0,0,39403,0.838005104,86423,0.862572731
9a038136-ovo_51_t16_aug_2.png,47012,0,0,0,39414,0.83838169,86426,0.880560914
9a25c5aa-ovo_39_t51.png,40640,0,0,0,40090,0.986466535,80730,0.880967159
9a25c5aa-ovo_39_t51_aug_0.png,40642,0,0,0,40088,0.986368781,80730,0.865412464
9a25c5aa-ovo_39_t51_aug_1.png,40642,0,0,0,40085,0.986294966,80727,0.788833474
9a25c5aa-ovo_39_t51_aug_2.png,40640,0,0,0,40090,0.986466535,80730,0.880967159
9a2e4540-ovo_53_t226.png,45648,0,0,0,29420,0.644497021,75068,0.873244344
9a2e4540-ovo_53_t226_aug_0.png,45652,0,0,0,29415,0.644331026,75067,0.818224398
9a2e4540-ovo_53_t226_aug_1.png,45648,0,0,0,29420,0.644497021,75068,0.873244344
9a2e4540-ovo_53_t226_aug_2.png,45657,0,0,0,29414,0.644238561,75071,0.746087606
9acfb795-ovo_20_t226.png,43416,0,0,0,43957,1.012460844,87373,0.875851592
9acfb795-ovo_20_t226_aug_0.png,43416,0,0,0,43957,1.012460844,87373,0.875851592
9acfb795-ovo_20_t226_aug_1.png,43411,0,0,0,43962,1.012692636,87373,0.770508686
9acfb795-ovo_20_t226_aug_2.png,43416,0,0,0,43957,1.012460844,87373,0.875851592
9b44e868-eovo_123_t1.png,28,0,0,0,218143,7790.821429,218171,0.8551052
9b44e868-eovo_123_t1_aug_0.png,0,0,0,0,218146,0,218146,0.798625738
9b44e868-eovo_123_t1_aug_1.png,28,0,0,0,218143,7790.821429,218171,0.8551052
9b44e868-eovo_123_t1_aug_2.png,28,0,0,0,218132,7790.428571,218160,0.805987804
9b9c54c0-ovo_21_t131.png,45036,0,0,0,34124,0.757704947,79160,0.873355494
9b9c54c0-ovo_21_t131_aug_0.png,45036,0,0,0,34128,0.757793765,79164,0.870295595
9b9c54c0-ovo_21_t131_aug_1.png,45037,0,0,0,34124,0.757688123,79161,0.779091333
9b9c54c0-ovo_21_t131_aug_2.png,45036,0,0,0,34124,0.757704947,79160,0.873355494
9bf28d8a-ovo_55_t136.png,45441,0,0,0,36104,0.794524768,81545,0.871552429
9bf28d8a-ovo_55_t136_aug_0.png,45441,0,0,0,36104,0.794524768,81545,0.871552429
9bf28d8a-ovo_55_t136_aug_1.png,45441,0,0,0,36104,0.794524768,81545,0.871552429
9bf28d8a-ovo_55_t136_aug_2.png,45441,0,0,0,36104,0.794524768,81545,0.871552429
9c579b43-eovo_427_t1.png,87709,0,0,0,104662,1.193286892,192371,0.875093774
9c579b43-eovo_427_t1_aug_0.png,87709,0,0,0,104662,1.193286892,192371,0.875093774
9c579b43-eovo_427_t1_aug_1.png,87709,0,0,0,104662,1.193286892,192371,0.875093774
9c579b43-eovo_427_t1_aug_2.png,87705,0,0,0,104655,1.193261502,192360,0.758940832
9c84a9df-ovo_08_t131.png,46765,0,0,0,39255,0.839409815,86020,0.863552218
9c84a9df-ovo_08_t131_aug_0.png,46765,0,0,0,39255,0.839409815,86020,0.863552218
9c84a9df-ovo_08_t131_aug_1.png,46765,0,0,0,39255,0.839409815,86020,0.863552218
9c84a9df-ovo_08_t131_aug_2.png,46765,0,0,0,39255,0.839409815,86020,0.863552218
9c904778-eovo_203_t1.png,0,0,0,0,204688,0,204688,0.873587278
9c904778-eovo_203_t1_aug_0.png,0,0,0,0,204688,0,204688,0.873587278
9c904778-eovo_203_t1_aug_1.png,0,0,0,0,204675,0,204675,0.76047423
9c904778-eovo_203_t1_aug_2.png,0,0,0,0,204688,0,204688,0.873587278
9ca3a97a-ovo_37_t141.png,46578,0,0,0,34145,0.733071407,80723,0.878168611
9ca3a97a-ovo_37_t141_aug_0.png,46581,0,0,0,34140,0.732916855,80721,0.758342616
9ca3a97a-ovo_37_t141_aug_1.png,46572,0,0,0,34150,0.733273211,80722,0.776547055
9ca3a97a-ovo_37_t141_aug_2.png,46582,0,0,0,34136,0.732815251,80718,0.777312177
9ce0439b-ovo_14_t241.png,46083,0,0,0,36788,0.798298722,82871,0.865062766
9ce0439b-ovo_14_t241_aug_0.png,46083,0,0,0,36788,0.798298722,82871,0.865062766
9ce0439b-ovo_14_t241_aug_1.png,46083,0,0,0,36788,0.798298722,82871,0.865062766
9ce0439b-ovo_14_t241_aug_2.png,46081,0,0,0,36785,0.798268267,82866,0.7569227
9d37db74-ovo_24_t206.png,39901,843,1,0.02112729,36823,0.922859076,77567,0.87657065
9d37db74-ovo_24_t206_aug_0.png,39893,843,1,0.021131527,36831,0.92324468,77567,0.786739016
9d37db74-ovo_24_t206_aug_1.png,39901,843,1,0.02112729,36823,0.922859076,77567,0.87657065
9d37db74-ovo_24_t206_aug_2.png,39902,845,1,0.021176883,36817,0.92268558,77564,0.794675288
9daa9cbd-ovo_51_t21.png,46756,0,0,0,38733,0.828407049,85489,0.884315948
9daa9cbd-ovo_51_t21_aug_0.png,46759,0,0,0,38725,0.82818281,85484,0.853710387
9daa9cbd-ovo_51_t21_aug_1.png,46754,0,0,0,38735,0.828485263,85489,0.817444109
9daa9cbd-ovo_51_t21_aug_2.png,46756,0,0,0,38733,0.828407049,85489,0.884315948
9e7191f8-eovo_383_t1.png,0,0,0,0,216747,0,216747,0.858885403
9e7191f8-eovo_383_t1_aug_0.png,0,0,0,0,216747,0,216747,0.858885403
9e7191f8-eovo_383_t1_aug_1.png,0,0,0,0,216747,0,216747,0.734641706
9e7191f8-eovo_383_t1_aug_2.png,0,0,0,0,216749,0,216749,0.77364575
9e8cba6e-eovo_445_t1.png,95916,0,0,0,90674,0.945348013,186590,0.871002504
9e8cba6e-eovo_445_t1_aug_0.png,95916,0,0,0,90674,0.945348013,186590,0.871002504
9e8cba6e-eovo_445_t1_aug_1.png,95914,0,0,0,90680,0.945430281,186594,0.755797523
9e8cba6e-eovo_445_t1_aug_2.png,95920,0,0,0,90675,0.945319016,186595,0.813717173
9f2cb7fd-ovo_34_t56.png,25362,0,0,0,29827,1.176050785,55189,0.878283105
9f2cb7fd-ovo_34_t56_aug_0.png,25358,0,0,0,29826,1.176196861,55184,0.803596011
9f2cb7fd-ovo_34_t56_aug_1.png,25362,0,0,0,29827,1.176050785,55189,0.878283105
9f2cb7fd-ovo_34_t56_aug_2.png,25362,0,0,0,29827,1.176050785,55189,0.878283105
9f8238d7-ovo_04_t256.png,47726,0,0,0,30109,0.630872061,77835,0.873122921
9f8238d7-ovo_04_t256_aug_0.png,47726,0,0,0,30109,0.630872061,77835,0.873122921
9f8238d7-ovo_04_t256_aug_1.png,47726,0,0,0,30109,0.630872061,77835,0.873122921
9f8238d7-ovo_04_t256_aug_2.png,47726,0,0,0,30108,0.630851108,77834,0.768057771
9ff01b06-eovo_138_t1.png,0,0,0,0,174303,0,174303,0.849218281
9ff01b06-eovo_138_t1_aug_0.png,0,0,0,0,174303,0,174303,0.849218281
9ff01b06-eovo_138_t1_aug_1.png,0,0,0,0,174304,0,174304,0.806260517
9ff01b06-eovo_138_t1_aug_2.png,0,0,0,0,174303,0,174303,0.849218281
a031c328-ovo_51_t6.png,46980,0,0,0,45512,0.968752661,92492,0.886881719
a031c328-ovo_51_t6_aug_0.png,46978,0,0,0,45514,0.968836477,92492,0.846984003
a031c328-ovo_51_t6_aug_1.png,46976,0,0,0,45520,0.96900545,92496,0.786220881
a031c328-ovo_51_t6_aug_2.png,46980,0,0,0,45512,0.968752661,92492,0.886881719
a0c58e10-ovo_55_t61.png,45325,0,0,0,36177,0.798168781,81502,0.872754086
a0c58e10-ovo_55_t61_aug_0.png,45325,0,0,0,36177,0.798168781,81502,0.870467925
a0c58e10-ovo_55_t61_aug_1.png,45321,0,0,0,36182,0.798349551,81503,0.800132504
a0c58e10-ovo_55_t61_aug_2.png,45316,0,0,0,36186,0.798525907,81502,0.751639871
a0d4b82f-eovo_440_t1.png,104504,0,0,0,98978,0.947121641,203482,0.869343461
a0d4b82f-eovo_440_t1_aug_0.png,104504,0,0,0,98978,0.947121641,203482,0.869343461
a0d4b82f-eovo_440_t1_aug_1.png,104504,0,0,0,98976,0.947102503,203480,0.868141961
a0d4b82f-eovo_440_t1_aug_2.png,104504,0,0,0,98978,0.947121641,203482,0.869343461
a0f75d4f-ovo_25_t166.png,41913,0,0,0,48015,1.145587288,89928,0.881695985
a0f75d4f-ovo_25_t166_aug_0.png,41915,0,0,0,48019,1.145628057,89934,0.757795586
a0f75d4f-ovo_25_t166_aug_1.png,41920,0,0,0,48011,1.145300573,89931,0.846477161
a0f75d4f-ovo_25_t166_aug_2.png,41908,0,0,0,48021,1.145867138,89929,0.781219667
a17da68c-ovo_04_t216.png,46256,0,0,0,32281,0.697877032,78537,0.872227176
a17da68c-ovo_04_t216_aug_0.png,46261,0,0,0,32281,0.697801604,78542,0.823491572
a17da68c-ovo_04_t216_aug_1.png,46253,0,0,0,32284,0.697987158,78537,0.855189631
a17da68c-ovo_04_t216_aug_2.png,46256,0,0,0,32281,0.697877032,78537,0.872227176
a19f45c1-ovo_06_t171.png,30823,0,0,0,58671,1.903481167,89494,0.882651958
a19f45c1-ovo_06_t171_aug_0.png,30827,0,0,0,58144,1.886138774,88971,0.80122571
a19f45c1-ovo_06_t171_aug_1.png,30824,0,0,0,58333,1.892453932,89157,0.805981092
a19f45c1-ovo_06_t171_aug_2.png,30823,0,0,0,58671,1.903481167,89494,0.882651958
a1ea3165-ovo_20_t221.png,45635,0,0,0,35399,0.775698477,81034,0.869668537
a1ea3165-ovo_20_t221_aug_0.png,45635,0,0,0,35399,0.775698477,81034,0.869668537
a1ea3165-ovo_20_t221_aug_1.png,45629,0,0,0,35407,0.775975805,81036,0.800713512
a1ea3165-ovo_20_t221_aug_2.png,45636,0,0,0,35400,0.775703392,81036,0.749283872
a2cd6590-ovo_51_t51.png,46696,0,0,0,33541,0.718284221,80237,0.896189811
a2cd6590-ovo_51_t51_aug_0.png,46696,0,0,0,33541,0.718284221,80237,0.896189811
a2cd6590-ovo_51_t51_aug_1.png,46693,0,0,0,33550,0.718523119,80243,0.818766882
a2cd6590-ovo_51_t51_aug_2.png,46696,0,0,0,33541,0.718284221,80237,0.896189811
a3000c3b-ovo_27_t261.png,40987,0,0,0,45317,1.105643253,86304,0.879341245
a3000c3b-ovo_27_t261_aug_0.png,40987,0,0,0,45317,1.105643253,86304,0.879341245
a3000c3b-ovo_27_t261_aug_1.png,40978,0,0,0,45319,1.105934892,86297,0.7556964
a3000c3b-ovo_27_t261_aug_2.png,40983,0,0,0,45321,1.105848767,86304,0.758326206
a3414efa-ovo_52_t61.png,44352,0,0,0,32948,0.74287518,77300,0.864760788
a3414efa-ovo_52_t61_aug_0.png,44352,0,0,0,32948,0.74287518,77300,0.864760788
a3414efa-ovo_52_t61_aug_1.png,44356,0,0,0,32937,0.742560195,77293,0.826717469
a3414efa-ovo_52_t61_aug_2.png,44352,0,0,0,32948,0.74287518,77300,0.864760788
a35d1328-ovo_53_t281.png,45663,0,0,0,39824,0.872128419,85487,0.882817183
a35d1328-ovo_53_t281_aug_0.png,45663,0,0,0,39824,0.872128419,85487,0.882817183
a35d1328-ovo_53_t281_aug_1.png,45663,0,0,0,39824,0.872128419,85487,0.882817183
a35d1328-ovo_53_t281_aug_2.png,45665,0,0,0,39827,0.872155918,85492,0.823455998
a36408b2-eovo_449_t1.png,89278,0,0,0,89570,1.003270683,178848,0.880590224
a36408b2-eovo_449_t1_aug_0.png,89278,0,0,0,89570,1.003270683,178848,0.880590224
a36408b2-eovo_449_t1_aug_1.png,89278,0,0,0,89570,1.003270683,178848,0.880590224
a36408b2-eovo_449_t1_aug_2.png,89278,0,0,0,89570,1.003270683,178848,0.880590224
a3819e9c-ovo_50_t176.png,48370,0,0,0,54249,1.121542278,102619,0.882270026
a3819e9c-ovo_50_t176_aug_0.png,48370,0,0,0,54248,1.121521604,102618,0.780629604
a3819e9c-ovo_50_t176_aug_1.png,48370,0,0,0,54249,1.121542278,102619,0.882270026
a3819e9c-ovo_50_t176_aug_2.png,48376,0,0,0,54250,1.121423847,102626,0.784179279
a3850568-eovo_425_t1.png,93246,0,0,0,98287,1.0540613,191533,0.876681491
a3850568-eovo_425_t1_aug_0.png,93246,0,0,0,98288,1.054072025,191534,0.865767515
a3850568-eovo_425_t1_aug_1.png,93246,0,0,0,98287,1.0540613,191533,0.876681491
a3850568-eovo_425_t1_aug_2.png,93260,0,0,0,98274,1.053763671,191534,0.75397102
a3eb56a9-ovo_51_t31.png,46638,0,0,0,34045,0.729984133,80683,0.877912008
a3eb56a9-ovo_51_t31_aug_0.png,46638,0,0,0,34045,0.729984133,80683,0.865850474
a3eb56a9-ovo_51_t31_aug_1.png,46632,0,0,0,34047,0.730120947,80679,0.8534147
a3eb56a9-ovo_51_t31_aug_2.png,46638,0,0,0,34045,0.729984133,80683,0.877912008
a4a132e0-ovo_18_t151.png,44650,0,0,0,28107,0.629496081,72757,0.882059774
a4a132e0-ovo_18_t151_aug_0.png,44650,0,0,0,28107,0.629496081,72757,0.882059774
a4a132e0-ovo_18_t151_aug_1.png,44652,0,0,0,28105,0.629423094,72757,0.854192052
a4a132e0-ovo_18_t151_aug_2.png,44652,0,0,0,28105,0.629423094,72757,0.868458572
a4e60e38-ovo_55_t281.png,45807,0,0,0,36059,0.787194097,81866,0.884647285
a4e60e38-ovo_55_t281_aug_0.png,45807,0,0,0,36059,0.787194097,81866,0.884647285
a4e60e38-ovo_55_t281_aug_1.png,45805,0,0,0,36058,0.787206637,81863,0.831708176
a4e60e38-ovo_55_t281_aug_2.png,45807,0,0,0,36059,0.787194097,81866,0.884647285
a548a72c-ovo_10_t176.png,43714,0,0,0,40350,0.923045249,84064,0.884449937
a548a72c-ovo_10_t176_aug_0.png,43714,0,0,0,40350,0.923045249,84064,0.884449937
a548a72c-ovo_10_t176_aug_1.png,43714,0,0,0,40350,0.923045249,84064,0.884449937
a548a72c-ovo_10_t176_aug_2.png,43714,0,0,0,40350,0.923045249,84064,0.884449937
a57dad3e-ovo_47_t101.png,42995,0,0,0,41166,0.95746017,84161,0.877660832
a57dad3e-ovo_47_t101_aug_0.png,43001,0,0,0,41155,0.957070766,84156,0.775627225
a57dad3e-ovo_47_t101_aug_1.png,42987,0,0,0,41168,0.957684881,84155,0.822023957
a57dad3e-ovo_47_t101_aug_2.png,42993,0,0,0,41167,0.95752797,84160,0.754725915
a5fd3d4a-ovo_52_t26.png,42311,0,0,0,38325,0.90579282,80636,0.870891375
a5fd3d4a-ovo_52_t26_aug_0.png,42311,0,0,0,38326,0.905816454,80637,0.843622784
a5fd3d4a-ovo_52_t26_aug_1.png,42313,0,0,0,38324,0.905726373,80637,0.867661425
a5fd3d4a-ovo_52_t26_aug_2.png,42308,0,0,0,38330,0.905975229,80638,0.784683078
a61969cc-ovo_04_t181.png,47466,0,0,0,33565,0.707137741,81031,0.882114492
a61969cc-ovo_04_t181_aug_0.png,47466,0,0,0,33565,0.707137741,81031,0.882114492
a61969cc-ovo_04_t181_aug_1.png,47466,0,0,0,33565,0.707137741,81031,0.882114492
a61969cc-ovo_04_t181_aug_2.png,47466,0,0,0,33565,0.707137741,81031,0.882114492
a843a53a-ovo_52_t46.png,43993,0,0,0,35050,0.79671766,79043,0.877513825
a843a53a-ovo_52_t46_aug_0.png,43996,0,0,0,35047,0.796595145,79043,0.875567578
a843a53a-ovo_52_t46_aug_1.png,43993,0,0,0,35050,0.79671766,79043,0.877513825
a843a53a-ovo_52_t46_aug_2.png,43993,0,0,0,35050,0.79671766,79043,0.877513825
a8754973-ovo_05_t166.png,48141,0,0,0,43543,0.904488897,91684,0.891001202
a8754973-ovo_05_t166_aug_0.png,48140,0,0,0,43544,0.904528459,91684,0.831922369
a8754973-ovo_05_t166_aug_1.png,48141,0,0,0,43543,0.904488897,91684,0.891001202
a8754973-ovo_05_t166_aug_2.png,48141,0,0,0,43543,0.904488897,91684,0.891001202
a8a02251-ovo_22_t201.png,43858,0,0,0,41193,0.939235715,85051,0.863916104
a8a02251-ovo_22_t201_aug_0.png,43856,0,0,0,41193,0.939278548,85049,0.746635123
a8a02251-ovo_22_t201_aug_1.png,43865,0,0,0,41190,0.93901744,85055,0.768160426
a8a02251-ovo_22_t201_aug_2.png,43855,0,0,0,41196,0.939368373,85051,0.803394239
a8ef8618-ovo_55_t96.png,45942,0,0,0,31057,0.676004527,76999,0.860774427
a8ef8618-ovo_55_t96_aug_0.png,45942,0,0,0,31057,0.676004527,76999,0.860774427
a8ef8618-ovo_55_t96_aug_1.png,45943,0,0,0,31054,0.675924515,76997,0.846128521
a8ef8618-ovo_55_t96_aug_2.png,45942,0,0,0,31043,0.675699795,76985,0.788000648
a8ffe412-ovo_53_t251.png,46358,0,0,0,36635,0.790262738,82993,0.874979109
a8ffe412-ovo_53_t251_aug_0.png,46358,0,0,0,36635,0.790262738,82993,0.874979109
a8ffe412-ovo_53_t251_aug_1.png,46358,0,0,0,36635,0.790262738,82993,0.874979109
a8ffe412-ovo_53_t251_aug_2.png,46358,0,0,0,36635,0.790262738,82993,0.874979109
a9037a94-ovo_47_t201.png,42249,0,0,0,42189,0.998579848,84438,0.876258468
a9037a94-ovo_47_t201_aug_0.png,42249,0,0,0,42189,0.998579848,84438,0.876258468
a9037a94-ovo_47_t201_aug_1.png,42249,0,0,0,42189,0.998579848,84438,0.876258468
a9037a94-ovo_47_t201_aug_2.png,42248,0,0,0,42188,0.998579814,84436,0.812043884
a9658a83-eovo_598_t1.png,97836,0,0,0,100436,1.026575085,198272,0.846211164
a9658a83-eovo_598_t1_aug_0.png,97842,0,0,0,100418,1.026328162,198260,0.777099231
a9658a83-eovo_598_t1_aug_1.png,97836,0,0,0,100438,1.026595527,198274,0.772434706
a9658a83-eovo_598_t1_aug_2.png,97838,0,0,0,100438,1.026574542,198276,0.820803632
a9c3e908-ovo_29_t36.png,41670,0,0,0,38415,0.921886249,80085,0.88124138
a9c3e908-ovo_29_t36_aug_0.png,41665,0,0,0,38415,0.92199688,80080,0.807070839
a9c3e908-ovo_29_t36_aug_1.png,41670,0,0,0,38415,0.921886249,80085,0.88124138
a9c3e908-ovo_29_t36_aug_2.png,41672,0,0,0,38407,0.921650029,80079,0.838063227
a9eeb1c7-eovo_125_t1.png,91429,0,0,0,93843,1.026403001,185272,0.857170835
a9eeb1c7-eovo_125_t1_aug_0.png,91429,0,0,0,93844,1.026413939,185273,0.789242981
a9eeb1c7-eovo_125_t1_aug_1.png,91437,0,0,0,93846,1.026346009,185283,0.791234453
a9eeb1c7-eovo_125_t1_aug_2.png,91429,0,0,0,93843,1.026403001,185272,0.857170835
aa5f8a1a-ovo_47_t171.png,39679,0,0,0,49134,1.238287255,88813,0.880671768
aa5f8a1a-ovo_47_t171_aug_0.png,39679,0,0,0,49134,1.238287255,88813,0.880671768
aa5f8a1a-ovo_47_t171_aug_1.png,39678,0,0,0,49133,1.238293261,88811,0.803288163
aa5f8a1a-ovo_47_t171_aug_2.png,39679,0,0,0,49134,1.238287255,88813,0.880671768
ab24fb08-ovo_21_t226.png,43556,0,0,0,47297,1.08588943,90853,0.863935358
ab24fb08-ovo_21_t226_aug_0.png,43549,0,0,0,47306,1.086270638,90855,0.806599603
ab24fb08-ovo_21_t226_aug_1.png,43562,0,0,0,47289,1.085556219,90851,0.748360568
ab24fb08-ovo_21_t226_aug_2.png,43556,0,0,0,47297,1.08588943,90853,0.863935358
ab38a7c3-ovo_11_t236.png,42882,0,0,0,32432,0.756308008,75314,0.875285493
ab38a7c3-ovo_11_t236_aug_0.png,42882,0,0,0,32432,0.756308008,75314,0.875285493
ab38a7c3-ovo_11_t236_aug_1.png,42882,0,0,0,32432,0.756308008,75314,0.875285493
ab38a7c3-ovo_11_t236_aug_2.png,42882,0,0,0,32432,0.756308008,75314,0.875285493
ac9cee64-ovo_37_t96.png,46686,0,0,0,30777,0.659234032,77463,0.874378564
ac9cee64-ovo_37_t96_aug_0.png,46686,0,0,0,30777,0.659234032,77463,0.874378564
ac9cee64-ovo_37_t96_aug_1.png,46685,0,0,0,30787,0.659462354,77472,0.7479979
ac9cee64-ovo_37_t96_aug_2.png,46683,0,0,0,30779,0.659319238,77462,0.831056258
ad327333-eovo_26_t1.png,0,0,0,0,183438,0,183438,0.861344235
ad327333-eovo_26_t1_aug_0.png,0,0,0,0,183445,0,183445,0.830348985
ad327333-eovo_26_t1_aug_1.png,0,0,0,0,183438,0,183438,0.861344235
ad327333-eovo_26_t1_aug_2.png,0,0,0,0,183444,0,183444,0.769097152
ad435451-ovo_25_t256.png,43405,0,0,0,48507,1.117544062,91912,0.875860297
ad435451-ovo_25_t256_aug_0.png,43405,0,0,0,48507,1.117544062,91912,0.875860297
ad435451-ovo_25_t256_aug_1.png,43405,0,0,0,48507,1.117544062,91912,0.875860297
ad435451-ovo_25_t256_aug_2.png,43405,0,0,0,48507,1.117544062,91912,0.875860297
ada50e16-ovo_02_t1.png,42237,0,0,0,36845,0.872339418,79082,0.873849947
ada50e16-ovo_02_t1_aug_0.png,42237,0,0,0,36845,0.872339418,79082,0.873849947
ada50e16-ovo_02_t1_aug_1.png,42237,0,0,0,36845,0.872339418,79082,0.873849947
ada50e16-ovo_02_t1_aug_2.png,42237,0,0,0,36845,0.872339418,79082,0.858501422
ae156246-ovo_55_t106.png,46668,0,0,0,33555,0.719015171,80223,0.875583336
ae156246-ovo_55_t106_aug_0.png,46669,0,0,0,33562,0.719149757,80231,0.803649842
ae156246-ovo_55_t106_aug_1.png,46672,0,0,0,33551,0.718867844,80223,0.776529678
ae156246-ovo_55_t106_aug_2.png,46672,0,0,0,33552,0.71888927,80224,0.841970902
ae6b4c03-eovo_453_t1.png,105719,0,0,0,114232,1.080524787,219951,0.836854335
ae6b4c03-eovo_453_t1_aug_0.png,105720,0,0,0,114229,1.08048619,219949,0.776201978
ae6b4c03-eovo_453_t1_aug_1.png,105719,0,0,0,114232,1.080524787,219951,0.836854335
ae6b4c03-eovo_453_t1_aug_2.png,105712,0,0,0,114236,1.080634176,219948,0.750933714
aec63e43-ovo_30_t1.png,41159,0,0,0,25226,0.61289147,66385,0.874692386
aec63e43-ovo_30_t1_aug_0.png,41159,0,0,0,25227,0.612915766,66386,0.866264151
aec63e43-ovo_30_t1_aug_1.png,41163,0,0,0,25212,0.612491801,66375,0.794487387
aec63e43-ovo_30_t1_aug_2.png,41159,0,0,0,25226,0.61289147,66385,0.874692386
af2040c8-ovo_19_t121.png,48339,0,0,0,18753,0.38794762,67092,0.160658351
af2040c8-ovo_19_t121_aug_0.png,48344,0,0,0,18753,0.387907496,67097,0.153549855
af2040c8-ovo_19_t121_aug_1.png,48339,0,0,0,18753,0.38794762,67092,0.160658351
af2040c8-ovo_19_t121_aug_2.png,48342,0,0,0,18764,0.38815109,67106,0.148869376
af2cb2d5-eovo_133_t1.png,91765,0,0,0,117860,1.284367678,209625,0.8465685
af2cb2d5-eovo_133_t1_aug_0.png,91763,0,0,0,117866,1.284461057,209629,0.775034109
af2cb2d5-eovo_133_t1_aug_1.png,91765,0,0,0,117860,1.284367678,209625,0.8465685
af2cb2d5-eovo_133_t1_aug_2.png,91762,0,0,0,117864,1.28445326,209626,0.787650088
af88383e-ovo_51_t56.png,45177,0,0,0,37963,0.840316975,83140,0.888486902
af88383e-ovo_51_t56_aug_0.png,45180,0,0,0,37961,0.84021691,83141,0.825986157
af88383e-ovo_51_t56_aug_1.png,45182,0,0,0,37960,0.840157585,83142,0.788509624
af88383e-ovo_51_t56_aug_2.png,45181,0,0,0,37959,0.840154047,83140,0.768687282
afae8a15-ovo_23_t146.png,48213,0,0,0,57707,1.196917844,105920,0.885009021
afae8a15-ovo_23_t146_aug_0.png,48209,0,0,0,57712,1.19712087,105921,0.819180514
afae8a15-ovo_23_t146_aug_1.png,48217,0,0,0,57698,1.196631893,105915,0.765811374
afae8a15-ovo_23_t146_aug_2.png,48212,0,0,0,57703,1.196859703,105915,0.770659245
b0ae0f0d-eovo_325_t1.png,99044,0,0,0,115214,1.163260773,214258,0.862050843
b0ae0f0d-eovo_325_t1_aug_0.png,99044,0,0,0,115214,1.163260773,214258,0.862050843
b0ae0f0d-eovo_325_t1_aug_1.png,99044,0,0,0,115214,1.163260773,214258,0.862050843
b0ae0f0d-eovo_325_t1_aug_2.png,99048,0,0,0,115222,1.163294564,214270,0.746693765
b0b03660-ovo_50_t136.png,47935,0,0,0,62495,1.303744654,110430,0.885567606
b0b03660-ovo_50_t136_aug_0.png,47935,0,0,0,62495,1.303744654,110430,0.885567606
b0b03660-ovo_50_t136_aug_1.png,47927,0,0,0,62506,1.304191792,110433,0.792696031
b0b03660-ovo_50_t136_aug_2.png,47936,0,0,0,62492,1.303654873,110428,0.875586934
b0ed4224-eovo_174_t1.png,0,0,0,0,211197,0,211197,0.87632568
b0ed4224-eovo_174_t1_aug_0.png,0,0,0,0,211200,0,211200,0.777322502
b0ed4224-eovo_174_t1_aug_1.png,0,0,0,0,211200,0,211200,0.859884433
b0ed4224-eovo_174_t1_aug_2.png,0,0,0,0,211197,0,211197,0.87632568
b1f2b6c4-ovo_47_t161.png,40308,0,0,0,47084,1.168105587,87392,0.870493971
b1f2b6c4-ovo_47_t161_aug_0.png,40308,0,0,0,47084,1.168105587,87392,0.870493971
b1f2b6c4-ovo_47_t161_aug_1.png,40308,0,0,0,47084,1.168105587,87392,0.870493971
b1f2b6c4-ovo_47_t161_aug_2.png,40307,0,0,0,47085,1.168159377,87392,0.848156805
b260ae33-ovo_09_t86.png,48125,0,0,0,35454,0.736706494,83579,0.877982978
b260ae33-ovo_09_t86_aug_0.png,48124,0,0,0,35459,0.7368257,83583,0.818801587
b260ae33-ovo_09_t86_aug_1.png,48128,0,0,0,35464,0.736868351,83592,0.779244847
b260ae33-ovo_09_t86_aug_2.png,48119,0,0,0,35472,0.737172427,83591,0.759110146
b2c688c4-ovo_51_t71.png,46598,0,0,0,35649,0.765032834,82247,0.876947435
b2c688c4-ovo_51_t71_aug_0.png,46598,0,0,0,35649,0.765032834,82247,0.876947435
b2c688c4-ovo_51_t71_aug_1.png,46595,0,0,0,35645,0.764996244,82240,0.817654447
b2c688c4-ovo_51_t71_aug_2.png,46598,0,0,0,35649,0.765032834,82247,0.876947435
b3395a6f-ovo_50_t231.png,48840,0,0,0,55872,1.143980344,104712,0.874551667
b3395a6f-ovo_50_t231_aug_0.png,48836,0,0,0,55877,1.144176427,104713,0.795970086
b3395a6f-ovo_50_t231_aug_1.png,48834,0,0,0,55883,1.144346152,104717,0.80029301
b3395a6f-ovo_50_t231_aug_2.png,48848,0,0,0,55856,1.143465444,104704,0.782723565
b355961c-ovo_50_t91.png,45449,0,0,0,59622,1.311844045,105071,0.880795829
b355961c-ovo_50_t91_aug_0.png,45450,0,0,0,59620,1.311771177,105070,0.865638875
b355961c-ovo_50_t91_aug_1.png,45461,0,0,0,59605,1.31112382,105066,0.781145274
b355961c-ovo_50_t91_aug_2.png,45438,0,0,0,59627,1.312271667,105065,0.78398365
b39816ed-ovo_52_t146.png,45406,0,0,0,29821,0.656763423,75227,0.875538553
b39816ed-ovo_52_t146_aug_0.png,45407,0,0,0,29817,0.656660867,75224,0.774325087
b39816ed-ovo_52_t146_aug_1.png,45414,0,0,0,29800,0.656185317,75214,0.769095783
b39816ed-ovo_52_t146_aug_2.png,45406,0,0,0,29820,0.6567414,75226,0.844420057
b3afe867-eovo_428_t1.png,0,0,0,0,180277,0,180277,0.86913864
b3afe867-eovo_428_t1_aug_0.png,0,0,0,0,180277,0,180277,0.86913864
b3afe867-eovo_428_t1_aug_1.png,0,0,0,0,180277,0,180277,0.86913864
b3afe867-eovo_428_t1_aug_2.png,0,0,0,0,180277,0,180277,0.86913864
b4020def-ovo_12_t91.png,47179,0,0,0,27448,0.581784268,74627,0.882131499
b4020def-ovo_12_t91_aug_0.png,47179,0,0,0,27448,0.581784268,74627,0.882131499
b4020def-ovo_12_t91_aug_1.png,47184,0,0,0,27444,0.581637843,74628,0.852301612
b4020def-ovo_12_t91_aug_2.png,47179,0,0,0,27448,0.581784268,74627,0.882131499
b4920604-ovo_55_t311.png,46032,0,0,0,35218,0.765076469,81250,0.867612842
b4920604-ovo_55_t311_aug_0.png,46021,0,0,0,35239,0.765715652,81260,0.773880063
b4920604-ovo_55_t311_aug_1.png,46032,0,0,0,35218,0.765076469,81250,0.867612842
b4920604-ovo_55_t311_aug_2.png,46035,0,0,0,35215,0.764961442,81250,0.821565915
b4bbee8b-eovo_450_t1.png,98753,0,0,0,82629,0.836723948,181382,0.880202415
b4bbee8b-eovo_450_t1_aug_0.png,98753,0,0,0,82629,0.836723948,181382,0.880202415
b4bbee8b-eovo_450_t1_aug_1.png,98757,0,0,0,82624,0.836639428,181381,0.776471691
b4bbee8b-eovo_450_t1_aug_2.png,98753,0,0,0,82629,0.836723948,181382,0.880202415
b532d22d-eovo_591_t1.png,97932,0,0,0,134020,1.368500592,231952,0.872446851
b532d22d-eovo_591_t1_aug_0.png,97933,0,0,0,134016,1.368445774,231949,0.806827839
b532d22d-eovo_591_t1_aug_1.png,97929,0,0,0,134016,1.36850167,231945,0.765746755
b532d22d-eovo_591_t1_aug_2.png,97932,0,0,0,134020,1.368500592,231952,0.872446851
b564e0cb-ovo_32_t241.png,45597,0,0,0,30669,0.67261004,76266,0.850482538
b564e0cb-ovo_32_t241_aug_0.png,45597,0,0,0,30669,0.67261004,76266,0.850482538
b564e0cb-ovo_32_t241_aug_1.png,45602,0,0,0,30666,0.672470506,76268,0.750148621
b564e0cb-ovo_32_t241_aug_2.png,45597,0,0,0,30669,0.67261004,76266,0.850482538
b588d103-ovo_55_t76.png,46224,0,0,0,34830,0.753504673,81054,0.879643376
b588d103-ovo_55_t76_aug_0.png,46224,0,0,0,34830,0.753504673,81054,0.879643376
b588d103-ovo_55_t76_aug_1.png,46224,0,0,0,34830,0.753504673,81054,0.879643376
b588d103-ovo_55_t76_aug_2.png,46228,0,0,0,34826,0.753352946,81054,0.760690393
b5f50b03-ovo_47_t136.png,39798,0,0,0,45157,1.134655008,84955,0.885274638
b5f50b03-ovo_47_t136_aug_0.png,39804,0,0,0,45152,1.134358356,84956,0.760178734
b5f50b03-ovo_47_t136_aug_1.png,39796,0,0,0,45155,1.134661775,84951,0.810284595
b5f50b03-ovo_47_t136_aug_2.png,39797,0,0,0,45163,1.134834284,84960,0.773384825
b681f702-ovo_16_t51.png,47664,0,0,0,35646,0.74786002,83310,0.878014137
b681f702-ovo_16_t51_aug_0.png,47664,0,0,0,35646,0.74786002,83310,0.878014137
b681f702-ovo_16_t51_aug_1.png,47664,0,0,0,35646,0.74786002,83310,0.878014137
b681f702-ovo_16_t51_aug_2.png,47672,0,0,0,35642,0.747650613,83314,0.754610925
b6b4216d-ovo_51_t61.png,46616,0,0,0,36560,0.784280076,83176,0.872546486
b6b4216d-ovo_51_t61_aug_0.png,46608,0,0,0,36553,0.784264504,83161,0.757010957
b6b4216d-ovo_51_t61_aug_1.png,46613,0,0,0,36564,0.784416365,83177,0.840944454
b6b4216d-ovo_51_t61_aug_2.png,46610,0,0,0,36563,0.784445398,83173,0.744712632
b6c0ea42-ovo_05_t206.png,48426,0,0,0,44811,0.925350019,93237,0.883942843
b6c0ea42-ovo_05_t206_aug_0.png,48416,0,0,0,44829,0.925912921,93245,0.774851929
b6c0ea42-ovo_05_t206_aug_1.png,48426,0,0,0,44811,0.925350019,93237,0.883942843
b6c0ea42-ovo_05_t206_aug_2.png,48425,0,0,0,44815,0.925451729,93240,0.821455244
b7084767-ovo_06_t156.png,30432,0,0,0,61883,2.03348449,92315,0.878251555
b7084767-ovo_06_t156_aug_0.png,30432,0,0,0,61883,2.03348449,92315,0.878251555
b7084767-ovo_06_t156_aug_1.png,30432,0,0,0,61883,2.03348449,92315,0.878251555
b7084767-ovo_06_t156_aug_2.png,30431,0,0,0,61585,2.023758667,92016,0.795589772
b72e640d-ovo_05_t51.png,47016,0,0,0,42288,0.899438489,89304,0.875203523
b72e640d-ovo_05_t51_aug_0.png,47017,0,0,0,42285,0.899355552,89302,0.871174818
b72e640d-ovo_05_t51_aug_1.png,47016,0,0,0,42288,0.899438489,89304,0.875203523
b72e640d-ovo_05_t51_aug_2.png,47019,0,0,0,42285,0.899317297,89304,0.872101822
b772bc8f-ovo_17_t146.png,44771,0,0,0,39698,0.886690045,84469,0.875847535
b772bc8f-ovo_17_t146_aug_0.png,44771,0,0,0,39698,0.886690045,84469,0.875847535
b772bc8f-ovo_17_t146_aug_1.png,44769,0,0,0,39697,0.88670732,84466,0.848197927
b772bc8f-ovo_17_t146_aug_2.png,44771,0,0,0,39698,0.886690045,84469,0.875847535
b7f2b662-ovo_15_t106.png,41929,0,0,0,25816,0.615707506,67745,0.869970856
b7f2b662-ovo_15_t106_aug_0.png,41929,0,0,0,25816,0.615707506,67745,0.869970856
b7f2b662-ovo_15_t106_aug_1.png,41929,0,0,0,25816,0.615707506,67745,0.869970856
b7f2b662-ovo_15_t106_aug_2.png,41929,0,0,0,25816,0.615707506,67745,0.869970856
b7f55246-ovo_47_t96.png,43337,0,0,0,41584,0.959549577,84921,0.873514105
b7f55246-ovo_47_t96_aug_0.png,43337,0,0,0,41584,0.959549577,84921,0.873514105
b7f55246-ovo_47_t96_aug_1.png,43343,0,0,0,41574,0.959186028,84917,0.813960747
b7f55246-ovo_47_t96_aug_2.png,43337,0,0,0,41584,0.959549577,84921,0.873514105
b811172d-ovo_36_t211.png,46773,0,0,0,44085,0.942530947,90858,0.871554183
b811172d-ovo_36_t211_aug_0.png,46769,0,0,0,44086,0.942632941,90855,0.852528372
b811172d-ovo_36_t211_aug_1.png,46766,0,0,0,44093,0.942843091,90859,0.821147538
b811172d-ovo_36_t211_aug_2.png,46771,0,0,0,44086,0.942592632,90857,0.744821185
b85b4b91-eovo_588_t1.png,103131,0,0,0,126714,1.228670332,229845,0.845564407
b85b4b91-eovo_588_t1_aug_0.png,103131,0,0,0,126714,1.228670332,229845,0.845564407
b85b4b91-eovo_588_t1_aug_1.png,103131,0,0,0,126714,1.228670332,229845,0.845564407
b85b4b91-eovo_588_t1_aug_2.png,103129,0,0,0,126712,1.228674767,229841,0.752525861
b867d481-ovo_25_t31.png,44987,0,0,0,45740,1.016738169,90727,0.882396066
b867d481-ovo_25_t31_aug_0.png,44987,0,0,0,45740,1.016738169,90727,0.882396066
b867d481-ovo_25_t31_aug_1.png,44987,0,0,0,45740,1.016738169,90727,0.882396066
b867d481-ovo_25_t31_aug_2.png,44987,0,0,0,45740,1.016738169,90727,0.882396066
b9ba8323-eovo_213_t1.png,4828,0,0,0,184374,38.18848384,189202,0.868453325
b9ba8323-eovo_213_t1_aug_0.png,2944,0,0,0,184367,62.62466033,187311,0.809882555
b9ba8323-eovo_213_t1_aug_1.png,3383,0,0,0,184367,54.49807863,187750,0.79936724
b9ba8323-eovo_213_t1_aug_2.png,4828,0,0,0,184374,38.18848384,189202,0.868453325
ba045c6a-ovo_08_t91.png,47262,0,0,0,35209,0.744974821,82471,0.882679164
ba045c6a-ovo_08_t91_aug_0.png,47262,0,0,0,35209,0.744974821,82471,0.882679164
ba045c6a-ovo_08_t91_aug_1.png,47262,0,0,0,35209,0.744974821,82471,0.882679164
ba045c6a-ovo_08_t91_aug_2.png,47262,0,0,0,35209,0.744974821,82471,0.882679164
ba3ae29d-ovo_53_t116.png,42377,0,0,0,39530,0.93281733,81907,0.894070172
ba3ae29d-ovo_53_t116_aug_0.png,42377,0,0,0,39530,0.93281733,81907,0.894070172
ba3ae29d-ovo_53_t116_aug_1.png,42374,0,0,0,39533,0.93295417,81907,0.75921587
ba3ae29d-ovo_53_t116_aug_2.png,42381,0,0,0,39525,0.932611312,81906,0.792943016
ba713ee8-ovo_50_t256.png,48099,0,0,0,65513,1.362044949,113612,0.889925752
ba713ee8-ovo_50_t256_aug_0.png,48099,0,0,0,65513,1.362044949,113612,0.889925752
ba713ee8-ovo_50_t256_aug_1.png,48099,0,0,0,65513,1.362044949,113612,0.889925752
ba713ee8-ovo_50_t256_aug_2.png,48090,0,0,0,65479,1.361592847,113569,0.803120339
baf94437-eovo_553_t1.png,92671,0,0,0,123654,1.334333287,216325,0.850493987
baf94437-eovo_553_t1_aug_0.png,92668,0,0,0,123654,1.334376484,216322,0.765787538
baf94437-eovo_553_t1_aug_1.png,92668,0,0,0,123656,1.334398066,216324,0.802845454
baf94437-eovo_553_t1_aug_2.png,92671,0,0,0,123660,1.334398032,216331,0.762089427
bbbfdfbc-eovo_166_t1.png,0,0,0,0,234933,0,234933,0.873992513
bbbfdfbc-eovo_166_t1_aug_0.png,0,0,0,0,234933,0,234933,0.873992513
bbbfdfbc-eovo_166_t1_aug_1.png,0,0,0,0,234922,0,234922,0.74751295
bbbfdfbc-eovo_166_t1_aug_2.png,0,0,0,0,234933,0,234933,0.8724162
bbc7176d-ovo_31_t41.png,41322,0,0,0,27087,0.655510382,68409,0.871274069
bbc7176d-ovo_31_t41_aug_0.png,41324,0,0,0,27077,0.655236666,68401,0.749672841
bbc7176d-ovo_31_t41_aug_1.png,41322,0,0,0,27087,0.655510382,68409,0.871274069
bbc7176d-ovo_31_t41_aug_2.png,41322,0,0,0,27087,0.655510382,68409,0.871274069
bbeb601f-eovo_103_t1.png,0,0,0,0,202414,0,202414,0.850630424
bbeb601f-eovo_103_t1_aug_0.png,0,0,0,0,202407,0,202407,0.744409785
bbeb601f-eovo_103_t1_aug_1.png,0,0,0,0,202419,0,202419,0.829075736
bbeb601f-eovo_103_t1_aug_2.png,0,0,0,0,202414,0,202414,0.850630424
bbfa9d19-ovo_10_t91.png,44312,0,0,0,37489,0.84602365,81801,0.870742201
bbfa9d19-ovo_10_t91_aug_0.png,44312,0,0,0,37489,0.84602365,81801,0.870742201
bbfa9d19-ovo_10_t91_aug_1.png,44316,0,0,0,37489,0.845947288,81805,0.847156091
bbfa9d19-ovo_10_t91_aug_2.png,44312,0,0,0,37489,0.84602365,81801,0.870742201
bc07e1ef-eovo_247_t1.png,93564,0,0,0,115802,1.237676884,209366,0.770567063
bc07e1ef-eovo_247_t1_aug_0.png,93564,0,0,0,115802,1.237676884,209366,0.770567063
bc07e1ef-eovo_247_t1_aug_1.png,93564,0,0,0,115802,1.237676884,209366,0.770567063
bc07e1ef-eovo_247_t1_aug_2.png,93564,0,0,0,115802,1.237676884,209366,0.770567063
bc74fa49-ovo_47_t151.png,39660,0,0,0,45855,1.156202723,85515,0.89381492
bc74fa49-ovo_47_t151_aug_0.png,39660,0,0,0,45855,1.156202723,85515,0.89381492
bc74fa49-ovo_47_t151_aug_1.png,39660,0,0,0,45855,1.156202723,85515,0.89381492
bc74fa49-ovo_47_t151_aug_2.png,39656,0,0,0,45859,1.156420214,85515,0.848288138
bca1de89-ovo_53_t41.png,40547,0,0,0,31486,0.776530939,72033,0.876913844
bca1de89-ovo_53_t41_aug_0.png,40546,0,0,0,31492,0.776698071,72038,0.835523677
bca1de89-ovo_53_t41_aug_1.png,40550,0,0,0,31479,0.776300863,72029,0.773239196
bca1de89-ovo_53_t41_aug_2.png,40547,0,0,0,31486,0.776530939,72033,0.876913844
bd43763f-ovo_27_t31.png,43576,0,0,0,43484,0.997888746,87060,0.87566838
bd43763f-ovo_27_t31_aug_0.png,43576,0,0,0,43483,0.997865798,87059,0.815616027
bd43763f-ovo_27_t31_aug_1.png,43576,0,0,0,43484,0.997888746,87060,0.87566838
bd43763f-ovo_27_t31_aug_2.png,43576,0,0,0,43484,0.997888746,87060,0.855599466
bd904e66-eovo_149_t1.png,0,0,0,0,208058,0,208058,0.867145225
bd904e66-eovo_149_t1_aug_0.png,0,0,0,0,208058,0,208058,0.867145225
bd904e66-eovo_149_t1_aug_1.png,0,0,0,0,208058,0,208058,0.867145225
bd904e66-eovo_149_t1_aug_2.png,0,0,0,0,208058,0,208058,0.763081217
beb3d6b1-ovo_52_t191.png,46126,0,0,0,31759,0.688527078,77885,0.873533245
beb3d6b1-ovo_52_t191_aug_0.png,46126,0,0,0,31759,0.688527078,77885,0.873533245
beb3d6b1-ovo_52_t191_aug_1.png,46126,0,0,0,31759,0.688527078,77885,0.873533245
beb3d6b1-ovo_52_t191_aug_2.png,46126,0,0,0,31759,0.688527078,77885,0.873533245
beb81bd7-ovo_40_t66.png,46528,0,0,0,38636,0.830381706,85164,0.877757742
beb81bd7-ovo_40_t66_aug_0.png,46530,0,0,0,38631,0.830238556,85161,0.796589382
beb81bd7-ovo_40_t66_aug_1.png,46528,0,0,0,38636,0.830381706,85164,0.877757742
beb81bd7-ovo_40_t66_aug_2.png,46524,0,0,0,38638,0.830496088,85162,0.842470996
bee4bb02-ovo_53_t206.png,42015,0,0,0,32318,0.769201476,74333,0.884357403
bee4bb02-ovo_53_t206_aug_0.png,42019,0,0,0,32310,0.768937861,74329,0.791341291
bee4bb02-ovo_53_t206_aug_1.png,42015,0,0,0,32318,0.769201476,74333,0.884357403
bee4bb02-ovo_53_t206_aug_2.png,42010,0,0,0,32323,0.769412045,74333,0.791919971
befa10f5-eovo_610_t1.png,92034,0,0,0,92492,1.004976422,184526,0.873347522
befa10f5-eovo_610_t1_aug_0.png,92034,0,0,0,92492,1.004976422,184526,0.873347522
befa10f5-eovo_610_t1_aug_1.png,92032,0,0,0,92497,1.00505259,184529,0.767309338
befa10f5-eovo_610_t1_aug_2.png,92035,0,0,0,92497,1.005019829,184532,0.759417877
bf65c28d-eovo_416_t1.png,85431,0,0,0,132819,1.554693261,218250,0.877639287
bf65c28d-eovo_416_t1_aug_0.png,85432,0,0,0,132818,1.554663358,218250,0.758453474
bf65c28d-eovo_416_t1_aug_1.png,85438,0,0,0,132816,1.554530771,218254,0.778504581
bf65c28d-eovo_416_t1_aug_2.png,85434,0,0,0,132806,1.554486504,218240,0.779432544
bf855e18-ovo_04_t131.png,47079,0,0,0,31099,0.66057053,78178,0.873455045
bf855e18-ovo_04_t131_aug_0.png,47082,0,0,0,31097,0.660485961,78179,0.847331332
bf855e18-ovo_04_t131_aug_1.png,47079,0,0,0,31099,0.66057053,78178,0.873455045
bf855e18-ovo_04_t131_aug_2.png,47081,0,0,0,31101,0.660584949,78182,0.758375997
bfb10c9e-ovo_47_t61.png,41055,0,0,0,37698,0.91823164,78753,0.872911361
bfb10c9e-ovo_47_t61_aug_0.png,41055,0,0,0,37698,0.91823164,78753,0.872911361
bfb10c9e-ovo_47_t61_aug_1.png,41059,0,0,0,37696,0.918093475,78755,0.85684023
bfb10c9e-ovo_47_t61_aug_2.png,41055,0,0,0,37706,0.918426501,78761,0.784355093
bfcc5c8c-ovo_51_t26.png,46300,0,0,0,31022,0.670021598,77322,0.880651453
bfcc5c8c-ovo_51_t26_aug_0.png,46300,0,0,0,31022,0.670021598,77322,0.880651453
bfcc5c8c-ovo_51_t26_aug_1.png,46300,0,0,0,31022,0.670021598,77322,0.880651453
bfcc5c8c-ovo_51_t26_aug_2.png,46300,0,0,0,31022,0.670021598,77322,0.880651453
c0526cc8-eovo_23_t1.png,0,0,0,0,211049,0,211049,0.868613298
c0526cc8-eovo_23_t1_aug_0.png,0,0,0,0,211051,0,211051,0.756490361
c0526cc8-eovo_23_t1_aug_1.png,0,0,0,0,211049,0,211049,0.868613298
c0526cc8-eovo_23_t1_aug_2.png,0,0,0,0,211044,0,211044,0.812028474
c0723fa3-ovo_04_t121.png,47614,0,0,0,30775,0.646343512,78389,0.871541845
c0723fa3-ovo_04_t121_aug_0.png,47610,0,0,0,30781,0.64652384,78391,0.810620509
c0723fa3-ovo_04_t121_aug_1.png,47614,0,0,0,30775,0.646343512,78389,0.871541845
c0723fa3-ovo_04_t121_aug_2.png,47614,0,0,0,30775,0.646343512,78389,0.871541845
c0792037-ovo_47_t71.png,41663,0,0,0,40860,0.980726304,82523,0.876297168
c0792037-ovo_47_t71_aug_0.png,41660,0,0,0,40864,0.980892943,82524,0.765475486
c0792037-ovo_47_t71_aug_1.png,41651,0,0,0,40874,0.981344986,82525,0.77366226
c0792037-ovo_47_t71_aug_2.png,41663,0,0,0,40860,0.980726304,82523,0.876297168
c17c7cc2-ovo_05_t126.png,49124,0,0,0,44733,0.910613957,93857,0.888770443
c17c7cc2-ovo_05_t126_aug_0.png,49124,0,0,0,44733,0.910613957,93857,0.888770443
c17c7cc2-ovo_05_t126_aug_1.png,49126,0,0,0,44736,0.910637951,93862,0.77951577
c17c7cc2-ovo_05_t126_aug_2.png,49124,0,0,0,44733,0.910613957,93857,0.888770443
c18d2e27-ovo_11_t101.png,40764,0,0,0,34497,0.846261407,75261,0.853792029
c18d2e27-ovo_11_t101_aug_0.png,40764,0,0,0,34497,0.846261407,75261,0.853792029
c18d2e27-ovo_11_t101_aug_1.png,40764,0,0,0,34498,0.846285939,75262,0.764511385
c18d2e27-ovo_11_t101_aug_2.png,40763,0,0,0,34500,0.846355764,75263,0.833971719
c1e61e1d-ovo_53_t26.png,40760,0,0,0,30714,0.753532875,71474,0.875122107
c1e61e1d-ovo_53_t26_aug_0.png,40760,0,0,0,30714,0.753532875,71474,0.875122107
c1e61e1d-ovo_53_t26_aug_1.png,40765,0,0,0,30708,0.753293266,71473,0.817866774
c1e61e1d-ovo_53_t26_aug_2.png,40760,0,0,0,30714,0.753532875,71474,0.875122107
c2118c32-eovo_493_t1.png,97550,0,0,0,125519,1.286714505,223069,0.865504966
c2118c32-eovo_493_t1_aug_0.png,97550,0,0,0,125519,1.286714505,223069,0.865504966
c2118c32-eovo_493_t1_aug_1.png,97550,0,0,0,125519,1.286714505,223069,0.865504966
c2118c32-eovo_493_t1_aug_2.png,97548,0,0,0,125523,1.286781892,223071,0.787684798
c221e37e-ovo_19_t31.png,37313,0,0,0,12655,0.339157934,49968,0.883269712
c221e37e-ovo_19_t31_aug_0.png,37317,0,0,0,12648,0.338933998,49965,0.798923148
c221e37e-ovo_19_t31_aug_1.png,37311,0,0,0,12655,0.339176114,49966,0.799534366
c221e37e-ovo_19_t31_aug_2.png,37313,0,0,0,12655,0.339157934,49968,0.883269712
c25bcdb2-ovo_51_t11.png,47258,0,0,0,42103,0.89091794,89361,0.887066317
c25bcdb2-ovo_51_t11_aug_0.png,47258,0,0,0,42103,0.89091794,89361,0.887066317
c25bcdb2-ovo_51_t11_aug_1.png,47258,0,0,0,42103,0.89091794,89361,0.887066317
c25bcdb2-ovo_51_t11_aug_2.png,47258,0,0,0,42103,0.89091794,89361,0.887066317
c27947f4-eovo_237_t1.png,0,0,0,0,199788,0,199788,0.846328085
c27947f4-eovo_237_t1_aug_0.png,0,0,0,0,199788,0,199788,0.846328085
c27947f4-eovo_237_t1_aug_1.png,0,0,0,0,199714,0,199714,0.74218628
c27947f4-eovo_237_t1_aug_2.png,0,0,0,0,199788,0,199788,0.846328085
c2b901d9-ovo_05_t201.png,48196,0,0,0,44616,0.925719977,92812,0.890885485
c2b901d9-ovo_05_t201_aug_0.png,48196,0,0,0,44616,0.925719977,92812,0.890885485
c2b901d9-ovo_05_t201_aug_1.png,48193,0,0,0,44619,0.925839852,92812,0.885563881
c2b901d9-ovo_05_t201_aug_2.png,48196,0,0,0,44616,0.925719977,92812,0.890885485
c31d358a-eovo_513_t1.png,99015,0,0,0,70055,0.707519063,169070,0.876356514
c31d358a-eovo_513_t1_aug_0.png,99016,0,0,0,67803,0.684768118,166819,0.780293403
c31d358a-eovo_513_t1_aug_1.png,99015,0,0,0,70055,0.707519063,169070,0.876356514
c31d358a-eovo_513_t1_aug_2.png,99011,0,0,0,67910,0.685883387,166921,0.779548283
c36d269f-ovo_05_t81.png,47155,0,0,0,43457,0.921577775,90612,0.889570563
c36d269f-ovo_05_t81_aug_0.png,47160,0,0,0,43445,0.921225615,90605,0.825233149
c36d269f-ovo_05_t81_aug_1.png,47155,0,0,0,43457,0.921577775,90612,0.882530367
c36d269f-ovo_05_t81_aug_2.png,47151,0,0,0,43456,0.921634748,90607,0.871374401
c3b2e3c6-ovo_55_t81.png,45917,0,0,0,34366,0.748437398,80283,0.87506735
c3b2e3c6-ovo_55_t81_aug_0.png,45926,0,0,0,34351,0.747964116,80277,0.772715271
c3b2e3c6-ovo_55_t81_aug_1.png,45911,0,0,0,34373,0.748687678,80284,0.760882678
c3b2e3c6-ovo_55_t81_aug_2.png,45917,0,0,0,34366,0.748437398,80283,0.87506735
c3dccb40-ovo_05_t41.png,46838,0,0,0,43625,0.931401853,90463,0.881443951
c3dccb40-ovo_05_t41_aug_0.png,46838,0,0,0,43625,0.931401853,90463,0.881443951
c3dccb40-ovo_05_t41_aug_1.png,46832,0,0,0,43635,0.931734711,90467,0.802611943
c3dccb40-ovo_05_t41_aug_2.png,46838,0,0,0,43625,0.931401853,90463,0.881443951
c4ce4d7f-ovo_24_t121.png,43172,0,0,0,36825,0.852983415,79997,0.874064675
c4ce4d7f-ovo_24_t121_aug_0.png,43176,0,0,0,36826,0.852927552,80002,0.813879332
c4ce4d7f-ovo_24_t121_aug_1.png,43172,0,0,0,36825,0.852983415,79997,0.874064675
c4ce4d7f-ovo_24_t121_aug_2.png,43165,0,0,0,36830,0.853237577,79995,0.817444938
c4da6a97-ovo_05_t261.png,48107,0,0,0,44635,0.927827551,92742,0.883181935
c4da6a97-ovo_05_t261_aug_0.png,48107,0,0,0,44635,0.927827551,92742,0.883181935
c4da6a97-ovo_05_t261_aug_1.png,48108,0,0,0,44634,0.927787478,92742,0.78849137
c4da6a97-ovo_05_t261_aug_2.png,48108,0,0,0,44638,0.927870624,92746,0.775284156
c4e0977a-eovo_657_t1.png,104174,0,0,0,111056,1.066062549,215230,0.857097999
c4e0977a-eovo_657_t1_aug_0.png,104174,0,0,0,111058,1.066081748,215232,0.776143166
c4e0977a-eovo_657_t1_aug_1.png,104169,0,0,0,111062,1.066171318,215231,0.767769764
c4e0977a-eovo_657_t1_aug_2.png,104170,0,0,0,111057,1.066113084,215227,0.74780425
c50375b0-ovo_27_t121.png,41420,0,0,0,43086,1.040222115,84506,0.869569422
c50375b0-ovo_27_t121_aug_0.png,41420,0,0,0,43087,1.040246258,84507,0.831535472
c50375b0-ovo_27_t121_aug_1.png,41420,0,0,0,43086,1.040222115,84506,0.869569422
c50375b0-ovo_27_t121_aug_2.png,41424,0,0,0,43086,1.040121669,84510,0.839115367
c55d8342-eovo_267_t1.png,0,0,0,0,196797,0,196797,0.864671465
c55d8342-eovo_267_t1_aug_0.png,0,0,0,0,196795,0,196795,0.751805083
c55d8342-eovo_267_t1_aug_1.png,0,0,0,0,196795,0,196795,0.806103613
c55d8342-eovo_267_t1_aug_2.png,0,0,0,0,196797,0,196797,0.864671465
c59e2f4e-ovo_25_t121.png,43545,0,0,0,45929,1.054747962,89474,0.886536785
c59e2f4e-ovo_25_t121_aug_0.png,43545,0,0,0,45929,1.054747962,89474,0.886536785
c59e2f4e-ovo_25_t121_aug_1.png,43545,0,0,0,45929,1.054747962,89474,0.886536785
c59e2f4e-ovo_25_t121_aug_2.png,43545,0,0,0,45929,1.054747962,89474,0.886536785
c5fb62b0-ovo_53_t121.png,43430,0,0,0,33331,0.767464886,76761,0.886805719
c5fb62b0-ovo_53_t121_aug_0.png,43438,0,0,0,33325,0.767185414,76763,0.820819695
c5fb62b0-ovo_53_t121_aug_1.png,43443,0,0,0,33318,0.766935985,76761,0.760437701
c5fb62b0-ovo_53_t121_aug_2.png,43430,0,0,0,33331,0.767464886,76761,0.886805719
c6c7955e-ovo_50_t261.png,48626,0,0,0,58353,1.200037017,106979,0.881447856
c6c7955e-ovo_50_t261_aug_0.png,48626,0,0,0,58353,1.200037017,106979,0.881447856
c6c7955e-ovo_50_t261_aug_1.png,48620,0,0,0,58363,1.200390786,106983,0.76560308
c6c7955e-ovo_50_t261_aug_2.png,48626,0,0,0,58353,1.200037017,106979,0.881447856
c7537f3a-ovo_05_t36.png,47429,0,0,0,45770,0.9650214,93199,0.889276374
c7537f3a-ovo_05_t36_aug_0.png,47429,0,0,0,45770,0.9650214,93199,0.889276374
c7537f3a-ovo_05_t36_aug_1.png,47428,0,0,0,45774,0.965126086,93202,0.823103024
c7537f3a-ovo_05_t36_aug_2.png,47429,0,0,0,45770,0.9650214,93199,0.889276374
c7b6c192-ovo_05_t241.png,47728,0,0,0,43866,0.919083138,91594,0.881580194
c7b6c192-ovo_05_t241_aug_0.png,47728,0,0,0,43875,0.919271706,91603,0.774902145
c7b6c192-ovo_05_t241_aug_1.png,47728,0,0,0,43866,0.919083138,91594,0.881580194
c7b6c192-ovo_05_t241_aug_2.png,47723,0,0,0,43865,0.919158477,91588,0.762872085
c7c57372-eovo_61_t1.png,0,0,0,0,177276,0,177276,0.860457942
c7c57372-eovo_61_t1_aug_0.png,0,0,0,0,177276,0,177276,0.860457942
c7c57372-eovo_61_t1_aug_1.png,0,0,0,0,177277,0,177277,0.788497997
c7c57372-eovo_61_t1_aug_2.png,0,0,0,0,177274,0,177274,0.838481016
c7e1c534-ovo_20_t46.png,44763,0,0,0,39385,0.879856131,84148,0.894805168
c7e1c534-ovo_20_t46_aug_0.png,44763,0,0,0,39385,0.879856131,84148,0.894805168
c7e1c534-ovo_20_t46_aug_1.png,44760,0,0,0,39387,0.879959786,84147,0.79840594
c7e1c534-ovo_20_t46_aug_2.png,44764,0,0,0,39384,0.879814136,84148,0.887826141
c84db49b-ovo_04_t171.png,46935,0,0,0,32917,0.701331629,79852,0.879877736
c84db49b-ovo_04_t171_aug_0.png,46936,0,0,0,32923,0.70144452,79859,0.763768238
c84db49b-ovo_04_t171_aug_1.png,46935,0,0,0,32917,0.701331629,79852,0.879877736
c84db49b-ovo_04_t171_aug_2.png,46939,0,0,0,32907,0.701058821,79846,0.842380048
c851392c-ovo_35_t206.png,44736,1481,1,0.033105329,34090,0.762026109,80307,0.875962289
c851392c-ovo_35_t206_aug_0.png,44736,1481,1,0.033105329,34090,0.762026109,80307,0.875962289
c851392c-ovo_35_t206_aug_1.png,44737,1482,1,0.033126942,34089,0.761986722,80308,0.788665304
c851392c-ovo_35_t206_aug_2.png,44736,1479,1,0.033060622,34086,0.761936695,80301,0.800469253
c895143f-ovo_53_t246.png,45402,0,0,0,33200,0.73124532,78602,0.875870253
c895143f-ovo_53_t246_aug_0.png,45402,0,0,0,33200,0.73124532,78602,0.875870253
c895143f-ovo_53_t246_aug_1.png,45402,0,0,0,33200,0.73124532,78602,0.875870253
c895143f-ovo_53_t246_aug_2.png,45413,0,0,0,33178,0.730583754,78591,0.767186378
c9d8c11e-ovo_50_t46.png,44810,0,0,0,52350,1.168266012,97160,0.884276436
c9d8c11e-ovo_50_t46_aug_0.png,44810,0,0,0,52350,1.168266012,97160,0.884276436
c9d8c11e-ovo_50_t46_aug_1.png,44810,0,0,0,52350,1.168266012,97160,0.884276436
c9d8c11e-ovo_50_t46_aug_2.png,44804,0,0,0,52355,1.168534059,97159,0.762011478
ca1e2031-ovo_33_t96.png,41516,0,0,0,33627,0.809976876,75143,0.874122038
ca1e2031-ovo_33_t96_aug_0.png,41516,0,0,0,33627,0.809976876,75143,0.874122038
ca1e2031-ovo_33_t96_aug_1.png,41516,0,0,0,33627,0.809976876,75143,0.874122038
ca1e2031-ovo_33_t96_aug_2.png,41516,0,0,0,33627,0.809976876,75143,0.874122038
cb0da0c8-ovo_36_t206.png,46711,0,0,0,41617,0.890946458,88328,0.878741703
cb0da0c8-ovo_36_t206_aug_0.png,46711,0,0,0,41617,0.890946458,88328,0.878741703
cb0da0c8-ovo_36_t206_aug_1.png,46711,0,0,0,41617,0.890946458,88328,0.873025612
cb0da0c8-ovo_36_t206_aug_2.png,46711,0,0,0,41617,0.890946458,88328,0.878741703
cb106189-ovo_23_t56.png,44396,0,0,0,44605,1.004707631,89001,0.866784151
cb106189-ovo_23_t56_aug_0.png,44396,0,0,0,44605,1.004707631,89001,0.866784151
cb106189-ovo_23_t56_aug_1.png,44396,0,0,0,44605,1.004707631,89001,0.866784151
cb106189-ovo_23_t56_aug_2.png,44399,0,0,0,44600,1.004527129,88999,0.796964071
cb504e49-ovo_55_t31.png,45202,0,0,0,38496,0.851643733,83698,0.870548982
cb504e49-ovo_55_t31_aug_0.png,45202,0,0,0,38496,0.851643733,83698,0.870548982
cb504e49-ovo_55_t31_aug_1.png,45202,0,0,0,38496,0.851643733,83698,0.870548982
cb504e49-ovo_55_t31_aug_2.png,45202,0,0,0,38496,0.851643733,83698,0.870548982
cb6dd165-ovo_05_t86.png,47077,0,0,0,43557,0.92522888,90634,0.890370189
cb6dd165-ovo_05_t86_aug_0.png,47071,0,0,0,43562,0.925453039,90633,0.806342826
cb6dd165-ovo_05_t86_aug_1.png,47077,0,0,0,43557,0.92522888,90634,0.890370189
cb6dd165-ovo_05_t86_aug_2.png,47077,0,0,0,43557,0.92522888,90634,0.890370189
cb892b0c-ovo_37_t136.png,46842,0,0,0,36764,0.784851202,83606,0.860486262
cb892b0c-ovo_37_t136_aug_0.png,46842,0,0,0,36764,0.784851202,83606,0.860486262
cb892b0c-ovo_37_t136_aug_1.png,46843,0,0,0,36767,0.784898491,83610,0.827192385
cb892b0c-ovo_37_t136_aug_2.png,46849,0,0,0,36753,0.784499136,83602,0.780951207
cbd128a2-eovo_570_t1.png,111528,0,0,0,89972,0.806721182,201500,0.870274751
cbd128a2-eovo_570_t1_aug_0.png,111531,0,0,0,89967,0.806654652,201498,0.810824143
cbd128a2-eovo_570_t1_aug_1.png,111528,0,0,0,89972,0.806721182,201500,0.870274751
cbd128a2-eovo_570_t1_aug_2.png,111531,0,0,0,89979,0.806762245,201510,0.777420483
cc37bd8f-ovo_51_t1.png,47930,0,0,0,45878,0.957187565,93808,0.882697328
cc37bd8f-ovo_51_t1_aug_0.png,47930,0,0,0,45878,0.957187565,93808,0.882697328
cc37bd8f-ovo_51_t1_aug_1.png,47930,0,0,0,45878,0.957187565,93808,0.882697328
cc37bd8f-ovo_51_t1_aug_2.png,47936,0,0,0,45875,0.957005174,93811,0.803281202
cc44347c-eovo_576_t1.png,90960,0,0,0,124842,1.372493404,215802,0.79393329
cc44347c-eovo_576_t1_aug_0.png,90960,0,0,0,124842,1.372493404,215802,0.79393329
cc44347c-eovo_576_t1_aug_1.png,90960,0,0,0,124842,1.372493404,215802,0.79393329
cc44347c-eovo_576_t1_aug_2.png,90963,0,0,0,124841,1.372437145,215804,0.713264254
ccf71e28-ovo_06_t246.png,28564,0,0,0,63169,2.211489987,91733,0.879794678
ccf71e28-ovo_06_t246_aug_0.png,28563,0,0,0,62062,2.172810979,90625,0.784888418
ccf71e28-ovo_06_t246_aug_1.png,28564,0,0,0,63169,2.211489987,91733,0.879794678
ccf71e28-ovo_06_t246_aug_2.png,28564,0,0,0,63169,2.211489987,91733,0.879794678
cd239140-ovo_53_t176.png,42750,0,0,0,31253,0.731064327,74003,0.86449637
cd239140-ovo_53_t176_aug_0.png,42750,0,0,0,31253,0.731064327,74003,0.86449637
cd239140-ovo_53_t176_aug_1.png,42750,0,0,0,31253,0.731064327,74003,0.86449637
cd239140-ovo_53_t176_aug_2.png,42750,0,0,0,31253,0.731064327,74003,0.86449637
cde424fd-ovo_55_t306.png,46437,0,0,0,33731,0.72638198,80168,0.87766598
cde424fd-ovo_55_t306_aug_0.png,46437,0,0,0,33731,0.72638198,80168,0.87766598
cde424fd-ovo_55_t306_aug_1.png,46437,0,0,0,33731,0.72638198,80168,0.87766598
cde424fd-ovo_55_t306_aug_2.png,46437,0,0,0,33731,0.72638198,80168,0.87766598
ce5413fb-eovo_143_t1.png,0,0,0,0,211253,0,211253,0.860154064
ce5413fb-eovo_143_t1_aug_0.png,0,0,0,0,211245,0,211245,0.756885649
ce5413fb-eovo_143_t1_aug_1.png,0,0,0,0,211253,0,211253,0.860154064
ce5413fb-eovo_143_t1_aug_2.png,0,0,0,0,211253,0,211253,0.860154064
cf128a1f-ovo_17_t61.png,44710,0,0,0,42115,0.941959293,86825,0.880228214
cf128a1f-ovo_17_t61_aug_0.png,44711,0,0,0,42118,0.942005323,86829,0.79035047
cf128a1f-ovo_17_t61_aug_1.png,44710,0,0,0,42115,0.941959293,86825,0.880228214
cf128a1f-ovo_17_t61_aug_2.png,44711,0,0,0,42114,0.94191586,86825,0.798827255
cf161178-ovo_02_t86.png,41823,0,0,0,37960,0.907634555,79783,0.87312409
cf161178-ovo_02_t86_aug_0.png,41818,0,0,0,37968,0.907934382,79786,0.819901242
cf161178-ovo_02_t86_aug_1.png,41823,0,0,0,37960,0.907634555,79783,0.87312409
cf161178-ovo_02_t86_aug_2.png,41823,0,0,0,37957,0.907562824,79780,0.855576567
cf1e96a7-eovo_421_t1.png,100747,0,0,0,97846,0.971205098,198593,0.863083174
cf1e96a7-eovo_421_t1_aug_0.png,100745,0,0,0,97851,0.971274009,198596,0.857470622
cf1e96a7-eovo_421_t1_aug_1.png,100749,0,0,0,97843,0.971156041,198592,0.85025893
cf1e96a7-eovo_421_t1_aug_2.png,100743,0,0,0,97852,0.971303217,198595,0.75540125
cf39711c-ovo_52_t196.png,46569,0,0,0,23379,0.502029247,69948,0.872346183
cf39711c-ovo_52_t196_aug_0.png,46557,0,0,0,23385,0.502287519,69942,0.781179452
cf39711c-ovo_52_t196_aug_1.png,46569,0,0,0,23379,0.502029247,69948,0.872346183
cf39711c-ovo_52_t196_aug_2.png,46569,0,0,0,23379,0.502029247,69948,0.872346183
cf958581-ovo_14_t246.png,48433,0,0,0,39731,0.820329114,88164,0.865973511
cf958581-ovo_14_t246_aug_0.png,48433,0,0,0,39731,0.820329114,88164,0.865973511
cf958581-ovo_14_t246_aug_1.png,48433,0,0,0,39731,0.820329114,88164,0.865973511
cf958581-ovo_14_t246_aug_2.png,48435,0,0,0,39724,0.820150717,88159,0.856921945
cff912b9-ovo_24_t251.png,41127,0,0,0,38931,0.94660442,80058,0.879604361
cff912b9-ovo_24_t251_aug_0.png,41127,0,0,0,38931,0.94660442,80058,0.879604361
cff912b9-ovo_24_t251_aug_1.png,41127,0,0,0,38950,0.947066404,80077,0.755341281
cff912b9-ovo_24_t251_aug_2.png,41127,0,0,0,38931,0.94660442,80058,0.879604361
d0d6a056-eovo_523_t1.png,89318,0,0,0,115334,1.291273875,204652,0.838381055
d0d6a056-eovo_523_t1_aug_0.png,89318,0,0,0,115334,1.291273875,204652,0.838381055
d0d6a056-eovo_523_t1_aug_1.png,89318,0,0,0,115334,1.291273875,204652,0.838381055
d0d6a056-eovo_523_t1_aug_2.png,89324,0,0,0,115319,1.291019211,204643,0.764015728
d0dbebc8-ovo_55_t91.png,46572,0,0,0,33478,0.718843941,80050,0.867939354
d0dbebc8-ovo_55_t91_aug_0.png,46572,0,0,0,33478,0.718843941,80050,0.867939354
d0dbebc8-ovo_55_t91_aug_1.png,46572,0,0,0,33478,0.718843941,80050,0.867939354
d0dbebc8-ovo_55_t91_aug_2.png,46574,0,0,0,33474,0.718727187,80048,0.77969493
d0e323d6-eovo_36_t1.png,0,0,0,0,211092,0,211092,0.866268288
d0e323d6-eovo_36_t1_aug_0.png,0,0,0,0,211092,0,211092,0.866268288
d0e323d6-eovo_36_t1_aug_1.png,0,0,0,0,211092,0,211092,0.866268288
d0e323d6-eovo_36_t1_aug_2.png,0,0,0,0,211091,0,211091,0.796837043
d14baf08-ovo_03_t36.png,43433,0,0,0,36160,0.832546681,79593,0.865567505
d14baf08-ovo_03_t36_aug_0.png,43431,0,0,0,36158,0.83253897,79589,0.830021629
d14baf08-ovo_03_t36_aug_1.png,43433,0,0,0,36160,0.832546681,79593,0.865567505
d14baf08-ovo_03_t36_aug_2.png,43434,0,0,0,36159,0.83250449,79593,0.783036426
d2989c6c-eovo_333_t1.png,103479,0,0,0,145633,1.407367678,249112,0.876834706
d2989c6c-eovo_333_t1_aug_0.png,103479,0,0,0,145633,1.407367678,249112,0.876834706
d2989c6c-eovo_333_t1_aug_1.png,103479,0,0,0,145633,1.407367678,249112,0.876834706
d2989c6c-eovo_333_t1_aug_2.png,103479,0,0,0,145633,1.407367678,249112,0.876834706
d2abb08b-ovo_15_t61.png,40397,0,0,0,26460,0.654999134,66857,0.876298665
d2abb08b-ovo_15_t61_aug_0.png,40397,0,0,0,26460,0.654999134,66857,0.876298665
d2abb08b-ovo_15_t61_aug_1.png,40397,0,0,0,26460,0.654999134,66857,0.876298665
d2abb08b-ovo_15_t61_aug_2.png,40394,0,0,0,26463,0.655122048,66857,0.869755845
d2b0ddd6-ovo_06_t111.png,31916,0,0,0,62965,1.972834942,94881,0.879257608
d2b0ddd6-ovo_06_t111_aug_0.png,31916,0,0,0,62965,1.972834942,94881,0.879257608
d2b0ddd6-ovo_06_t111_aug_1.png,31916,0,0,0,62965,1.972834942,94881,0.879257608
d2b0ddd6-ovo_06_t111_aug_2.png,31909,0,0,0,62585,1.961358864,94494,0.815238931
d2cb3730-eovo_343_t1.png,388085,0,0,0,421379,1.085790484,809464,0.839120197
d2cb3730-eovo_343_t1_aug_0.png,387966,0,0,0,417842,1.077006748,805808,0.767075987
d2cb3730-eovo_343_t1_aug_1.png,387979,0,0,0,409656,1.055871581,797635,0.778042431
d2cb3730-eovo_343_t1_aug_2.png,387963,0,0,0,415906,1.07202491,803869,0.805014976
d43c2617-ovo_50_t281.png,47299,0,0,0,69483,1.469016258,116782,0.880043725
d43c2617-ovo_50_t281_aug_0.png,47301,0,0,0,69487,1.46903871,116788,0.785136562
d43c2617-ovo_50_t281_aug_1.png,47297,0,0,0,69484,1.46909952,116781,0.84116138
d43c2617-ovo_50_t281_aug_2.png,47299,0,0,0,69482,1.468995116,116781,0.768245001
d4a251b0-ovo_25_t251.png,42793,0,0,0,49597,1.158997967,92390,0.88367223
d4a251b0-ovo_25_t251_aug_0.png,42793,0,0,0,49597,1.158997967,92390,0.88367223
d4a251b0-ovo_25_t251_aug_1.png,42793,0,0,0,49597,1.158997967,92390,0.88367223
d4a251b0-ovo_25_t251_aug_2.png,42793,0,0,0,49597,1.158997967,92390,0.88367223
d587dbb4-ovo_04_t236.png,46486,0,0,0,30228,0.650260293,76714,0.865662685
d587dbb4-ovo_04_t236_aug_0.png,46486,0,0,0,30228,0.650260293,76714,0.865662685
d587dbb4-ovo_04_t236_aug_1.png,46486,0,0,0,30228,0.650260293,76714,0.865662685
d587dbb4-ovo_04_t236_aug_2.png,46490,0,0,0,30224,0.650118305,76714,0.774072976
d596b513-eovo_173_t1.png,0,0,0,0,208226,0,208226,0.870207526
d596b513-eovo_173_t1_aug_0.png,0,0,0,0,208226,0,208226,0.842179548
d596b513-eovo_173_t1_aug_1.png,0,0,0,0,208224,0,208224,0.868776835
d596b513-eovo_173_t1_aug_2.png,0,0,0,0,208224,0,208224,0.841941222
d61bffe5-eovo_240_t1.png,0,0,0,0,213017,0,213017,0.863306085
d61bffe5-eovo_240_t1_aug_0.png,0,0,0,0,213017,0,213017,0.863306085
d61bffe5-eovo_240_t1_aug_1.png,0,0,0,0,213004,0,213004,0.756834995
d61bffe5-eovo_240_t1_aug_2.png,0,0,0,0,213017,0,213017,0.863306085
d6828d43-ovo_18_t61.png,43079,0,0,0,23779,0.551985886,66858,0.871185375
d6828d43-ovo_18_t61_aug_0.png,43071,0,0,0,23787,0.552274152,66858,0.794964564
d6828d43-ovo_18_t61_aug_1.png,43079,0,0,0,23780,0.5520091,66859,0.829037108
d6828d43-ovo_18_t61_aug_2.png,43079,0,0,0,23779,0.551985886,66858,0.871185375
d6e7ad06-eovo_100_t1.png,0,0,0,0,207888,0,207888,0.865579563
d6e7ad06-eovo_100_t1_aug_0.png,0,0,0,0,207884,0,207884,0.77693822
d6e7ad06-eovo_100_t1_aug_1.png,0,0,0,0,207890,0,207890,0.860197798
d6e7ad06-eovo_100_t1_aug_2.png,0,0,0,0,207892,0,207892,0.80658151
d72a9164-ovo_04_t251.png,47750,0,0,0,35513,0.743727749,83263,0.878674513
d72a9164-ovo_04_t251_aug_0.png,47756,0,0,0,35504,0.74344585,83260,0.792073515
d72a9164-ovo_04_t251_aug_1.png,47750,0,0,0,35513,0.743727749,83263,0.878674513
d72a9164-ovo_04_t251_aug_2.png,47750,0,0,0,35513,0.743727749,83263,0.878674513
d849b01b-ovo_52_t166.png,46382,0,0,0,31406,0.677116123,77788,0.871801837
d849b01b-ovo_52_t166_aug_0.png,46376,0,0,0,31419,0.677484043,77795,0.766215842
d849b01b-ovo_52_t166_aug_1.png,46378,0,0,0,31406,0.677174522,77784,0.76067332
d849b01b-ovo_52_t166_aug_2.png,46382,0,0,0,31406,0.677116123,77788,0.871801837
d85b2ccc-ovo_06_t61.png,32595,0,0,0,52669,1.615861328,85264,0.881061241
d85b2ccc-ovo_06_t61_aug_0.png,32589,0,0,0,52632,1.615023474,85221,0.807695583
d85b2ccc-ovo_06_t61_aug_1.png,32597,0,0,0,52626,1.614443047,85223,0.81812359
d85b2ccc-ovo_06_t61_aug_2.png,32595,0,0,0,52669,1.615861328,85264,0.881061241
d878a00d-ovo_53_t236.png,45937,0,0,0,34456,0.750070749,80393,0.87335772
d878a00d-ovo_53_t236_aug_0.png,45937,0,0,0,34456,0.750070749,80393,0.87335772
d878a00d-ovo_53_t236_aug_1.png,45941,0,0,0,34449,0.749853072,80390,0.763949033
d878a00d-ovo_53_t236_aug_2.png,45937,0,0,0,34456,0.750070749,80393,0.87335772
d8e06f7d-ovo_06_t21.png,34054,0,0,0,50484,1.48246902,84538,0.884677059
d8e06f7d-ovo_06_t21_aug_0.png,34054,0,0,0,50484,1.48246902,84538,0.884677059
d8e06f7d-ovo_06_t21_aug_1.png,34054,0,0,0,50484,1.48246902,84538,0.884677059
d8e06f7d-ovo_06_t21_aug_2.png,34050,0,0,0,50449,1.481615272,84499,0.832543553
d957af7c-ovo_40_t21.png,46732,0,0,0,35393,0.757361123,82125,0.887462227
d957af7c-ovo_40_t21_aug_0.png,46732,0,0,0,35393,0.757361123,82125,0.887462227
d957af7c-ovo_40_t21_aug_1.png,46736,0,0,0,35388,0.757189319,82124,0.775735164
d957af7c-ovo_40_t21_aug_2.png,46732,0,0,0,35393,0.757361123,82125,0.887462227
d96d6675-eovo_335_t1.png,92422,0,0,0,122502,1.325463634,214924,0.83428911
d96d6675-eovo_335_t1_aug_0.png,92421,0,0,0,122501,1.325467156,214922,0.726047313
d96d6675-eovo_335_t1_aug_1.png,92422,0,0,0,122502,1.325463634,214924,0.83428911
d96d6675-eovo_335_t1_aug_2.png,92422,0,0,0,122502,1.325463634,214924,0.83428911
d9b6fadb-ovo_47_t181.png,40559,0,0,0,46875,1.15572376,87434,0.877391929
d9b6fadb-ovo_47_t181_aug_0.png,40555,0,0,0,46875,1.155837751,87430,0.787836343
d9b6fadb-ovo_47_t181_aug_1.png,40559,0,0,0,46875,1.15572376,87434,0.877391929
d9b6fadb-ovo_47_t181_aug_2.png,40563,0,0,0,46874,1.155585139,87437,0.826936714
d9c2d558-ovo_06_t196.png,29555,0,0,0,65593,2.219353747,95148,0.877291329
d9c2d558-ovo_06_t196_aug_0.png,29555,0,0,0,65593,2.219353747,95148,0.877291329
d9c2d558-ovo_06_t196_aug_1.png,29555,0,0,0,65593,2.219353747,95148,0.877291329
d9c2d558-ovo_06_t196_aug_2.png,29555,0,0,0,65593,2.219353747,95148,0.877291329
d9fbc8ea-ovo_51_t201.png,45577,0,0,0,32907,0.722008908,78484,0.887990241
d9fbc8ea-ovo_51_t201_aug_0.png,45577,0,0,0,32907,0.722008908,78484,0.887990241
d9fbc8ea-ovo_51_t201_aug_1.png,45577,0,0,0,32907,0.722008908,78484,0.887990241
d9fbc8ea-ovo_51_t201_aug_2.png,45568,0,0,0,32918,0.722392907,78486,0.801610571
da1c7ba7-ovo_50_t276.png,47476,0,0,0,64544,1.359507962,112020,0.885043746
da1c7ba7-ovo_50_t276_aug_0.png,47476,0,0,0,64544,1.359507962,112020,0.885043746
da1c7ba7-ovo_50_t276_aug_1.png,47476,0,0,0,64544,1.359507962,112020,0.885043746
da1c7ba7-ovo_50_t276_aug_2.png,47476,0,0,0,64544,1.359507962,112020,0.885043746
da331081-eovo_430_t1.png,90849,2279,1,0.025085582,73294,0.806767273,166422,0.86025373
da331081-eovo_430_t1_aug_0.png,90849,2279,1,0.025085582,73294,0.806767273,166422,0.86025373
da331081-eovo_430_t1_aug_1.png,90849,2279,1,0.025085582,73294,0.806767273,166422,0.86025373
da331081-eovo_430_t1_aug_2.png,90852,2280,1,0.02509576,73291,0.806707612,166423,0.818599361
da76e464-eovo_117_t1.png,0,0,0,0,211332,0,211332,0.850778304
da76e464-eovo_117_t1_aug_0.png,0,0,0,0,211332,0,211332,0.850778304
da76e464-eovo_117_t1_aug_1.png,0,0,0,0,211328,0,211328,0.783984465
da76e464-eovo_117_t1_aug_2.png,0,0,0,0,211332,0,211332,0.850778304
db004bb2-ovo_51_t206.png,45893,0,0,0,33625,0.732682544,79518,0.881227372
db004bb2-ovo_51_t206_aug_0.png,45897,0,0,0,33621,0.732531538,79518,0.812893145
db004bb2-ovo_51_t206_aug_1.png,45893,0,0,0,33625,0.732682544,79518,0.881227372
db004bb2-ovo_51_t206_aug_2.png,45893,0,0,0,33623,0.732638965,79516,0.870516015
db4273be-eovo_242_t1.png,0,0,0,0,188879,0,188879,0.869737212
db4273be-eovo_242_t1_aug_0.png,0,0,0,0,188879,0,188879,0.791702878
db4273be-eovo_242_t1_aug_1.png,0,0,0,0,188879,0,188879,0.778762609
db4273be-eovo_242_t1_aug_2.png,0,0,0,0,188879,0,188879,0.869737212
dc0c3ada-eovo_651_t1.png,102410,0,0,0,94373,0.921521336,196783,0.868620495
dc0c3ada-eovo_651_t1_aug_0.png,102410,0,0,0,94373,0.921521336,196783,0.868620495
dc0c3ada-eovo_651_t1_aug_1.png,102410,0,0,0,94373,0.921521336,196783,0.868620495
dc0c3ada-eovo_651_t1_aug_2.png,102401,0,0,0,94383,0.921699983,196784,0.796556397
dc19de08-eovo_193_t1.png,0,0,0,0,209690,0,209690,0.832246802
dc19de08-eovo_193_t1_aug_0.png,0,0,0,0,209710,0,209710,0.718956328
dc19de08-eovo_193_t1_aug_1.png,0,0,0,0,209690,0,209690,0.832246802
dc19de08-eovo_193_t1_aug_2.png,0,0,0,0,209690,0,209690,0.832246802
dc475036-ovo_30_t221.png,42352,0,0,0,0,0,42352,0.873516774
dc475036-ovo_30_t221_aug_0.png,42352,0,0,0,0,0,42352,0.873516774
dc475036-ovo_30_t221_aug_1.png,42352,0,0,0,0,0,42352,0.864029658
dc475036-ovo_30_t221_aug_2.png,42352,0,0,0,0,0,42352,0.873516774
dc64bb97-eovo_45_t1.png,0,0,0,0,198840,0,198840,0.862774721
dc64bb97-eovo_45_t1_aug_0.png,0,0,0,0,198839,0,198839,0.757806237
dc64bb97-eovo_45_t1_aug_1.png,0,0,0,0,198840,0,198840,0.862774721
dc64bb97-eovo_45_t1_aug_2.png,0,0,0,0,198840,0,198840,0.862774721
dcd70322-ovo_55_t241.png,46207,0,0,0,34694,0.750838618,80901,0.884182284
dcd70322-ovo_55_t241_aug_0.png,46207,0,0,0,34694,0.750838618,80901,0.884182284
dcd70322-ovo_55_t241_aug_1.png,46207,0,0,0,34694,0.750838618,80901,0.884182284
dcd70322-ovo_55_t241_aug_2.png,46207,0,0,0,34693,0.750816976,80900,0.881831521
dcfa5a16-ovo_22_t241.png,41651,0,0,0,42404,1.018078798,84055,0.876165927
dcfa5a16-ovo_22_t241_aug_0.png,41651,0,0,0,42404,1.018078798,84055,0.876165927
dcfa5a16-ovo_22_t241_aug_1.png,41650,0,0,0,42406,1.018151261,84056,0.857933242
dcfa5a16-ovo_22_t241_aug_2.png,41651,0,0,0,42404,1.018078798,84055,0.876165927
dd2d3ffe-ovo_53_t286.png,46566,0,0,0,32890,0.706309324,79456,0.87818972
dd2d3ffe-ovo_53_t286_aug_0.png,46566,0,0,0,32890,0.706309324,79456,0.87818972
dd2d3ffe-ovo_53_t286_aug_1.png,46566,0,0,0,32890,0.706309324,79456,0.87818972
dd2d3ffe-ovo_53_t286_aug_2.png,46566,0,0,0,32890,0.706309324,79456,0.87818972
dd808986-eovo_473_t1.png,92283,0,0,0,116420,1.261554132,208703,0.87277361
dd808986-eovo_473_t1_aug_0.png,92283,0,0,0,116416,1.261510787,208699,0.812163019
dd808986-eovo_473_t1_aug_1.png,92283,0,0,0,116420,1.261554132,208703,0.87277361
dd808986-eovo_473_t1_aug_2.png,92283,0,0,0,116420,1.261554132,208703,0.87277361
dd91b65d-ovo_36_t121.png,45927,0,0,0,38586,0.840159383,84513,0.881205218
dd91b65d-ovo_36_t121_aug_0.png,45926,0,0,0,38590,0.840264774,84516,0.770216836
dd91b65d-ovo_36_t121_aug_1.png,45926,0,0,0,38594,0.84035187,84520,0.771344688
dd91b65d-ovo_36_t121_aug_2.png,45927,0,0,0,38586,0.840159383,84513,0.881205218
de451bb3-ovo_53_t211.png,41758,0,0,0,32327,0.774151061,74085,0.872681841
de451bb3-ovo_53_t211_aug_0.png,41758,0,0,0,32327,0.774151061,74085,0.872681841
de451bb3-ovo_53_t211_aug_1.png,41757,0,0,0,32330,0.774241445,74087,0.829500195
de451bb3-ovo_53_t211_aug_2.png,41758,0,0,0,32327,0.774151061,74085,0.872681841
de6fbbe4-ovo_35_t256.png,46447,1130,1,0.024328805,38170,0.821796887,85747,0.86992868
de6fbbe4-ovo_35_t256_aug_0.png,46447,1130,1,0.024328805,38170,0.821796887,85747,0.86992868
de6fbbe4-ovo_35_t256_aug_1.png,46444,1130,1,0.024330376,38181,0.822086814,85755,0.765720485
de6fbbe4-ovo_35_t256_aug_2.png,46446,1129,1,0.024307798,38173,0.821879172,85748,0.75611756
dee68895-eovo_233_t1.png,0,0,0,0,205139,0,205139,0.862071153
dee68895-eovo_233_t1_aug_0.png,0,0,0,0,205139,0,205139,0.862071153
dee68895-eovo_233_t1_aug_1.png,0,0,0,0,205138,0,205138,0.739462824
dee68895-eovo_233_t1_aug_2.png,0,0,0,0,205123,0,205123,0.753322099
df47fc60-ovo_40_t141.png,46706,0,0,0,34281,0.733974222,80987,0.871033227
df47fc60-ovo_40_t141_aug_0.png,46703,0,0,0,34291,0.734235488,80994,0.814961892
df47fc60-ovo_40_t141_aug_1.png,46707,0,0,0,34273,0.733787227,80980,0.748455034
df47fc60-ovo_40_t141_aug_2.png,46706,0,0,0,34281,0.733974222,80987,0.871033227
df4ef2a8-ovo_10_t226.png,43321,0,0,0,40352,0.931465109,83673,0.87974821
df4ef2a8-ovo_10_t226_aug_0.png,43330,0,0,0,40339,0.930971613,83669,0.764134543
df4ef2a8-ovo_10_t226_aug_1.png,43315,0,0,0,40354,0.931640309,83669,0.827590039
df4ef2a8-ovo_10_t226_aug_2.png,43323,0,0,0,40346,0.931283614,83669,0.816929278
df642c76-ovo_53_t46.png,40895,0,0,0,32723,0.80017117,73618,0.87131928
df642c76-ovo_53_t46_aug_0.png,40895,0,0,0,32723,0.80017117,73618,0.87131928
df642c76-ovo_53_t46_aug_1.png,40895,0,0,0,32723,0.80017117,73618,0.87131928
df642c76-ovo_53_t46_aug_2.png,40895,0,0,0,32723,0.80017117,73618,0.87131928
dfd6ceae-ovo_07_t16.png,30384,0,0,0,22852,0.752106372,53236,0.867220613
dfd6ceae-ovo_07_t16_aug_0.png,30387,0,0,0,22843,0.75173594,53230,0.760267324
dfd6ceae-ovo_07_t16_aug_1.png,30384,0,0,0,22852,0.752106372,53236,0.867220613
dfd6ceae-ovo_07_t16_aug_2.png,30385,0,0,0,22853,0.75211453,53238,0.822881505
e0b20579-ovo_08_t176.png,44626,0,0,0,38896,0.871599516,83522,0.871956689
e0b20579-ovo_08_t176_aug_0.png,44626,0,0,0,38896,0.871599516,83522,0.871956689
e0b20579-ovo_08_t176_aug_1.png,44626,0,0,0,38896,0.871599516,83522,0.871956689
e0b20579-ovo_08_t176_aug_2.png,44626,0,0,0,38896,0.871599516,83522,0.871956689
e0f5a0b1-ovo_47_t191.png,39970,0,0,0,49619,1.241406055,89589,0.880765933
e0f5a0b1-ovo_47_t191_aug_0.png,39970,0,0,0,49619,1.241406055,89589,0.880765933
e0f5a0b1-ovo_47_t191_aug_1.png,39970,0,0,0,49619,1.241406055,89589,0.880765933
e0f5a0b1-ovo_47_t191_aug_2.png,39972,0,0,0,49619,1.241343941,89591,0.842397752
e114f52f-eovo_46_t1.png,0,0,0,0,204541,0,204541,0.863233722
e114f52f-eovo_46_t1_aug_0.png,0,0,0,0,204541,0,204541,0.863233722
e114f52f-eovo_46_t1_aug_1.png,0,0,0,0,204544,0,204544,0.769163427
e114f52f-eovo_46_t1_aug_2.png,0,0,0,0,204541,0,204541,0.863233722
e186ed0d-eovo_113_t1.png,22,0,0,0,199841,9083.681818,199863,0.853203617
e186ed0d-eovo_113_t1_aug_0.png,22,0,0,0,199841,9083.681818,199863,0.853203617
e186ed0d-eovo_113_t1_aug_1.png,22,0,0,0,199841,9083.681818,199863,0.853203617
e186ed0d-eovo_113_t1_aug_2.png,22,0,0,0,199841,9083.681818,199863,0.853203617
e19ee1ef-ovo_23_t96.png,44293,0,0,0,63492,1.433454496,107785,0.873742608
e19ee1ef-ovo_23_t96_aug_0.png,44292,0,0,0,63491,1.433464282,107783,0.852493827
e19ee1ef-ovo_23_t96_aug_1.png,44291,0,0,0,63496,1.433609537,107787,0.771993625
e19ee1ef-ovo_23_t96_aug_2.png,44290,0,0,0,63492,1.433551592,107782,0.770129403
e248ca3c-ovo_06_t81.png,31770,0,0,0,61543,1.937141958,93313,0.885267419
e248ca3c-ovo_06_t81_aug_0.png,31770,0,0,0,61543,1.937141958,93313,0.885267419
e248ca3c-ovo_06_t81_aug_1.png,31770,0,0,0,61543,1.937141958,93313,0.885267419
e248ca3c-ovo_06_t81_aug_2.png,31772,0,0,0,61538,1.936862646,93310,0.850383984
e30ccecb-ovo_55_t271.png,47341,0,0,0,35919,0.75872922,83260,0.875735779
e30ccecb-ovo_55_t271_aug_0.png,47344,0,0,0,35922,0.758744508,83266,0.786259918
e30ccecb-ovo_55_t271_aug_1.png,47346,0,0,0,35911,0.758480125,83257,0.799426804
e30ccecb-ovo_55_t271_aug_2.png,47334,0,0,0,35925,0.758968184,83259,0.827518377
e384ab30-eovo_543_t1.png,98341,0,0,0,102449,1.041773014,200790,0.85550166
e384ab30-eovo_543_t1_aug_0.png,98342,0,0,0,102449,1.041762421,200791,0.831610541
e384ab30-eovo_543_t1_aug_1.png,98341,0,0,0,102449,1.041773014,200790,0.85550166
e384ab30-eovo_543_t1_aug_2.png,98341,0,0,0,102449,1.041773014,200790,0.85550166
e3c4424a-ovo_55_t21.png,45144,0,0,0,32716,0.724703172,77860,0.872613566
e3c4424a-ovo_55_t21_aug_0.png,45147,0,0,0,32713,0.724588566,77860,0.792959677
e3c4424a-ovo_55_t21_aug_1.png,45144,0,0,0,32716,0.724703172,77860,0.872613566
e3c4424a-ovo_55_t21_aug_2.png,45144,0,0,0,32716,0.724703172,77860,0.872613566
e512c858-eovo_70_t1.png,0,0,0,0,208427,0,208427,0.862746645
e512c858-eovo_70_t1_aug_0.png,0,0,0,0,208427,0,208427,0.862746645
e512c858-eovo_70_t1_aug_1.png,0,0,0,0,208427,0,208427,0.862746645
e512c858-eovo_70_t1_aug_2.png,0,0,0,0,208431,0,208431,0.830752637
e5d71df7-ovo_06_t121.png,30946,0,0,0,62724,2.026885543,93670,0.885943367
e5d71df7-ovo_06_t121_aug_0.png,30950,0,0,0,61942,2.001357027,92892,0.796314637
e5d71df7-ovo_06_t121_aug_1.png,30946,0,0,0,62724,2.026885543,93670,0.885943367
e5d71df7-ovo_06_t121_aug_2.png,30944,0,0,0,62571,2.02207213,93515,0.843253414
e687b404-ovo_47_t166.png,39631,0,0,0,46255,1.167141884,85886,0.880318665
e687b404-ovo_47_t166_aug_0.png,39631,0,0,0,46255,1.167141884,85886,0.880318665
e687b404-ovo_47_t166_aug_1.png,39631,0,0,0,46255,1.167141884,85886,0.880318665
e687b404-ovo_47_t166_aug_2.png,39635,0,0,0,46248,1.166847483,85883,0.794446979
e693fe94-ovo_53_t136.png,43542,0,0,0,31957,0.733935051,75499,0.870137014
e693fe94-ovo_53_t136_aug_0.png,43542,0,0,0,31957,0.733935051,75499,0.870137014
e693fe94-ovo_53_t136_aug_1.png,43542,0,0,0,31957,0.733935051,75499,0.827882722
e693fe94-ovo_53_t136_aug_2.png,43543,0,0,0,31952,0.733803367,75495,0.802062301
e6ef738c-ovo_29_t126.png,41009,0,0,0,34746,0.847277427,75755,0.881442717
e6ef738c-ovo_29_t126_aug_0.png,41008,0,0,0,34738,0.847103004,75746,0.814288089
e6ef738c-ovo_29_t126_aug_1.png,41013,0,0,0,34741,0.847072879,75754,0.826814724
e6ef738c-ovo_29_t126_aug_2.png,41009,0,0,0,34746,0.847277427,75755,0.881442717
e77f64ef-eovo_614_t1.png,90802,0,0,0,138657,1.527025836,229459,0.867247176
e77f64ef-eovo_614_t1_aug_0.png,90802,0,0,0,138657,1.527025836,229459,0.867247176
e77f64ef-eovo_614_t1_aug_1.png,90802,0,0,0,138657,1.527025836,229459,0.867247176
e77f64ef-eovo_614_t1_aug_2.png,90802,0,0,0,138657,1.527025836,229459,0.867247176
e7b5b904-ovo_52_t176.png,46231,0,0,0,32393,0.700677035,78624,0.866389341
e7b5b904-ovo_52_t176_aug_0.png,46231,0,0,0,32393,0.700677035,78624,0.866389341
e7b5b904-ovo_52_t176_aug_1.png,46237,0,0,0,32383,0.700369834,78620,0.849487754
e7b5b904-ovo_52_t176_aug_2.png,46226,0,0,0,32400,0.700904253,78626,0.755944481
e7fc025d-ovo_37_t1.png,43791,0,0,0,33180,0.757689936,76971,0.855890169
e7fc025d-ovo_37_t1_aug_0.png,43791,0,0,0,33180,0.757689936,76971,0.855890169
e7fc025d-ovo_37_t1_aug_1.png,43791,0,0,0,33179,0.757667101,76970,0.846413221
e7fc025d-ovo_37_t1_aug_2.png,43791,0,0,0,33180,0.757689936,76971,0.855890169
e80dec7b-ovo_04_t151.png,46622,0,0,0,28969,0.621359015,75591,0.877772819
e80dec7b-ovo_04_t151_aug_0.png,46619,0,0,0,28971,0.621441901,75590,0.781299742
e80dec7b-ovo_04_t151_aug_1.png,46626,0,0,0,28965,0.62121992,75591,0.75925359
e80dec7b-ovo_04_t151_aug_2.png,46622,0,0,0,28969,0.621359015,75591,0.877772819
e8279d76-ovo_23_t186.png,47395,0,0,0,51492,1.086443718,98887,0.880668288
e8279d76-ovo_23_t186_aug_0.png,47394,0,0,0,51492,1.086466641,98886,0.855227078
e8279d76-ovo_23_t186_aug_1.png,47388,0,0,0,51499,1.08675192,98887,0.767002555
e8279d76-ovo_23_t186_aug_2.png,47395,0,0,0,51492,1.086443718,98887,0.880668288
e841cf0c-eovo_37_t1.png,76,0,0,0,193732,2549.105263,193808,0.848545997
e841cf0c-eovo_37_t1_aug_0.png,76,0,0,0,193732,2549.105263,193808,0.848545997
e841cf0c-eovo_37_t1_aug_1.png,76,0,0,0,193740,2549.210526,193816,0.807254702
e841cf0c-eovo_37_t1_aug_2.png,76,0,0,0,193732,2549.105263,193808,0.848545997
e8afbefa-ovo_29_t166.png,41681,0,0,0,32366,0.776516878,74047,0.870988408
e8afbefa-ovo_29_t166_aug_0.png,41681,0,0,0,32366,0.776516878,74047,0.870988408
e8afbefa-ovo_29_t166_aug_1.png,41680,0,0,0,32366,0.776535509,74046,0.750463726
e8afbefa-ovo_29_t166_aug_2.png,41684,0,0,0,32368,0.776508972,74052,0.774233334
e8aff029-ovo_17_t106.png,47505,0,0,0,39474,0.830944111,86979,0.864227063
e8aff029-ovo_17_t106_aug_0.png,47505,0,0,0,39474,0.830944111,86979,0.864227063
e8aff029-ovo_17_t106_aug_1.png,47505,0,0,0,39474,0.830944111,86979,0.864227063
e8aff029-ovo_17_t106_aug_2.png,47503,0,0,0,39476,0.831021199,86979,0.859507999
e8d9bb0b-ovo_29_t171.png,42019,0,0,0,33114,0.788072063,75133,0.891403734
e8d9bb0b-ovo_29_t171_aug_0.png,42019,0,0,0,33114,0.788072063,75133,0.891403734
e8d9bb0b-ovo_29_t171_aug_1.png,42019,0,0,0,33114,0.788072063,75133,0.891403734
e8d9bb0b-ovo_29_t171_aug_2.png,42021,0,0,0,33112,0.787986959,75133,0.880626152
e91e8f4b-ovo_06_t186.png,30627,0,0,0,61397,2.004669083,92024,0.884193279
e91e8f4b-ovo_06_t186_aug_0.png,30627,0,0,0,61315,2.001991707,91942,0.847921952
e91e8f4b-ovo_06_t186_aug_1.png,30637,0,0,0,61081,1.993700428,91718,0.815924342
e91e8f4b-ovo_06_t186_aug_2.png,30627,0,0,0,61305,2.001665197,91932,0.86974896
e93385fa-eovo_593_t1.png,95166,0,0,0,101589,1.067492592,196755,0.860721412
e93385fa-eovo_593_t1_aug_0.png,95168,0,0,0,101579,1.067365081,196747,0.741514853
e93385fa-eovo_593_t1_aug_1.png,95165,0,0,0,101581,1.067419745,196746,0.756769233
e93385fa-eovo_593_t1_aug_2.png,95165,0,0,0,101587,1.067482793,196752,0.758860427
e9445702-ovo_52_t126.png,45950,0,0,0,34920,0.759956474,80870,0.86961847
e9445702-ovo_52_t126_aug_0.png,45950,0,0,0,34920,0.759956474,80870,0.86961847
e9445702-ovo_52_t126_aug_1.png,45950,0,0,0,34920,0.759956474,80870,0.86961847
e9445702-ovo_52_t126_aug_2.png,45949,0,0,0,34920,0.759973014,80869,0.755102695
e98ef409-eovo_362_t1.png,0,0,0,0,203212,0,203212,0.872921479
e98ef409-eovo_362_t1_aug_0.png,0,0,0,0,203212,0,203212,0.872921479
e98ef409-eovo_362_t1_aug_1.png,0,0,0,0,203214,0,203214,0.818400153
e98ef409-eovo_362_t1_aug_2.png,0,0,0,0,203212,0,203212,0.872921479
e9a1f3bf-ovo_06_t256.png,29267,0,0,0,63286,2.162367171,92553,0.887159418
e9a1f3bf-ovo_06_t256_aug_0.png,29267,0,0,0,63221,2.16014624,92488,0.867937612
e9a1f3bf-ovo_06_t256_aug_1.png,29268,0,0,0,62639,2.140187235,91907,0.799532224
e9a1f3bf-ovo_06_t256_aug_2.png,29267,0,0,0,63286,2.162367171,92553,0.887159418
e9c52698-ovo_53_t191.png,42270,0,0,0,37724,0.892453277,79994,0.884752977
e9c52698-ovo_53_t191_aug_0.png,42269,0,0,0,37728,0.892569022,79997,0.8515162
e9c52698-ovo_53_t191_aug_1.png,42270,0,0,0,37724,0.892453277,79994,0.884752977
e9c52698-ovo_53_t191_aug_2.png,42270,0,0,0,37724,0.892453277,79994,0.884752977
e9ce9f2a-ovo_06_t216.png,30099,0,0,0,61756,2.051762517,91855,0.877653432
e9ce9f2a-ovo_06_t216_aug_0.png,30099,0,0,0,61756,2.051762517,91855,0.877653432
e9ce9f2a-ovo_06_t216_aug_1.png,30099,0,0,0,61756,2.051762517,91855,0.877653432
e9ce9f2a-ovo_06_t216_aug_2.png,30101,0,0,0,61753,2.051526527,91854,0.872412937
e9d3283c-ovo_05_t31.png,47376,0,0,0,42130,0.889268828,89506,0.880865482
e9d3283c-ovo_05_t31_aug_0.png,47376,0,0,0,42130,0.889268828,89506,0.880865482
e9d3283c-ovo_05_t31_aug_1.png,47377,0,0,0,42123,0.889102307,89500,0.79699821
e9d3283c-ovo_05_t31_aug_2.png,47382,0,0,0,42133,0.889219535,89515,0.800487983
e9fc4fa2-ovo_52_t66.png,44137,0,0,0,34829,0.789111177,78966,0.871594396
e9fc4fa2-ovo_52_t66_aug_0.png,44137,0,0,0,34829,0.789111177,78966,0.871594396
e9fc4fa2-ovo_52_t66_aug_1.png,44132,0,0,0,34842,0.789495151,78974,0.765977623
e9fc4fa2-ovo_52_t66_aug_2.png,44137,0,0,0,34829,0.789111177,78966,0.871594396
ea1cd5f4-ovo_53_t231.png,44967,0,0,0,35731,0.794604933,80698,0.875337355
ea1cd5f4-ovo_53_t231_aug_0.png,44967,0,0,0,35731,0.794604933,80698,0.875337355
ea1cd5f4-ovo_53_t231_aug_1.png,44967,0,0,0,35731,0.794604933,80698,0.875337355
ea1cd5f4-ovo_53_t231_aug_2.png,44965,0,0,0,35732,0.794662515,80697,0.817811702
ea5f7ca0-ovo_09_t261.png,45620,0,0,0,35538,0.779000438,81158,0.868693598
ea5f7ca0-ovo_09_t261_aug_0.png,45620,0,0,0,35538,0.779000438,81158,0.868693598
ea5f7ca0-ovo_09_t261_aug_1.png,45619,0,0,0,35539,0.779039435,81158,0.864152258
ea5f7ca0-ovo_09_t261_aug_2.png,45618,0,0,0,35535,0.778968828,81153,0.768699394
ea7aaf34-ovo_06_t136.png,30803,0,0,0,63218,2.052332565,94021,0.885448401
ea7aaf34-ovo_06_t136_aug_0.png,30804,0,0,0,62885,2.041455655,93689,0.829095694
ea7aaf34-ovo_06_t136_aug_1.png,30803,0,0,0,63218,2.052332565,94021,0.885448401
ea7aaf34-ovo_06_t136_aug_2.png,30803,0,0,0,63218,2.052332565,94021,0.885448401
eae7e93b-ovo_35_t76.png,49608,0,0,0,33603,0.677370585,83211,0.882506492
eae7e93b-ovo_35_t76_aug_0.png,49606,0,0,0,33601,0.677357578,83207,0.84561229
eae7e93b-ovo_35_t76_aug_1.png,49610,0,0,0,33596,0.677202177,83206,0.86467613
eae7e93b-ovo_35_t76_aug_2.png,49612,0,0,0,33607,0.677396598,83219,0.847000162
eaed65e2-ovo_19_t211.png,46170,0,0,0,15884,0.344032922,62054,0.141629507
eaed65e2-ovo_19_t211_aug_0.png,46170,0,0,0,15884,0.344032922,62054,0.141629507
eaed65e2-ovo_19_t211_aug_1.png,46170,0,0,0,15884,0.344032922,62054,0.141629507
eaed65e2-ovo_19_t211_aug_2.png,46170,0,0,0,15884,0.344032922,62054,0.141629507
ebadd791-ovo_52_t221.png,46019,0,0,0,35050,0.761641931,81069,0.87311254
ebadd791-ovo_52_t221_aug_0.png,46019,0,0,0,35050,0.761641931,81069,0.87311254
ebadd791-ovo_52_t221_aug_1.png,46018,0,0,0,35052,0.761701943,81070,0.809403844
ebadd791-ovo_52_t221_aug_2.png,46019,0,0,0,35050,0.761641931,81069,0.87311254
ebede86a-ovo_06_t261.png,29659,0,0,0,62946,2.122323747,92605,0.89393187
ebede86a-ovo_06_t261_aug_0.png,29661,0,0,0,62887,2.120191497,92548,0.885454154
ebede86a-ovo_06_t261_aug_1.png,29659,0,0,0,62815,2.117906875,92474,0.854099199
ebede86a-ovo_06_t261_aug_2.png,29659,0,0,0,62694,2.113827169,92353,0.831729364
ec7699ff-ovo_18_t196.png,42612,0,0,0,29524,0.692856472,72136,0.883307432
ec7699ff-ovo_18_t196_aug_0.png,42613,0,0,0,29520,0.692746345,72133,0.830932667
ec7699ff-ovo_18_t196_aug_1.png,42615,0,0,0,29524,0.692807697,72139,0.84786011
ec7699ff-ovo_18_t196_aug_2.png,42612,0,0,0,29524,0.692856472,72136,0.883307432
ecc99390-eovo_373_t1.png,0,0,0,0,185217,0,185217,0.849640439
ecc99390-eovo_373_t1_aug_0.png,0,0,0,0,185217,0,185217,0.745244618
ecc99390-eovo_373_t1_aug_1.png,0,0,0,0,185217,0,185217,0.849640439
ecc99390-eovo_373_t1_aug_2.png,0,0,0,0,185220,0,185220,0.836448971
ed2c7930-ovo_18_t201.png,33771,0,0,0,13895,0.411447692,47666,0.783820565
ed2c7930-ovo_18_t201_aug_0.png,33771,0,0,0,13895,0.411447692,47666,0.783820565
ed2c7930-ovo_18_t201_aug_1.png,33764,0,0,0,13892,0.411444142,47656,0.687205003
ed2c7930-ovo_18_t201_aug_2.png,33771,0,0,0,13895,0.411447692,47666,0.783820565
ede43a6a-ovo_01_t256.png,46129,0,0,0,34344,0.7445208,80473,0.854577861
ede43a6a-ovo_01_t256_aug_0.png,46129,0,0,0,34353,0.744715905,80482,0.752523402
ede43a6a-ovo_01_t256_aug_1.png,46135,0,0,0,34338,0.74429392,80473,0.762389172
ede43a6a-ovo_01_t256_aug_2.png,46126,0,0,0,34348,0.744655942,80474,0.783077518
ee5e3ab0-ovo_10_t86.png,44649,0,0,0,35223,0.788886649,79872,0.879096353
ee5e3ab0-ovo_10_t86_aug_0.png,44649,0,0,0,35222,0.788864252,79871,0.815817288
ee5e3ab0-ovo_10_t86_aug_1.png,44646,0,0,0,35227,0.789029252,79873,0.792967525
ee5e3ab0-ovo_10_t86_aug_2.png,44642,0,0,0,35238,0.789346355,79880,0.760510281
ee7aeb4d-ovo_47_t201.png,41195,0,0,0,46813,1.136375774,88008,0.872414378
ee7aeb4d-ovo_47_t201_aug_0.png,41195,0,0,0,46813,1.136375774,88008,0.872414378
ee7aeb4d-ovo_47_t201_aug_1.png,41195,0,0,0,46813,1.136375774,88008,0.872414378
ee7aeb4d-ovo_47_t201_aug_2.png,41195,0,0,0,46813,1.136375774,88008,0.872414378
eed0ba04-ovo_55_t161.png,46199,0,0,0,32473,0.702894002,78672,0.877447768
eed0ba04-ovo_55_t161_aug_0.png,46199,0,0,0,32476,0.702958939,78675,0.828494938
eed0ba04-ovo_55_t161_aug_1.png,46202,0,0,0,32473,0.702848362,78675,0.813764688
eed0ba04-ovo_55_t161_aug_2.png,46200,0,0,0,32480,0.703030303,78680,0.74726762
eee0814a-ovo_32_t106.png,44849,0,0,0,33779,0.753171754,78628,0.889036971
eee0814a-ovo_32_t106_aug_0.png,44855,0,0,0,33764,0.752736596,78619,0.772282911
eee0814a-ovo_32_t106_aug_1.png,44849,0,0,0,33779,0.753171754,78628,0.889036971
eee0814a-ovo_32_t106_aug_2.png,44849,0,0,0,33779,0.753171754,78628,0.889036971
ef311b88-ovo_53_t256.png,45225,0,0,0,39571,0.874980652,84796,0.88031849
ef311b88-ovo_53_t256_aug_0.png,45222,0,0,0,39577,0.875171377,84799,0.75276858
ef311b88-ovo_53_t256_aug_1.png,45219,0,0,0,39566,0.874986178,84785,0.76112437
ef311b88-ovo_53_t256_aug_2.png,45225,0,0,0,39571,0.874980652,84796,0.88031849
ef893fe5-ovo_51_t236.png,46207,0,0,0,36439,0.788603458,82646,0.878922733
ef893fe5-ovo_51_t236_aug_0.png,46207,0,0,0,36439,0.788603458,82646,0.878922733
ef893fe5-ovo_51_t236_aug_1.png,46207,0,0,0,36439,0.788603458,82646,0.878922733
ef893fe5-ovo_51_t236_aug_2.png,46207,0,0,0,36439,0.788603458,82646,0.878922733
efd9b4b8-ovo_06_t16.png,34269,0,0,0,56002,1.634188333,90271,0.864969646
efd9b4b8-ovo_06_t16_aug_0.png,34267,0,0,0,55866,1.63031488,90133,0.799210599
efd9b4b8-ovo_06_t16_aug_1.png,34269,0,0,0,56002,1.634188333,90271,0.864969646
efd9b4b8-ovo_06_t16_aug_2.png,34269,0,0,0,56002,1.634188333,90271,0.864969646
f039bc58-ovo_55_t1.png,40896,0,0,0,41456,1.013693271,82352,0.871421655
f039bc58-ovo_55_t1_aug_0.png,40896,0,0,0,41456,1.013693271,82352,0.871421655
f039bc58-ovo_55_t1_aug_1.png,40892,0,0,0,41460,1.013890247,82352,0.789054674
f039bc58-ovo_55_t1_aug_2.png,40904,0,0,0,41454,1.013446118,82358,0.770023582
f0c85e10-ovo_52_t76.png,43885,0,0,0,34554,0.787376097,78439,0.880522517
f0c85e10-ovo_52_t76_aug_0.png,43884,0,0,0,34555,0.787416826,78439,0.829047389
f0c85e10-ovo_52_t76_aug_1.png,43881,0,0,0,34557,0.787516237,78438,0.790083629
f0c85e10-ovo_52_t76_aug_2.png,43885,0,0,0,34554,0.787376097,78439,0.880522517
f0edf92a-ovo_12_t46.png,45768,0,0,0,25275,0.552241741,71043,0.863781242
f0edf92a-ovo_12_t46_aug_0.png,45768,0,0,0,25275,0.552241741,71043,0.863781242
f0edf92a-ovo_12_t46_aug_1.png,45766,0,0,0,25278,0.552331425,71044,0.760280217
f0edf92a-ovo_12_t46_aug_2.png,45769,0,0,0,25277,0.552273373,71046,0.779453059
f1d4ae79-eovo_83_t1.png,0,0,0,0,215763,0,215763,0.863387006
f1d4ae79-eovo_83_t1_aug_0.png,0,0,0,0,215761,0,215761,0.785022671
f1d4ae79-eovo_83_t1_aug_1.png,0,0,0,0,215768,0,215768,0.742190566
f1d4ae79-eovo_83_t1_aug_2.png,0,0,0,0,215763,0,215763,0.863387006
f1f3d2c4-ovo_21_t91.png,45086,0,0,0,29359,0.651177749,74445,0.871547602
f1f3d2c4-ovo_21_t91_aug_0.png,45085,0,0,0,29359,0.651192193,74444,0.847140186
f1f3d2c4-ovo_21_t91_aug_1.png,45086,0,0,0,29359,0.651177749,74445,0.871547602
f1f3d2c4-ovo_21_t91_aug_2.png,45086,0,0,0,29359,0.651177749,74445,0.871547602
f242df37-ovo_11_t146.png,43668,0,0,0,29063,0.665544564,72731,0.860756968
f242df37-ovo_11_t146_aug_0.png,43668,0,0,0,29067,0.665636164,72735,0.815350675
f242df37-ovo_11_t146_aug_1.png,43668,0,0,0,29063,0.665544564,72731,0.860756968
f242df37-ovo_11_t146_aug_2.png,43668,0,0,0,29063,0.665544564,72731,0.860756968
f27efc34-ovo_52_t261.png,44903,0,0,0,34030,0.757855823,78933,0.867351741
f27efc34-ovo_52_t261_aug_0.png,44903,0,0,0,34030,0.757855823,78933,0.867351741
f27efc34-ovo_52_t261_aug_1.png,44896,0,0,0,34037,0.7581299,78933,0.743269421
f27efc34-ovo_52_t261_aug_2.png,44909,0,0,0,34021,0.757554165,78930,0.838637045
f2b72162-ovo_08_t181.png,44285,0,0,0,29389,0.663633284,73674,0.863265363
f2b72162-ovo_08_t181_aug_0.png,44285,0,0,0,29389,0.663633284,73674,0.863265363
f2b72162-ovo_08_t181_aug_1.png,44285,0,0,0,29389,0.663633284,73674,0.863265363
f2b72162-ovo_08_t181_aug_2.png,44285,0,0,0,29389,0.663633284,73674,0.863265363
f2f74ea4-eovo_413_t1.png,98471,0,0,0,111988,1.137268841,210459,0.836391978
f2f74ea4-eovo_413_t1_aug_0.png,98474,0,0,0,111987,1.137224039,210461,0.735587565
f2f74ea4-eovo_413_t1_aug_1.png,98471,0,0,0,111988,1.137268841,210459,0.836391978
f2f74ea4-eovo_413_t1_aug_2.png,98471,0,0,0,111988,1.137268841,210459,0.836391978
f34aee18-ovo_20_t86.png,47004,0,0,0,37104,0.789379627,84108,0.866406168
f34aee18-ovo_20_t86_aug_0.png,47006,0,0,0,37102,0.789303493,84108,0.845056563
f34aee18-ovo_20_t86_aug_1.png,46999,0,0,0,37106,0.78950616,84105,0.744329669
f34aee18-ovo_20_t86_aug_2.png,47004,0,0,0,37104,0.789379627,84108,0.866406168
f3c8df61-ovo_51_t241.png,45711,0,0,0,34665,0.758351382,80376,0.874371753
f3c8df61-ovo_51_t241_aug_0.png,45711,0,0,0,34665,0.758351382,80376,0.874371753
f3c8df61-ovo_51_t241_aug_1.png,45711,0,0,0,34665,0.758351382,80376,0.874371753
f3c8df61-ovo_51_t241_aug_2.png,45707,0,0,0,34669,0.758505262,80376,0.796971615
f4e9852a-ovo_55_t51.png,45632,0,0,0,36484,0.799526648,82116,0.878797599
f4e9852a-ovo_55_t51_aug_0.png,45625,0,0,0,36494,0.799868493,82119,0.788435663
f4e9852a-ovo_55_t51_aug_1.png,45640,0,0,0,36473,0.799145486,82113,0.815179017
f4e9852a-ovo_55_t51_aug_2.png,45632,0,0,0,36484,0.799526648,82116,0.878797599
f53291ae-eovo_14_t1.png,0,0,0,0,217671,0,217671,0.876309778
f53291ae-eovo_14_t1_aug_0.png,0,0,0,0,217675,0,217675,0.831834225
f53291ae-eovo_14_t1_aug_1.png,0,0,0,0,217671,0,217671,0.876309778
f53291ae-eovo_14_t1_aug_2.png,0,0,0,0,217668,0,217668,0.819830791
f55bd045-ovo_06_t46.png,32398,0,0,0,59474,1.835730601,91872,0.86083031
f55bd045-ovo_06_t46_aug_0.png,32396,0,0,0,59294,1.83028769,91690,0.756328858
f55bd045-ovo_06_t46_aug_1.png,32398,0,0,0,59474,1.835730601,91872,0.86083031
f55bd045-ovo_06_t46_aug_2.png,32401,0,0,0,59053,1.822567205,91454,0.76166795
f5c4827b-eovo_503_t1.png,86615,0,0,0,121099,1.398129654,207714,0.874013992
f5c4827b-eovo_503_t1_aug_0.png,86630,0,0,0,121078,1.397645158,207708,0.752491175
f5c4827b-eovo_503_t1_aug_1.png,86615,0,0,0,121099,1.398129654,207714,0.874013992
f5c4827b-eovo_503_t1_aug_2.png,86614,0,0,0,121100,1.398157342,207714,0.840330906
f5c6b8f6-ovo_50_t86.png,44495,0,0,0,49072,1.102865491,93567,0.881546933
f5c6b8f6-ovo_50_t86_aug_0.png,44495,0,0,0,49072,1.102865491,93567,0.881546933
f5c6b8f6-ovo_50_t86_aug_1.png,44495,0,0,0,49072,1.102865491,93567,0.881546933
f5c6b8f6-ovo_50_t86_aug_2.png,44500,0,0,0,49068,1.102651685,93568,0.79979938
f5d68cb4-ovo_47_t111.png,40168,0,0,0,44158,1.099332802,84326,0.877768296
f5d68cb4-ovo_47_t111_aug_0.png,40170,0,0,0,44156,1.09922828,84326,0.86446988
f5d68cb4-ovo_47_t111_aug_1.png,40168,0,0,0,44158,1.099332802,84326,0.877768296
f5d68cb4-ovo_47_t111_aug_2.png,40168,0,0,0,44158,1.099332802,84326,0.877768296
f674d71f-ovo_05_t156.png,48099,0,0,0,41815,0.869352793,89914,0.888093
f674d71f-ovo_05_t156_aug_0.png,48098,0,0,0,41819,0.869454031,89917,0.797853423
f674d71f-ovo_05_t156_aug_1.png,48099,0,0,0,41815,0.869352793,89914,0.888093
f674d71f-ovo_05_t156_aug_2.png,48099,0,0,0,41815,0.869352793,89914,0.888093
f6bc0a19-ovo_11_t276.png,43365,0,0,0,31517,0.726784273,74882,0.875854105
f6bc0a19-ovo_11_t276_aug_0.png,43365,0,0,0,31517,0.726784273,74882,0.825827087
f6bc0a19-ovo_11_t276_aug_1.png,43365,0,0,0,31517,0.726784273,74882,0.875854105
f6bc0a19-ovo_11_t276_aug_2.png,43365,0,0,0,31517,0.726784273,74882,0.875854105
f6f4969f-eovo_583_t1.png,97249,0,0,0,121936,1.25385351,219185,0.867745115
f6f4969f-eovo_583_t1_aug_0.png,97249,0,0,0,121936,1.25385351,219185,0.867745115
f6f4969f-eovo_583_t1_aug_1.png,97249,0,0,0,121936,1.25385351,219185,0.867745115
f6f4969f-eovo_583_t1_aug_2.png,97252,0,0,0,121934,1.253794266,219186,0.754223384
f6f5794d-ovo_55_t181.png,45338,0,0,0,33604,0.741188407,78942,0.876173449
f6f5794d-ovo_55_t181_aug_0.png,45338,0,0,0,33604,0.741188407,78942,0.876173449
f6f5794d-ovo_55_t181_aug_1.png,45338,0,0,0,33604,0.741188407,78942,0.876173449
f6f5794d-ovo_55_t181_aug_2.png,45338,0,0,0,33604,0.741188407,78942,0.876173449
f89cb0ed-ovo_05_t26.png,47363,0,0,0,44262,0.934526951,91625,0.887485289
f89cb0ed-ovo_05_t26_aug_0.png,47363,0,0,0,44262,0.934526951,91625,0.887485289
f89cb0ed-ovo_05_t26_aug_1.png,47369,0,0,0,44245,0.934049695,91614,0.79408703
f89cb0ed-ovo_05_t26_aug_2.png,47363,0,0,0,44262,0.934526951,91625,0.887485289
f89e8609-ovo_38_t231.png,51229,0,0,0,36001,0.702746491,87230,0.891077438
f89e8609-ovo_38_t231_aug_0.png,51229,0,0,0,36001,0.702746491,87230,0.891077438
f89e8609-ovo_38_t231_aug_1.png,51227,0,0,0,36001,0.702773928,87228,0.886506971
f89e8609-ovo_38_t231_aug_2.png,51232,0,0,0,35992,0.702529669,87224,0.809025428
f8d978b2-ovo_55_t6.png,43584,0,0,0,39019,0.895259728,82603,0.875427241
f8d978b2-ovo_55_t6_aug_0.png,43584,0,0,0,39019,0.895259728,82603,0.875427241
f8d978b2-ovo_55_t6_aug_1.png,43584,0,0,0,39019,0.895259728,82603,0.875427241
f8d978b2-ovo_55_t6_aug_2.png,43584,0,0,0,39019,0.895259728,82603,0.875427241
f8eb4c31-eovo_656_t1.png,95803,0,0,0,119882,1.251338685,215685,0.866737522
f8eb4c31-eovo_656_t1_aug_0.png,95813,0,0,0,119861,1.250988905,215674,0.752283043
f8eb4c31-eovo_656_t1_aug_1.png,95795,0,0,0,119888,1.25150582,215683,0.779495823
f8eb4c31-eovo_656_t1_aug_2.png,95797,0,0,0,119883,1.251427498,215680,0.819048962
f92f5781-ovo_24_t256.png,41505,0,0,0,37137,0.894759668,78642,0.883370439
f92f5781-ovo_24_t256_aug_0.png,41499,0,0,0,37147,0.895130003,78646,0.832293717
f92f5781-ovo_24_t256_aug_1.png,41508,0,0,0,37137,0.894694999,78645,0.835564049
f92f5781-ovo_24_t256_aug_2.png,41498,0,0,0,37134,0.894838305,78632,0.755368809
f945fc33-ovo_06_t51.png,33384,0,0,0,59803,1.791367122,93187,0.890278944
f945fc33-ovo_06_t51_aug_0.png,33383,0,0,0,59797,1.791241051,93180,0.874074494
f945fc33-ovo_06_t51_aug_1.png,33382,0,0,0,59593,1.785183632,92975,0.855768686
f945fc33-ovo_06_t51_aug_2.png,33384,0,0,0,59803,1.791367122,93187,0.890278944
fa3caf2a-ovo_05_t76.png,47021,0,0,0,42374,0.901171817,89395,0.875187114
fa3caf2a-ovo_05_t76_aug_0.png,47021,0,0,0,42374,0.901171817,89395,0.875187114
fa3caf2a-ovo_05_t76_aug_1.png,47021,0,0,0,42374,0.901171817,89395,0.875187114
fa3caf2a-ovo_05_t76_aug_2.png,47016,0,0,0,42373,0.901246384,89389,0.768318371
faad23d4-ovo_53_t266.png,45742,0,0,0,36944,0.807660356,82686,0.879948425
faad23d4-ovo_53_t266_aug_0.png,45742,0,0,0,36944,0.807660356,82686,0.879948425
faad23d4-ovo_53_t266_aug_1.png,45742,0,0,0,36944,0.807660356,82686,0.879948425
faad23d4-ovo_53_t266_aug_2.png,45742,0,0,0,36944,0.807660356,82686,0.879948425
facfd83d-ovo_55_t206.png,44150,0,0,0,36766,0.832751982,80916,0.874112842
facfd83d-ovo_55_t206_aug_0.png,44152,0,0,0,36773,0.832872803,80925,0.783542448
facfd83d-ovo_55_t206_aug_1.png,44150,0,0,0,36765,0.832729332,80915,0.86894737
facfd83d-ovo_55_t206_aug_2.png,44153,0,0,0,36764,0.832650103,80917,0.779894905
fb099c06-ovo_05_t161.png,48252,0,0,0,41622,0.862596369,89874,0.884710299
fb099c06-ovo_05_t161_aug_0.png,48252,0,0,0,41622,0.862596369,89874,0.884710299
fb099c06-ovo_05_t161_aug_1.png,48249,0,0,0,41628,0.862774358,89877,0.873714847
fb099c06-ovo_05_t161_aug_2.png,48254,0,0,0,41623,0.86258134,89877,0.792766785
fb9968b8-eovo_147_t1.png,0,0,0,0,199995,0,199995,0.872437963
fb9968b8-eovo_147_t1_aug_0.png,0,0,0,0,200000,0,200000,0.864124965
fb9968b8-eovo_147_t1_aug_1.png,0,0,0,0,199989,0,199989,0.761621548
fb9968b8-eovo_147_t1_aug_2.png,0,0,0,0,199995,0,199995,0.811600137
fbbb4b8b-ovo_35_t166.png,47918,0,0,0,33460,0.698276222,81378,0.874486074
fbbb4b8b-ovo_35_t166_aug_0.png,47927,0,0,0,33452,0.697978175,81379,0.801916321
fbbb4b8b-ovo_35_t166_aug_1.png,47923,0,0,0,33462,0.698245102,81385,0.768073948
fbbb4b8b-ovo_35_t166_aug_2.png,47918,0,0,0,33460,0.698276222,81378,0.874486074
fc43f0ce-eovo_561_t1.png,94019,0,0,0,126412,1.344536743,220431,0.885822748
fc43f0ce-eovo_561_t1_aug_0.png,94019,0,0,0,126412,1.344536743,220431,0.885822748
fc43f0ce-eovo_561_t1_aug_1.png,94019,0,0,0,126412,1.344536743,220431,0.885822748
fc43f0ce-eovo_561_t1_aug_2.png,94019,0,0,0,126412,1.344536743,220431,0.885822748
fc89c51f-ovo_14_t106.png,47287,0,0,0,38263,0.80916531,85550,0.872369885
fc89c51f-ovo_14_t106_aug_0.png,47287,0,0,0,38263,0.80916531,85550,0.872369885
fc89c51f-ovo_14_t106_aug_1.png,47287,0,0,0,38263,0.80916531,85550,0.872369885
fc89c51f-ovo_14_t106_aug_2.png,47297,0,0,0,38241,0.808529082,85538,0.755587872
fc97fdb4-ovo_52_t226.png,46185,0,0,0,36977,0.800627909,83162,0.868731961
fc97fdb4-ovo_52_t226_aug_0.png,46185,0,0,0,36977,0.800627909,83162,0.868731961
fc97fdb4-ovo_52_t226_aug_1.png,46178,0,0,0,36986,0.800944173,83164,0.777501451
fc97fdb4-ovo_52_t226_aug_2.png,46180,0,0,0,36996,0.801126029,83176,0.809897306
fd8fbc05-ovo_05_t71.png,46635,0,0,0,45088,0.96682749,91723,0.888065108
fd8fbc05-ovo_05_t71_aug_0.png,46640,0,0,0,45085,0.96665952,91725,0.789766314
fd8fbc05-ovo_05_t71_aug_1.png,46635,0,0,0,45088,0.96682749,91723,0.888065108
fd8fbc05-ovo_05_t71_aug_2.png,46636,0,0,0,45082,0.966678103,91718,0.779121173
fda3b745-ovo_05_t141.png,47918,0,0,0,44322,0.924955132,92240,0.887366841
fda3b745-ovo_05_t141_aug_0.png,47918,0,0,0,44322,0.924955132,92240,0.887366841
fda3b745-ovo_05_t141_aug_1.png,47917,0,0,0,44324,0.925016174,92241,0.85533911
fda3b745-ovo_05_t141_aug_2.png,47918,0,0,0,44322,0.924955132,92240,0.887366841
fdc73c80-ovo_04_t156.png,46632,0,0,0,30865,0.661884543,77497,0.874182888
fdc73c80-ovo_04_t156_aug_0.png,46636,0,0,0,30861,0.661742002,77497,0.82691173
fdc73c80-ovo_04_t156_aug_1.png,46632,0,0,0,30855,0.661670098,77487,0.771391714
fdc73c80-ovo_04_t156_aug_2.png,46640,0,0,0,30850,0.6614494,77490,0.743375004
fdd64983-ovo_51_t211.png,45498,0,0,0,38114,0.837707152,83612,0.889890272
fdd64983-ovo_51_t211_aug_0.png,45492,0,0,0,38120,0.83794953,83612,0.878925265
fdd64983-ovo_51_t211_aug_1.png,45498,0,0,0,38121,0.837861005,83619,0.812862397
fdd64983-ovo_51_t211_aug_2.png,45498,0,0,0,38114,0.837707152,83612,0.889890272
fdf033b6-ovo_43_t251.png,43976,0,0,0,38495,0.875363835,82471,0.877021115
fdf033b6-ovo_43_t251_aug_0.png,43978,0,0,0,38505,0.875551412,82483,0.776583701
fdf033b6-ovo_43_t251_aug_1.png,43967,0,0,0,38507,0.875815953,82474,0.753112742
fdf033b6-ovo_43_t251_aug_2.png,43976,0,0,0,38495,0.875363835,82471,0.877021115
fe036454-eovo_404_t1.png,102777,0,0,0,117437,1.142638917,220214,0.86490535
fe036454-eovo_404_t1_aug_0.png,102777,0,0,0,117437,1.142638917,220214,0.86490535
fe036454-eovo_404_t1_aug_1.png,102777,0,0,0,117437,1.142638917,220214,0.86490535
fe036454-eovo_404_t1_aug_2.png,102769,0,0,0,117449,1.142844632,220218,0.760772959
fe07c03e-ovo_04_t226.png,45704,0,0,0,33731,0.738031682,79435,0.867917428
fe07c03e-ovo_04_t226_aug_0.png,45704,0,0,0,33731,0.738031682,79435,0.867917428
fe07c03e-ovo_04_t226_aug_1.png,45706,0,0,0,33730,0.737977508,79436,0.768586771
fe07c03e-ovo_04_t226_aug_2.png,45704,0,0,0,33731,0.738031682,79435,0.867917428
fe91c6be-ovo_37_t46.png,45804,0,0,0,32949,0.719347655,78753,0.882866247
fe91c6be-ovo_37_t46_aug_0.png,45800,0,0,0,32957,0.719585153,78757,0.78962979
fe91c6be-ovo_37_t46_aug_1.png,45804,0,0,0,32949,0.719347655,78753,0.882866247
fe91c6be-ovo_37_t46_aug_2.png,45804,0,0,0,32949,0.719347655,78753,0.882866247
fed934ff-eovo_71_t1.png,0,0,0,0,220930,0,220930,0.868951268
fed934ff-eovo_71_t1_aug_0.png,0,0,0,0,220930,0,220930,0.868951268
fed934ff-eovo_71_t1_aug_1.png,0,0,0,0,220930,0,220930,0.868951268
fed934ff-eovo_71_t1_aug_2.png,0,0,0,0,220919,0,220919,0.746259837
ff19d012-eovo_27_t1.png,60,0,0,0,207259,3454.316667,207319,0.823926117
ff19d012-eovo_27_t1_aug_0.png,60,0,0,0,207259,3454.316667,207319,0.823926117
ff19d012-eovo_27_t1_aug_1.png,60,0,0,0,207258,3454.3,207318,0.728315656
ff19d012-eovo_27_t1_aug_2.png,59,0,0,0,207256,3512.813559,207315,0.775826996
ffacb006-ovo_29_t211.png,41739,0,0,0,31178,0.746975251,72917,0.872550202
ffacb006-ovo_29_t211_aug_0.png,41740,0,0,0,31181,0.747029229,72921,0.798535122
ffacb006-ovo_29_t211_aug_1.png,41739,0,0,0,31178,0.746975251,72917,0.872550202
ffacb006-ovo_29_t211_aug_2.png,41739,0,0,0,31179,0.746999209,72918,0.861565389
fff50bbd-ovo_31_t226.png,44942,0,0,0,24531,0.545836856,69473,0.876710911
fff50bbd-ovo_31_t226_aug_0.png,44942,0,0,0,24531,0.545836856,69473,0.876710911
fff50bbd-ovo_31_t226_aug_1.png,44942,0,0,0,24531,0.545836856,69473,0.876710911
fff50bbd-ovo_31_t226_aug_2.png,44938,0,0,0,24536,0.545996707,69474,0.858670699
